
> qa:politics
> npm run validate:politics && npm run build


> validate:politics
> node scripts/validate-politics-runtime.mjs && node scripts/validate-politics-repair-memory.mjs && node scripts/validate-politics-practice-parity.mjs

POLITICS_RUNTIME_QA_PASS
{"subjects":5,"chapters":53,"units":151,"sourceOwners":448,"questions":1156,"unresolvedSources":0,"unresolvedQuestions":0,"sourceRegistryRows":19528,"questionRows":1172,"chengfengPrimarySurface":"IPAD_MARGINNOTE_ORIGINAL_LECTURE","xiao1000PrimarySurface":"ASTRO_KIANOS_WEB"}
POLITICS_K03_PILOT_AUDIT
{"status":"PASS","owner":{"naturalUnitId":"POL27-CF-MARX-C02-K03","regionId":"POL27-REGION-PILOT-MARX-REG-01","frozenPilot":true,"questionCount":15,"questionIds":["X1000-MARX-M-026","X1000-MARX-M-027","X1000-MARX-M-028","X1000-MARX-M-029","X1000-MARX-M-030","X1000-MARX-M-035","X1000-MARX-M-045","X1000-MARX-M-046","X1000-MARX-M-047","X1000-MARX-M-048","X1000-MARX-M-049","X1000-MARX-M-074","X1000-MARX-S-028","X1000-MARX-S-029","X1000-MARX-S-039"]},"questionNodeEvidence":{"mappedQuestionCount":15,"nodeCount":4,"nodeEdgeCount":16,"multiNodeQuestions":["X1000-MARX-M-048"],"learnerState":"PENDING_ATTEMPT_EVIDENCE","emitsMasteryStates":false},"parentRegionOverlap":{"parentNaturalUnitId":"POL27-CF-MARX-C02-S01","sharedCount":4,"sharedQuestionIds":["X1000-MARX-M-026","X1000-MARX-M-035","X1000-MARX-M-047","X1000-MARX-M-048"],"k03OnlyCount":11},"resolvedQuestionRows":15,"missingQuestionRows":[]}
POLITICS_REPAIR_MEMORY_QA_PASS
{"memorySidecars":1,"repairSidecars":1}
POLITICS_REPAIR_MEMORY_QA_PASS
{"memorySidecars":1,"repairSidecars":1}
{
  "status": "PASS",
  "questionCount": 1148,
  "unitCount": 152,
  "activeQuestionOwnerCount": 1127,
  "activeQuestionOwnerDuplicateCount": 0,
  "referenceOnlyNaturalUnitCount": 9,
  "recoveredReferenceOnlyQuestionCount": 0,
  "unresolvedPracticeOwnerCount": 21,
  "admittedQuestionCount": 1127,
  "protectedUnownedQuestionCount": 21,
  "protectedQuestionIds": [
    "X1000-MAO-S-038",
    "X1000-MAO-S-039",
    "X1000-MAO-S-040",
    "X1000-MAO-M-005",
    "X1000-MAO-M-025",
    "X1000-MAO-M-039",
    "X1000-MAO-M-040",
    "X1000-MAO-M-045",
    "X1000-XI-S-053",
    "X1000-XI-S-086",
    "X1000-XI-M-008",
    "X1000-XI-M-061",
    "X1000-XI-M-111",
    "X1000-HISTORY-S-067",
    "X1000-HISTORY-S-108",
    "X1000-HISTORY-S-109",
    "X1000-HISTORY-S-110",
    "X1000-HISTORY-S-111",
    "X1000-HISTORY-M-061",
    "X1000-ETHICS-M-055",
    "X1000-ETHICS-M-056"
  ],
  "refinedExplanationStatus": "CURRENT_DERIVED_LEARNER_FACING_ASSET",
  "refinedExplanationContentVersion": "politics_xiao1000_learner_explanations_2026-09-14",
  "refinedReady": 1148,
  "learnerFacingOriginalExplanation": false,
  "legacyStyleQuestionMapRemoved": true,
  "dueSchedulerUiResurrected": false
}

> build
> astro build

23:44:26 [content] Syncing content
23:44:26 [content] Synced content
23:44:26 [types] Generated 25ms
23:44:26 [build] output: "static"
23:44:26 [build] mode: "static"
23:44:26 [build] directory: /Users/ben/KianOSBeta-issue117/static-web/dist/
23:44:26 [build] Collecting build info...
23:44:26 [build] ✓ Completed in 44ms.
23:44:27 [build] Building static entrypoints...
23:44:29 [vite] ✓ built in 1.45s
23:44:29 [build] ✓ Completed in 1.49s.

 building client (vite) 
23:44:29 [vite] transforming...
23:44:29 [vite] ✓ 58 modules transformed.
23:44:29 [vite] rendering chunks...
23:44:29 [vite] computing gzip size...
23:44:29 [vite] dist/_astro/PoliticsPracticeWorkbench.astro_astro_type_script_index_0_lang.vtI4UDzW.js    0.15 kB │ gzip: 0.14 kB
23:44:29 [vite] dist/_astro/PoliticsPracticeBridge.astro_astro_type_script_index_0_lang.B1xVRDvr.js       1.81 kB │ gzip: 1.05 kB
23:44:29 [vite] dist/_astro/politicsUnitReturn.CSJo_KEz.js                                                2.51 kB │ gzip: 1.08 kB
23:44:29 [vite] dist/_astro/ClozeWorkspace.astro_astro_type_script_index_0_lang.BS4GeV96.js               4.30 kB │ gzip: 1.59 kB
23:44:29 [vite] dist/_astro/VocabularyWordRuntime.astro_astro_type_script_index_0_lang.ByE9rf2c.js        4.77 kB │ gzip: 1.92 kB
23:44:29 [vite] dist/_astro/ReadingBWorkspace.astro_astro_type_script_index_0_lang.DTvpXIbV.js            5.39 kB │ gzip: 2.26 kB
23:44:29 [vite] dist/_astro/XizongSystemRepairReturn.astro_astro_type_script_index_0_lang.CQebkq70.js     5.49 kB │ gzip: 2.60 kB
23:44:29 [vite] dist/_astro/VocabularyHome.astro_astro_type_script_index_0_lang.tGDGaQ9S.js               5.68 kB │ gzip: 2.34 kB
23:44:29 [vite] dist/_astro/TranslationReferenceLoader.astro_astro_type_script_index_0_lang.CCrDvlle.js   5.70 kB │ gzip: 2.83 kB
23:44:29 [vite] dist/_astro/XizongMemoryReview.astro_astro_type_script_index_0_lang.DCHAwJvf.js           6.03 kB │ gzip: 2.28 kB
23:44:29 [vite] dist/_astro/ReadingPassageHandoff.astro_astro_type_script_index_0_lang.BVXkTJ12.js        6.99 kB │ gzip: 3.24 kB
23:44:29 [vite] dist/_astro/XizongBlockRuntime.astro_astro_type_script_index_0_lang.Dd8Kb7Wd.js           7.93 kB │ gzip: 2.53 kB
23:44:29 [vite] dist/_astro/ObjectiveHandoff.astro_astro_type_script_index_0_lang.y2rbc6Cx.js             8.21 kB │ gzip: 3.54 kB
23:44:29 [vite] dist/_astro/VocabularyChallengeRuntime.astro_astro_type_script_index_0_lang.BPGU9GF7.js   8.50 kB │ gzip: 3.15 kB
23:44:29 [vite] dist/_astro/ObjectiveTransferClaims.astro_astro_type_script_index_0_lang.Cf8_G0r-.js      9.41 kB │ gzip: 3.64 kB
23:44:29 [vite] dist/_astro/XizongSystemExitRuntime.astro_astro_type_script_index_0_lang.DcSOOooc.js      9.49 kB │ gzip: 3.67 kB
23:44:29 [vite] dist/_astro/XizongMemoryReviewV6.astro_astro_type_script_index_0_lang.ChULgrqx.js        10.76 kB │ gzip: 4.25 kB
23:44:29 [vite] dist/_astro/PoliticsUnitReturnEnhancer.astro_astro_type_script_index_0_lang.DfVxHhAn.js  12.65 kB │ gzip: 4.51 kB
23:44:29 [vite] dist/_astro/WritingEvidencePanel.astro_astro_type_script_index_0_lang.CrWbB1Ud.js        13.00 kB │ gzip: 4.67 kB
23:44:29 [vite] dist/_astro/ReadingWorkspace.astro_astro_type_script_index_0_lang.DWbEOR7q.js            14.17 kB │ gzip: 4.85 kB
23:44:29 [vite] dist/_astro/WritingWorkspace.astro_astro_type_script_index_0_lang.BA_l2KhW.js            19.47 kB │ gzip: 5.66 kB
23:44:29 [vite] dist/_astro/politicsPracticeClient.DGIPJ2u9.js                                           20.63 kB │ gzip: 7.63 kB
23:44:29 [vite] dist/_astro/TranslationWorkspace.astro_astro_type_script_index_0_lang.B2DIeISk.js        21.19 kB │ gzip: 7.17 kB
23:44:29 [vite] ✓ built in 395ms

 generating static routes 
23:44:29 ▶ src/pages/answer.astro
23:44:29   └─ /answer/index.html (+16ms) 
23:44:29 ▶ src/pages/b1.astro
23:44:29   └─ /b1/index.html (+42ms) 
23:44:29 λ src/pages/cloze-answer/[id].json.js
23:44:29   ├─ /cloze-answer/english1-2000-cloze-main.json/ (+2ms) 
23:44:29   ├─ /cloze-answer/english1-2001-cloze-main.json/ (+1ms) 
23:44:29   ├─ /cloze-answer/english1-2002-cloze-main.json/ (+1ms) 
23:44:29   ├─ /cloze-answer/english1-2003-cloze-main.json/ (+1ms) 
23:44:29   ├─ /cloze-answer/english1-2004-cloze-main.json/ (+1ms) 
23:44:29   ├─ /cloze-answer/english1-2005-cloze-main.json/ (+1ms) 
23:44:29   ├─ /cloze-answer/english1-2006-cloze-main.json/ (+1ms) 
23:44:29   ├─ /cloze-answer/english1-2007-cloze-main.json/ (+1ms) 
23:44:29   ├─ /cloze-answer/english1-2008-cloze-main.json/ (+1ms) 
23:44:29   ├─ /cloze-answer/english1-2009-cloze-main.json/ (+1ms) 
23:44:29   ├─ /cloze-answer/english1-2010-cloze-main.json/ (+0ms) 
23:44:29   ├─ /cloze-answer/english1-2011-cloze-main.json/ (+0ms) 
23:44:29   ├─ /cloze-answer/english1-2012-cloze-main.json/ (+0ms) 
23:44:29   ├─ /cloze-answer/english1-2013-cloze-main.json/ (+0ms) 
23:44:29   ├─ /cloze-answer/english1-2014-cloze-main.json/ (+0ms) 
23:44:29   ├─ /cloze-answer/english1-2015-cloze-main.json/ (+0ms) 
23:44:29   ├─ /cloze-answer/english1-2016-cloze-main.json/ (+0ms) 
23:44:29   ├─ /cloze-answer/english1-2017-cloze-main.json/ (+0ms) 
23:44:29   ├─ /cloze-answer/english1-2018-cloze-main.json/ (+0ms) 
23:44:29   ├─ /cloze-answer/english1-2019-cloze-main.json/ (+0ms) 
23:44:29   ├─ /cloze-answer/english1-2020-cloze-main.json/ (+0ms) 
23:44:29   ├─ /cloze-answer/english1-2021-cloze-main.json/ (+0ms) 
23:44:29   ├─ /cloze-answer/english1-2022-cloze-main.json/ (+0ms) 
23:44:29   ├─ /cloze-answer/english1-2023-cloze-main.json/ (+0ms) 
23:44:29   ├─ /cloze-answer/english1-2024-cloze-main.json/ (+0ms) 
23:44:29   ├─ /cloze-answer/english1-2025-cloze-main.json/ (+0ms) 
23:44:29   └─ /cloze-answer/english1-2026-cloze-main.json/ (+0ms) 
23:44:29 ▶ src/pages/cloze/[id].astro
23:44:29   ├─ /cloze/english1-2000-cloze-main/index.html (+5ms) 
23:44:29   ├─ /cloze/english1-2001-cloze-main/index.html (+2ms) 
23:44:29   ├─ /cloze/english1-2002-cloze-main/index.html (+2ms) 
23:44:29   ├─ /cloze/english1-2003-cloze-main/index.html (+2ms) 
23:44:29   ├─ /cloze/english1-2004-cloze-main/index.html (+2ms) 
23:44:29   ├─ /cloze/english1-2005-cloze-main/index.html (+1ms) 
23:44:29   ├─ /cloze/english1-2006-cloze-main/index.html (+2ms) 
23:44:29   ├─ /cloze/english1-2007-cloze-main/index.html (+1ms) 
23:44:29   ├─ /cloze/english1-2008-cloze-main/index.html (+3ms) 
23:44:29   ├─ /cloze/english1-2009-cloze-main/index.html (+11ms) 
23:44:29   ├─ /cloze/english1-2010-cloze-main/index.html (+7ms) 
23:44:29   ├─ /cloze/english1-2011-cloze-main/index.html (+21ms) 
23:44:29   ├─ /cloze/english1-2012-cloze-main/index.html (+2ms) 
23:44:29   ├─ /cloze/english1-2013-cloze-main/index.html (+1ms) 
23:44:29   ├─ /cloze/english1-2014-cloze-main/index.html (+1ms) 
23:44:29   ├─ /cloze/english1-2015-cloze-main/index.html (+2ms) 
23:44:29   ├─ /cloze/english1-2016-cloze-main/index.html (+1ms) 
23:44:29   ├─ /cloze/english1-2017-cloze-main/index.html (+2ms) 
23:44:29   ├─ /cloze/english1-2018-cloze-main/index.html (+1ms) 
23:44:29   ├─ /cloze/english1-2019-cloze-main/index.html (+1ms) 
23:44:29   ├─ /cloze/english1-2020-cloze-main/index.html (+1ms) 
23:44:29   ├─ /cloze/english1-2021-cloze-main/index.html (+2ms) 
23:44:29   ├─ /cloze/english1-2022-cloze-main/index.html (+2ms) 
23:44:29   ├─ /cloze/english1-2023-cloze-main/index.html (+1ms) 
23:44:29   ├─ /cloze/english1-2024-cloze-main/index.html (+1ms) 
23:44:29   ├─ /cloze/english1-2025-cloze-main/index.html (+1ms) 
23:44:29   └─ /cloze/english1-2026-cloze-main/index.html (+1ms) 
23:44:29 ▶ src/pages/cloze.astro
23:44:29   └─ /cloze/index.html (+1ms) 
23:44:29 ▶ src/pages/current.astro
23:44:29   └─ /current/index.html (+42ms) 
23:44:29 ▶ src/pages/english.astro
23:44:29   └─ /english/index.html (+5ms) 
23:44:29 ▶ src/pages/index.astro
23:44:29   └─ /index.html (+13ms) 
23:44:29 ▶ src/pages/lexical-validation-02.astro
23:44:29   └─ /lexical-validation-02/index.html (+21ms) 
23:44:29 ▶ src/pages/lexical-validation-03.astro
23:44:29   └─ /lexical-validation-03/index.html (+10ms) 
23:44:29 ▶ src/pages/lexical-validation-04.astro
23:44:29   └─ /lexical-validation-04/index.html (+4ms) 
23:44:29 ▶ src/pages/lexical-validation.astro
23:44:29   └─ /lexical-validation/index.html (+5ms) 
23:44:29 ▶ src/pages/objective-learn.astro
23:44:29   └─ /objective-learn/index.html (+5ms) 
23:44:29 ▶ src/pages/politics/[subject]/[chapter].astro
23:44:29   ├─ /politics/marxism/ch00/index.html (+13ms) 
23:44:29   ├─ /politics/marxism/ch01/index.html (+9ms) 
23:44:29   ├─ /politics/marxism/ch02/index.html (+10ms) 
23:44:29   ├─ /politics/marxism/ch03/index.html (+7ms) 
23:44:29   ├─ /politics/marxism/ch04/index.html (+9ms) 
23:44:29   ├─ /politics/marxism/ch05/index.html (+13ms) 
23:44:29   ├─ /politics/marxism/ch06/index.html (+5ms) 
23:44:29   ├─ /politics/marxism/ch07/index.html (+3ms) 
23:44:29   ├─ /politics/marxism/ch08/index.html (+1ms) 
23:44:29   ├─ /politics/history/ch01/index.html (+5ms) 
23:44:29   ├─ /politics/history/ch02/index.html (+3ms) 
23:44:29   ├─ /politics/history/ch03/index.html (+9ms) 
23:44:29   ├─ /politics/history/ch04/index.html (+7ms) 
23:44:29   ├─ /politics/history/ch05/index.html (+3ms) 
23:44:29   ├─ /politics/history/ch06/index.html (+6ms) 
23:44:29   ├─ /politics/history/ch07/index.html (+3ms) 
23:44:29   ├─ /politics/history/ch08/index.html (+5ms) 
23:44:29   ├─ /politics/history/ch09/index.html (+2ms) 
23:44:29   ├─ /politics/history/ch10/index.html (+1ms) 
23:44:29   ├─ /politics/mao/ch00/index.html (+3ms) 
23:44:29   ├─ /politics/mao/ch01/index.html (+2ms) 
23:44:29   ├─ /politics/mao/ch02/index.html (+4ms) 
23:44:29   ├─ /politics/mao/ch03/index.html (+3ms) 
23:44:29   ├─ /politics/mao/ch04/index.html (+7ms) 
23:44:29   ├─ /politics/mao/ch05/index.html (+1ms) 
23:44:29   ├─ /politics/mao/ch06/index.html (+3ms) 
23:44:29   ├─ /politics/mao/ch07/index.html (+1ms) 
23:44:29   ├─ /politics/mao/ch08/index.html (+1ms) 
23:44:29   ├─ /politics/xi/ch00/index.html (+3ms) 
23:44:29   ├─ /politics/xi/ch01/index.html (+2ms) 
23:44:29   ├─ /politics/xi/ch02/index.html (+2ms) 
23:44:29   ├─ /politics/xi/ch03/index.html (+2ms) 
23:44:29   ├─ /politics/xi/ch04/index.html (+2ms) 
23:44:29   ├─ /politics/xi/ch05/index.html (+2ms) 
23:44:30   ├─ /politics/xi/ch06/index.html (+5ms) 
23:44:30   ├─ /politics/xi/ch07/index.html (+3ms) 
23:44:30   ├─ /politics/xi/ch08/index.html (+3ms) 
23:44:30   ├─ /politics/xi/ch09/index.html (+5ms) 
23:44:30   ├─ /politics/xi/ch10/index.html (+2ms) 
23:44:30   ├─ /politics/xi/ch11/index.html (+2ms) 
23:44:30   ├─ /politics/xi/ch12/index.html (+2ms) 
23:44:30   ├─ /politics/xi/ch13/index.html (+2ms) 
23:44:30   ├─ /politics/xi/ch14/index.html (+2ms) 
23:44:30   ├─ /politics/xi/ch15/index.html (+1ms) 
23:44:30   ├─ /politics/xi/ch16/index.html (+1ms) 
23:44:30   ├─ /politics/xi/ch17/index.html (+1ms) 
23:44:30   ├─ /politics/ethics_law/ch00/index.html (+2ms) 
23:44:30   ├─ /politics/ethics_law/ch01/index.html (+2ms) 
23:44:30   ├─ /politics/ethics_law/ch02/index.html (+2ms) 
23:44:30   ├─ /politics/ethics_law/ch03/index.html (+3ms) 
23:44:30   ├─ /politics/ethics_law/ch04/index.html (+4ms) 
23:44:30   ├─ /politics/ethics_law/ch05/index.html (+5ms) 
23:44:30   └─ /politics/ethics_law/ch06/index.html (+6ms) 
23:44:30 ▶ src/pages/politics/index.astro
23:44:30   └─ /politics/index.html (+5ms) 
23:44:30 λ src/pages/politics/practice-review/[id].json.ts
23:44:30   ├─ /politics/practice-review/X1000-MARX-S-001.json/ (+1ms) 
23:44:30   ├─ /politics/practice-review/X1000-MARX-S-002.json/ (+0ms) 
23:44:30   ├─ /politics/practice-review/X1000-MARX-S-003.json/ (+0ms) 
23:44:30   ├─ /politics/practice-review/X1000-MARX-S-004.json/ (+0ms) 
23:44:30   ├─ /politics/practice-review/X1000-MARX-S-005.json/ (+0ms) 
23:44:30   ├─ /politics/practice-review/X1000-MARX-S-006.json/ (+0ms) 
23:44:30   ├─ /politics/practice-review/X1000-MARX-S-007.json/ (+0ms) 
23:44:30   ├─ /politics/practice-review/X1000-MARX-S-008.json/ (+0ms) 
23:44:30   ├─ /politics/practice-review/X1000-MARX-S-009.json/ (+0ms) 
23:44:30   ├─ /politics/practice-review/X1000-MARX-S-010.json/ (+0ms) 
23:44:30   ├─ /politics/practice-review/X1000-MARX-S-011.json/ (+0ms) 
23:44:30   ├─ /politics/practice-review/X1000-MARX-S-012.json/ (+0ms) 
23:44:30   ├─ /politics/practice-review/X1000-MARX-S-013.json/ (+0ms) 
23:44:30   ├─ /politics/practice-review/X1000-MARX-S-014.json/ (+0ms) 
23:44:30   ├─ /politics/practice-review/X1000-MARX-S-015.json/ (+0ms) 
23:44:30   ├─ /politics/practice-review/X1000-MARX-S-016.json/ (+0ms) 
23:44:30   ├─ /politics/practice-review/X1000-MARX-S-017.json/ (+0ms) 
23:44:30   ├─ /politics/practice-review/X1000-MARX-S-018.json/ (+0ms) 
23:44:30   ├─ /politics/practice-review/X1000-MARX-S-019.json/ (+0ms) 
23:44:30   ├─ /politics/practice-review/X1000-MARX-S-020.json/ (+0ms) 
23:44:30   ├─ /politics/practice-review/X1000-MARX-S-021.json/ (+0ms) 
23:44:30   ├─ /politics/practice-review/X1000-MARX-S-022.json/ (+0ms) 
23:44:30   ├─ /politics/practice-review/X1000-MARX-S-023.json/ (+0ms) 
23:44:30   ├─ /politics/practice-review/X1000-MARX-S-024.json/ (+0ms) 
23:44:30   ├─ /politics/practice-review/X1000-MARX-S-025.json/ (+0ms) 
23:44:30   ├─ /politics/practice-review/X1000-MARX-S-026.json/ (+0ms) 
23:44:30   ├─ /politics/practice-review/X1000-MARX-S-027.json/ (+0ms) 
23:44:30   ├─ /politics/practice-review/X1000-MARX-S-028.json/ (+0ms) 
23:44:30   ├─ /politics/practice-review/X1000-MARX-S-029.json/ (+0ms) 
23:44:30   ├─ /politics/practice-review/X1000-MARX-S-030.json/ (+0ms) 
23:44:30   ├─ /politics/practice-review/X1000-MARX-S-031.json/ (+0ms) 
23:44:30   ├─ /politics/practice-review/X1000-MARX-S-032.json/ (+0ms) 
23:44:30   ├─ /politics/practice-review/X1000-MARX-S-033.json/ (+0ms) 
23:44:30   ├─ /politics/practice-review/X1000-MARX-S-034.json/ (+0ms) 
23:44:30   ├─ /politics/practice-review/X1000-MARX-S-035.json/ (+0ms) 
23:44:30   ├─ /politics/practice-review/X1000-MARX-S-036.json/ (+0ms) 
23:44:30   ├─ /politics/practice-review/X1000-MARX-S-037.json/ (+0ms) 
23:44:30   ├─ /politics/practice-review/X1000-MARX-S-038.json/ (+0ms) 
23:44:30   ├─ /politics/practice-review/X1000-MARX-S-039.json/ (+0ms) 
23:44:30   ├─ /politics/practice-review/X1000-MARX-S-040.json/ (+0ms) 
23:44:30   ├─ /politics/practice-review/X1000-MARX-S-041.json/ (+0ms) 
23:44:30   ├─ /politics/practice-review/X1000-MARX-S-042.json/ (+0ms) 
23:44:30   ├─ /politics/practice-review/X1000-MARX-S-043.json/ (+0ms) 
23:44:30   ├─ /politics/practice-review/X1000-MARX-S-044.json/ (+0ms) 
23:44:30   ├─ /politics/practice-review/X1000-MARX-S-045.json/ (+0ms) 
23:44:30   ├─ /politics/practice-review/X1000-MARX-S-046.json/ (+0ms) 
23:44:30   ├─ /politics/practice-review/X1000-MARX-S-047.json/ (+0ms) 
23:44:30   ├─ /politics/practice-review/X1000-MARX-S-048.json/ (+0ms) 
23:44:30   ├─ /politics/practice-review/X1000-MARX-S-049.json/ (+0ms) 
23:44:30   ├─ /politics/practice-review/X1000-MARX-S-050.json/ (+0ms) 
23:44:30   ├─ /politics/practice-review/X1000-MARX-S-051.json/ (+0ms) 
23:44:30   ├─ /politics/practice-review/X1000-MARX-S-052.json/ (+0ms) 
23:44:30   ├─ /politics/practice-review/X1000-MARX-S-053.json/ (+0ms) 
23:44:30   ├─ /politics/practice-review/X1000-MARX-S-054.json/ (+0ms) 
23:44:30   ├─ /politics/practice-review/X1000-MARX-S-055.json/ (+0ms) 
23:44:30   ├─ /politics/practice-review/X1000-MARX-S-056.json/ (+0ms) 
23:44:30   ├─ /politics/practice-review/X1000-MARX-S-057.json/ (+0ms) 
23:44:30   ├─ /politics/practice-review/X1000-MARX-S-058.json/ (+0ms) 
23:44:30   ├─ /politics/practice-review/X1000-MARX-S-059.json/ (+0ms) 
23:44:30   ├─ /politics/practice-review/X1000-MARX-S-060.json/ (+0ms) 
23:44:30   ├─ /politics/practice-review/X1000-MARX-S-061.json/ (+0ms) 
23:44:30   ├─ /politics/practice-review/X1000-MARX-S-062.json/ (+0ms) 
23:44:30   ├─ /politics/practice-review/X1000-MARX-S-063.json/ (+0ms) 
23:44:30   ├─ /politics/practice-review/X1000-MARX-S-064.json/ (+0ms) 
23:44:30   ├─ /politics/practice-review/X1000-MARX-S-065.json/ (+0ms) 
23:44:30   ├─ /politics/practice-review/X1000-MARX-S-066.json/ (+0ms) 
23:44:30   ├─ /politics/practice-review/X1000-MARX-S-067.json/ (+0ms) 
23:44:30   ├─ /politics/practice-review/X1000-MARX-S-068.json/ (+0ms) 
23:44:30   ├─ /politics/practice-review/X1000-MARX-S-069.json/ (+0ms) 
23:44:30   ├─ /politics/practice-review/X1000-MARX-S-070.json/ (+0ms) 
23:44:30   ├─ /politics/practice-review/X1000-MARX-S-071.json/ (+0ms) 
23:44:30   ├─ /politics/practice-review/X1000-MARX-S-072.json/ (+0ms) 
23:44:30   ├─ /politics/practice-review/X1000-MARX-S-073.json/ (+0ms) 
23:44:30   ├─ /politics/practice-review/X1000-MARX-S-074.json/ (+0ms) 
23:44:30   ├─ /politics/practice-review/X1000-MARX-S-075.json/ (+0ms) 
23:44:30   ├─ /politics/practice-review/X1000-MARX-S-076.json/ (+0ms) 
23:44:30   ├─ /politics/practice-review/X1000-MARX-S-077.json/ (+0ms) 
23:44:30   ├─ /politics/practice-review/X1000-MARX-S-078.json/ (+0ms) 
23:44:30   ├─ /politics/practice-review/X1000-MARX-S-079.json/ (+0ms) 
23:44:30   ├─ /politics/practice-review/X1000-MARX-S-080.json/ (+0ms) 
23:44:30   ├─ /politics/practice-review/X1000-MARX-S-081.json/ (+0ms) 
23:44:30   ├─ /politics/practice-review/X1000-MARX-S-082.json/ (+0ms) 
23:44:30   ├─ /politics/practice-review/X1000-MARX-S-083.json/ (+0ms) 
23:44:30   ├─ /politics/practice-review/X1000-MARX-S-084.json/ (+0ms) 
23:44:30   ├─ /politics/practice-review/X1000-MARX-S-085.json/ (+0ms) 
23:44:30   ├─ /politics/practice-review/X1000-MARX-S-086.json/ (+0ms) 
23:44:30   ├─ /politics/practice-review/X1000-MARX-S-087.json/ (+0ms) 
23:44:30   ├─ /politics/practice-review/X1000-MARX-S-088.json/ (+0ms) 
23:44:30   ├─ /politics/practice-review/X1000-MARX-S-089.json/ (+0ms) 
23:44:30   ├─ /politics/practice-review/X1000-MARX-S-090.json/ (+0ms) 
23:44:30   ├─ /politics/practice-review/X1000-MARX-S-091.json/ (+0ms) 
23:44:30   ├─ /politics/practice-review/X1000-MARX-S-092.json/ (+0ms) 
23:44:30   ├─ /politics/practice-review/X1000-MARX-S-093.json/ (+0ms) 
23:44:30   ├─ /politics/practice-review/X1000-MARX-S-094.json/ (+0ms) 
23:44:30   ├─ /politics/practice-review/X1000-MARX-S-095.json/ (+0ms) 
23:44:30   ├─ /politics/practice-review/X1000-MARX-S-096.json/ (+0ms) 
23:44:30   ├─ /politics/practice-review/X1000-MARX-S-097.json/ (+0ms) 
23:44:30   ├─ /politics/practice-review/X1000-MARX-S-098.json/ (+0ms) 
23:44:30   ├─ /politics/practice-review/X1000-MARX-S-099.json/ (+0ms) 
23:44:30   ├─ /politics/practice-review/X1000-MARX-S-100.json/ (+0ms) 
23:44:30   ├─ /politics/practice-review/X1000-MARX-S-101.json/ (+1ms) 
23:44:30   ├─ /politics/practice-review/X1000-MARX-S-102.json/ (+0ms) 
23:44:30   ├─ /politics/practice-review/X1000-MARX-S-103.json/ (+0ms) 
23:44:30   ├─ /politics/practice-review/X1000-MARX-S-104.json/ (+0ms) 
23:44:30   ├─ /politics/practice-review/X1000-MARX-S-105.json/ (+0ms) 
23:44:30   ├─ /politics/practice-review/X1000-MARX-S-106.json/ (+0ms) 
23:44:30   ├─ /politics/practice-review/X1000-MARX-S-107.json/ (+0ms) 
23:44:30   ├─ /politics/practice-review/X1000-MARX-S-108.json/ (+0ms) 
23:44:30   ├─ /politics/practice-review/X1000-MARX-S-109.json/ (+1ms) 
23:44:30   ├─ /politics/practice-review/X1000-MARX-S-110.json/ (+0ms) 
23:44:30   ├─ /politics/practice-review/X1000-MARX-S-111.json/ (+0ms) 
23:44:30   ├─ /politics/practice-review/X1000-MARX-S-112.json/ (+0ms) 
23:44:30   ├─ /politics/practice-review/X1000-MARX-S-113.json/ (+0ms) 
23:44:30   ├─ /politics/practice-review/X1000-MARX-S-114.json/ (+0ms) 
23:44:30   ├─ /politics/practice-review/X1000-MARX-S-115.json/ (+0ms) 
23:44:30   ├─ /politics/practice-review/X1000-MARX-S-116.json/ (+0ms) 
23:44:30   ├─ /politics/practice-review/X1000-MARX-S-117.json/ (+0ms) 
23:44:30   ├─ /politics/practice-review/X1000-MARX-S-118.json/ (+0ms) 
23:44:30   ├─ /politics/practice-review/X1000-MARX-S-119.json/ (+0ms) 
23:44:30   ├─ /politics/practice-review/X1000-MARX-S-120.json/ (+0ms) 
23:44:30   ├─ /politics/practice-review/X1000-MARX-S-121.json/ (+0ms) 
23:44:30   ├─ /politics/practice-review/X1000-MARX-S-122.json/ (+0ms) 
23:44:30   ├─ /politics/practice-review/X1000-MARX-S-123.json/ (+0ms) 
23:44:30   ├─ /politics/practice-review/X1000-MARX-S-124.json/ (+0ms) 
23:44:30   ├─ /politics/practice-review/X1000-MARX-S-125.json/ (+0ms) 
23:44:30   ├─ /politics/practice-review/X1000-MARX-S-126.json/ (+0ms) 
23:44:30   ├─ /politics/practice-review/X1000-MARX-S-127.json/ (+0ms) 
23:44:30   ├─ /politics/practice-review/X1000-MARX-S-128.json/ (+0ms) 
23:44:30   ├─ /politics/practice-review/X1000-MARX-S-129.json/ (+0ms) 
23:44:30   ├─ /politics/practice-review/X1000-MARX-S-130.json/ (+0ms) 
23:44:30   ├─ /politics/practice-review/X1000-MARX-S-131.json/ (+0ms) 
23:44:30   ├─ /politics/practice-review/X1000-MARX-S-132.json/ (+0ms) 
23:44:30   ├─ /politics/practice-review/X1000-MARX-S-133.json/ (+0ms) 
23:44:30   ├─ /politics/practice-review/X1000-MARX-S-134.json/ (+0ms) 
23:44:30   ├─ /politics/practice-review/X1000-MARX-S-135.json/ (+0ms) 
23:44:30   ├─ /politics/practice-review/X1000-MARX-S-136.json/ (+1ms) 
23:44:30   ├─ /politics/practice-review/X1000-MARX-S-137.json/ (+0ms) 
23:44:30   ├─ /politics/practice-review/X1000-MARX-S-138.json/ (+0ms) 
23:44:30   ├─ /politics/practice-review/X1000-MARX-S-139.json/ (+0ms) 
23:44:30   ├─ /politics/practice-review/X1000-MARX-S-140.json/ (+0ms) 
23:44:30   ├─ /politics/practice-review/X1000-MARX-S-141.json/ (+0ms) 
23:44:30   ├─ /politics/practice-review/X1000-MARX-S-142.json/ (+0ms) 
23:44:30   ├─ /politics/practice-review/X1000-MARX-S-143.json/ (+0ms) 
23:44:30   ├─ /politics/practice-review/X1000-MARX-S-144.json/ (+0ms) 
23:44:30   ├─ /politics/practice-review/X1000-MARX-S-145.json/ (+0ms) 
23:44:30   ├─ /politics/practice-review/X1000-MARX-S-146.json/ (+0ms) 
23:44:30   ├─ /politics/practice-review/X1000-MARX-S-147.json/ (+0ms) 
23:44:30   ├─ /politics/practice-review/X1000-MARX-S-148.json/ (+0ms) 
23:44:30   ├─ /politics/practice-review/X1000-MARX-S-149.json/ (+0ms) 
23:44:30   ├─ /politics/practice-review/X1000-MARX-S-150.json/ (+0ms) 
23:44:30   ├─ /politics/practice-review/X1000-MARX-S-151.json/ (+0ms) 
23:44:30   ├─ /politics/practice-review/X1000-MARX-S-152.json/ (+0ms) 
23:44:30   ├─ /politics/practice-review/X1000-MARX-S-153.json/ (+0ms) 
23:44:30   ├─ /politics/practice-review/X1000-MARX-S-154.json/ (+0ms) 
23:44:30   ├─ /politics/practice-review/X1000-MARX-S-155.json/ (+0ms) 
23:44:30   ├─ /politics/practice-review/X1000-MARX-S-156.json/ (+0ms) 
23:44:30   ├─ /politics/practice-review/X1000-MARX-S-157.json/ (+0ms) 
23:44:30   ├─ /politics/practice-review/X1000-MARX-S-158.json/ (+0ms) 
23:44:30   ├─ /politics/practice-review/X1000-MARX-S-159.json/ (+0ms) 
23:44:30   ├─ /politics/practice-review/X1000-MARX-S-160.json/ (+0ms) 
23:44:30   ├─ /politics/practice-review/X1000-MARX-S-161.json/ (+0ms) 
23:44:30   ├─ /politics/practice-review/X1000-MARX-S-162.json/ (+0ms) 
23:44:30   ├─ /politics/practice-review/X1000-MARX-S-163.json/ (+0ms) 
23:44:30   ├─ /politics/practice-review/X1000-MARX-S-164.json/ (+0ms) 
23:44:30   ├─ /politics/practice-review/X1000-MARX-S-165.json/ (+0ms) 
23:44:30   ├─ /politics/practice-review/X1000-MARX-S-166.json/ (+0ms) 
23:44:30   ├─ /politics/practice-review/X1000-MARX-S-167.json/ (+0ms) 
23:44:30   ├─ /politics/practice-review/X1000-MARX-S-168.json/ (+0ms) 
23:44:30   ├─ /politics/practice-review/X1000-MARX-S-169.json/ (+0ms) 
23:44:30   ├─ /politics/practice-review/X1000-MARX-S-170.json/ (+0ms) 
23:44:30   ├─ /politics/practice-review/X1000-MARX-S-171.json/ (+0ms) 
23:44:30   ├─ /politics/practice-review/X1000-MARX-S-172.json/ (+0ms) 
23:44:30   ├─ /politics/practice-review/X1000-MARX-S-173.json/ (+0ms) 
23:44:30   ├─ /politics/practice-review/X1000-MARX-S-174.json/ (+0ms) 
23:44:30   ├─ /politics/practice-review/X1000-MARX-S-175.json/ (+0ms) 
23:44:30   ├─ /politics/practice-review/X1000-MARX-S-176.json/ (+0ms) 
23:44:30   ├─ /politics/practice-review/X1000-MARX-S-177.json/ (+0ms) 
23:44:30   ├─ /politics/practice-review/X1000-MARX-S-178.json/ (+0ms) 
23:44:30   ├─ /politics/practice-review/X1000-MARX-S-179.json/ (+0ms) 
23:44:30   ├─ /politics/practice-review/X1000-MARX-S-180.json/ (+0ms) 
23:44:30   ├─ /politics/practice-review/X1000-MARX-S-181.json/ (+0ms) 
23:44:30   ├─ /politics/practice-review/X1000-MARX-S-182.json/ (+0ms) 
23:44:30   ├─ /politics/practice-review/X1000-MARX-S-183.json/ (+0ms) 
23:44:30   ├─ /politics/practice-review/X1000-MARX-S-184.json/ (+0ms) 
23:44:30   ├─ /politics/practice-review/X1000-MARX-M-001.json/ (+0ms) 
23:44:30   ├─ /politics/practice-review/X1000-MARX-M-002.json/ (+0ms) 
23:44:30   ├─ /politics/practice-review/X1000-MARX-M-003.json/ (+0ms) 
23:44:30   ├─ /politics/practice-review/X1000-MARX-M-004.json/ (+0ms) 
23:44:30   ├─ /politics/practice-review/X1000-MARX-M-005.json/ (+0ms) 
23:44:30   ├─ /politics/practice-review/X1000-MARX-M-006.json/ (+0ms) 
23:44:30   ├─ /politics/practice-review/X1000-MARX-M-007.json/ (+0ms) 
23:44:30   ├─ /politics/practice-review/X1000-MARX-M-008.json/ (+0ms) 
23:44:30   ├─ /politics/practice-review/X1000-MARX-M-009.json/ (+0ms) 
23:44:30   ├─ /politics/practice-review/X1000-MARX-M-010.json/ (+0ms) 
23:44:30   ├─ /politics/practice-review/X1000-MARX-M-011.json/ (+0ms) 
23:44:30   ├─ /politics/practice-review/X1000-MARX-M-012.json/ (+0ms) 
23:44:30   ├─ /politics/practice-review/X1000-MARX-M-013.json/ (+0ms) 
23:44:30   ├─ /politics/practice-review/X1000-MARX-M-014.json/ (+0ms) 
23:44:30   ├─ /politics/practice-review/X1000-MARX-M-015.json/ (+0ms) 
23:44:30   ├─ /politics/practice-review/X1000-MARX-M-016.json/ (+0ms) 
23:44:30   ├─ /politics/practice-review/X1000-MARX-M-017.json/ (+0ms) 
23:44:30   ├─ /politics/practice-review/X1000-MARX-M-018.json/ (+0ms) 
23:44:30   ├─ /politics/practice-review/X1000-MARX-M-019.json/ (+0ms) 
23:44:30   ├─ /politics/practice-review/X1000-MARX-M-020.json/ (+0ms) 
23:44:30   ├─ /politics/practice-review/X1000-MARX-M-021.json/ (+0ms) 
23:44:30   ├─ /politics/practice-review/X1000-MARX-M-022.json/ (+0ms) 
23:44:30   ├─ /politics/practice-review/X1000-MARX-M-023.json/ (+0ms) 
23:44:30   ├─ /politics/practice-review/X1000-MARX-M-024.json/ (+0ms) 
23:44:30   ├─ /politics/practice-review/X1000-MARX-M-025.json/ (+0ms) 
23:44:30   ├─ /politics/practice-review/X1000-MARX-M-026.json/ (+0ms) 
23:44:30   ├─ /politics/practice-review/X1000-MARX-M-027.json/ (+0ms) 
23:44:30   ├─ /politics/practice-review/X1000-MARX-M-028.json/ (+0ms) 
23:44:30   ├─ /politics/practice-review/X1000-MARX-M-029.json/ (+0ms) 
23:44:30   ├─ /politics/practice-review/X1000-MARX-M-030.json/ (+0ms) 
23:44:30   ├─ /politics/practice-review/X1000-MARX-M-031.json/ (+0ms) 
23:44:30   ├─ /politics/practice-review/X1000-MARX-M-032.json/ (+0ms) 
23:44:30   ├─ /politics/practice-review/X1000-MARX-M-033.json/ (+2ms) 
23:44:30   ├─ /politics/practice-review/X1000-MARX-M-034.json/ (+0ms) 
23:44:30   ├─ /politics/practice-review/X1000-MARX-M-035.json/ (+0ms) 
23:44:30   ├─ /politics/practice-review/X1000-MARX-M-036.json/ (+2ms) 
23:44:30   ├─ /politics/practice-review/X1000-MARX-M-037.json/ (+1ms) 
23:44:30   ├─ /politics/practice-review/X1000-MARX-M-038.json/ (+1ms) 
23:44:30   ├─ /politics/practice-review/X1000-MARX-M-039.json/ (+0ms) 
23:44:30   ├─ /politics/practice-review/X1000-MARX-M-040.json/ (+0ms) 
23:44:30   ├─ /politics/practice-review/X1000-MARX-M-041.json/ (+0ms) 
23:44:30   ├─ /politics/practice-review/X1000-MARX-M-042.json/ (+0ms) 
23:44:30   ├─ /politics/practice-review/X1000-MARX-M-043.json/ (+0ms) 
23:44:30   ├─ /politics/practice-review/X1000-MARX-M-044.json/ (+0ms) 
23:44:30   ├─ /politics/practice-review/X1000-MARX-M-045.json/ (+0ms) 
23:44:30   ├─ /politics/practice-review/X1000-MARX-M-046.json/ (+0ms) 
23:44:30   ├─ /politics/practice-review/X1000-MARX-M-047.json/ (+4ms) 
23:44:30   ├─ /politics/practice-review/X1000-MARX-M-048.json/ (+0ms) 
23:44:30   ├─ /politics/practice-review/X1000-MARX-M-049.json/ (+0ms) 
23:44:30   ├─ /politics/practice-review/X1000-MARX-M-050.json/ (+5ms) 
23:44:30   ├─ /politics/practice-review/X1000-MARX-M-051.json/ (+1ms) 
23:44:30   ├─ /politics/practice-review/X1000-MARX-M-052.json/ (+1ms) 
23:44:30   ├─ /politics/practice-review/X1000-MARX-M-053.json/ (+0ms) 
23:44:30   ├─ /politics/practice-review/X1000-MARX-M-054.json/ (+0ms) 
23:44:30   ├─ /politics/practice-review/X1000-MARX-M-055.json/ (+0ms) 
23:44:30   ├─ /politics/practice-review/X1000-MARX-M-056.json/ (+1ms) 
23:44:30   ├─ /politics/practice-review/X1000-MARX-M-057.json/ (+0ms) 
23:44:30   ├─ /politics/practice-review/X1000-MARX-M-058.json/ (+0ms) 
23:44:30   ├─ /politics/practice-review/X1000-MARX-M-059.json/ (+0ms) 
23:44:30   ├─ /politics/practice-review/X1000-MARX-M-060.json/ (+0ms) 
23:44:30   ├─ /politics/practice-review/X1000-MARX-M-061.json/ (+0ms) 
23:44:30   ├─ /politics/practice-review/X1000-MARX-M-062.json/ (+0ms) 
23:44:30   ├─ /politics/practice-review/X1000-MARX-M-063.json/ (+0ms) 
23:44:30   ├─ /politics/practice-review/X1000-MARX-M-064.json/ (+0ms) 
23:44:30   ├─ /politics/practice-review/X1000-MARX-M-065.json/ (+0ms) 
23:44:30   ├─ /politics/practice-review/X1000-MARX-M-066.json/ (+0ms) 
23:44:30   ├─ /politics/practice-review/X1000-MARX-M-067.json/ (+0ms) 
23:44:30   ├─ /politics/practice-review/X1000-MARX-M-068.json/ (+0ms) 
23:44:30   ├─ /politics/practice-review/X1000-MARX-M-069.json/ (+0ms) 
23:44:30   ├─ /politics/practice-review/X1000-MARX-M-070.json/ (+0ms) 
23:44:30   ├─ /politics/practice-review/X1000-MARX-M-071.json/ (+0ms) 
23:44:30   ├─ /politics/practice-review/X1000-MARX-M-072.json/ (+0ms) 
23:44:30   ├─ /politics/practice-review/X1000-MARX-M-073.json/ (+0ms) 
23:44:30   ├─ /politics/practice-review/X1000-MARX-M-074.json/ (+0ms) 
23:44:30   ├─ /politics/practice-review/X1000-MARX-M-075.json/ (+0ms) 
23:44:30   ├─ /politics/practice-review/X1000-MARX-M-076.json/ (+1ms) 
23:44:30   ├─ /politics/practice-review/X1000-MARX-M-077.json/ (+1ms) 
23:44:30   ├─ /politics/practice-review/X1000-MARX-M-078.json/ (+0ms) 
23:44:30   ├─ /politics/practice-review/X1000-MARX-M-079.json/ (+0ms) 
23:44:30   ├─ /politics/practice-review/X1000-MARX-M-080.json/ (+0ms) 
23:44:30   ├─ /politics/practice-review/X1000-MARX-M-081.json/ (+0ms) 
23:44:30   ├─ /politics/practice-review/X1000-MARX-M-082.json/ (+0ms) 
23:44:30   ├─ /politics/practice-review/X1000-MARX-M-083.json/ (+0ms) 
23:44:30   ├─ /politics/practice-review/X1000-MARX-M-084.json/ (+1ms) 
23:44:30   ├─ /politics/practice-review/X1000-MARX-M-085.json/ (+0ms) 
23:44:30   ├─ /politics/practice-review/X1000-MARX-M-086.json/ (+0ms) 
23:44:30   ├─ /politics/practice-review/X1000-MARX-M-087.json/ (+0ms) 
23:44:30   ├─ /politics/practice-review/X1000-MARX-M-088.json/ (+0ms) 
23:44:30   ├─ /politics/practice-review/X1000-MARX-M-089.json/ (+0ms) 
23:44:30   ├─ /politics/practice-review/X1000-MARX-M-090.json/ (+0ms) 
23:44:30   ├─ /politics/practice-review/X1000-MARX-M-091.json/ (+0ms) 
23:44:30   ├─ /politics/practice-review/X1000-MARX-M-092.json/ (+0ms) 
23:44:30   ├─ /politics/practice-review/X1000-MARX-M-093.json/ (+0ms) 
23:44:30   ├─ /politics/practice-review/X1000-MARX-M-094.json/ (+0ms) 
23:44:30   ├─ /politics/practice-review/X1000-MARX-M-095.json/ (+0ms) 
23:44:30   ├─ /politics/practice-review/X1000-MARX-M-096.json/ (+2ms) 
23:44:30   ├─ /politics/practice-review/X1000-MARX-M-097.json/ (+1ms) 
23:44:30   ├─ /politics/practice-review/X1000-MARX-M-098.json/ (+0ms) 
23:44:30   ├─ /politics/practice-review/X1000-MARX-M-099.json/ (+0ms) 
23:44:30   ├─ /politics/practice-review/X1000-MARX-M-100.json/ (+0ms) 
23:44:30   ├─ /politics/practice-review/X1000-MARX-M-101.json/ (+0ms) 
23:44:30   ├─ /politics/practice-review/X1000-MARX-M-102.json/ (+0ms) 
23:44:30   ├─ /politics/practice-review/X1000-MARX-M-103.json/ (+0ms) 
23:44:30   ├─ /politics/practice-review/X1000-MARX-M-104.json/ (+0ms) 
23:44:30   ├─ /politics/practice-review/X1000-MARX-M-105.json/ (+0ms) 
23:44:30   ├─ /politics/practice-review/X1000-MARX-M-106.json/ (+0ms) 
23:44:30   ├─ /politics/practice-review/X1000-MARX-M-107.json/ (+0ms) 
23:44:30   ├─ /politics/practice-review/X1000-MARX-M-108.json/ (+1ms) 
23:44:30   ├─ /politics/practice-review/X1000-MARX-M-109.json/ (+0ms) 
23:44:30   ├─ /politics/practice-review/X1000-MARX-M-110.json/ (+0ms) 
23:44:30   ├─ /politics/practice-review/X1000-MARX-M-111.json/ (+0ms) 
23:44:30   ├─ /politics/practice-review/X1000-MARX-M-112.json/ (+0ms) 
23:44:30   ├─ /politics/practice-review/X1000-MARX-M-113.json/ (+0ms) 
23:44:30   ├─ /politics/practice-review/X1000-MARX-M-114.json/ (+0ms) 
23:44:30   ├─ /politics/practice-review/X1000-MARX-M-115.json/ (+0ms) 
23:44:30   ├─ /politics/practice-review/X1000-MARX-M-116.json/ (+0ms) 
23:44:30   ├─ /politics/practice-review/X1000-MARX-M-117.json/ (+0ms) 
23:44:30   ├─ /politics/practice-review/X1000-MARX-M-118.json/ (+0ms) 
23:44:30   ├─ /politics/practice-review/X1000-MARX-M-119.json/ (+0ms) 
23:44:30   ├─ /politics/practice-review/X1000-MARX-M-120.json/ (+0ms) 
23:44:30   ├─ /politics/practice-review/X1000-MARX-M-121.json/ (+0ms) 
23:44:30   ├─ /politics/practice-review/X1000-MARX-M-122.json/ (+0ms) 
23:44:30   ├─ /politics/practice-review/X1000-MARX-M-123.json/ (+0ms) 
23:44:30   ├─ /politics/practice-review/X1000-MARX-M-124.json/ (+0ms) 
23:44:30   ├─ /politics/practice-review/X1000-MARX-M-125.json/ (+0ms) 
23:44:30   ├─ /politics/practice-review/X1000-MARX-M-126.json/ (+0ms) 
23:44:30   ├─ /politics/practice-review/X1000-MARX-M-127.json/ (+0ms) 
23:44:30   ├─ /politics/practice-review/X1000-MARX-M-128.json/ (+0ms) 
23:44:30   ├─ /politics/practice-review/X1000-MARX-M-129.json/ (+0ms) 
23:44:30   ├─ /politics/practice-review/X1000-MARX-M-130.json/ (+0ms) 
23:44:30   ├─ /politics/practice-review/X1000-MARX-M-131.json/ (+0ms) 
23:44:30   ├─ /politics/practice-review/X1000-MARX-M-132.json/ (+0ms) 
23:44:30   ├─ /politics/practice-review/X1000-MARX-M-133.json/ (+0ms) 
23:44:30   ├─ /politics/practice-review/X1000-MARX-M-134.json/ (+0ms) 
23:44:30   ├─ /politics/practice-review/X1000-MARX-M-135.json/ (+0ms) 
23:44:30   ├─ /politics/practice-review/X1000-MARX-M-136.json/ (+0ms) 
23:44:30   ├─ /politics/practice-review/X1000-MARX-M-137.json/ (+0ms) 
23:44:30   ├─ /politics/practice-review/X1000-MARX-M-138.json/ (+0ms) 
23:44:30   ├─ /politics/practice-review/X1000-MARX-M-139.json/ (+0ms) 
23:44:30   ├─ /politics/practice-review/X1000-MARX-M-140.json/ (+1ms) 
23:44:30   ├─ /politics/practice-review/X1000-MARX-M-141.json/ (+3ms) 
23:44:30   ├─ /politics/practice-review/X1000-MARX-M-142.json/ (+1ms) 
23:44:30   ├─ /politics/practice-review/X1000-MARX-M-143.json/ (+1ms) 
23:44:30   ├─ /politics/practice-review/X1000-MARX-M-144.json/ (+1ms) 
23:44:30   ├─ /politics/practice-review/X1000-MARX-M-145.json/ (+1ms) 
23:44:30   ├─ /politics/practice-review/X1000-MARX-M-146.json/ (+0ms) 
23:44:30   ├─ /politics/practice-review/X1000-MARX-M-147.json/ (+0ms) 
23:44:30   ├─ /politics/practice-review/X1000-MARX-M-148.json/ (+0ms) 
23:44:30   ├─ /politics/practice-review/X1000-MARX-M-149.json/ (+0ms) 
23:44:30   ├─ /politics/practice-review/X1000-MARX-M-150.json/ (+0ms) 
23:44:30   ├─ /politics/practice-review/X1000-MARX-M-151.json/ (+0ms) 
23:44:30   ├─ /politics/practice-review/X1000-MARX-M-152.json/ (+0ms) 
23:44:30   ├─ /politics/practice-review/X1000-MARX-M-153.json/ (+0ms) 
23:44:30   ├─ /politics/practice-review/X1000-MARX-M-154.json/ (+0ms) 
23:44:30   ├─ /politics/practice-review/X1000-MARX-M-155.json/ (+0ms) 
23:44:30   ├─ /politics/practice-review/X1000-MARX-M-156.json/ (+0ms) 
23:44:30   ├─ /politics/practice-review/X1000-MARX-M-157.json/ (+0ms) 
23:44:30   ├─ /politics/practice-review/X1000-MARX-M-158.json/ (+0ms) 
23:44:30   ├─ /politics/practice-review/X1000-MARX-M-159.json/ (+0ms) 
23:44:30   ├─ /politics/practice-review/X1000-MARX-M-160.json/ (+0ms) 
23:44:30   ├─ /politics/practice-review/X1000-MARX-M-161.json/ (+0ms) 
23:44:30   ├─ /politics/practice-review/X1000-MARX-M-162.json/ (+0ms) 
23:44:30   ├─ /politics/practice-review/X1000-MARX-M-163.json/ (+0ms) 
23:44:30   ├─ /politics/practice-review/X1000-MARX-M-164.json/ (+0ms) 
23:44:30   ├─ /politics/practice-review/X1000-MARX-M-165.json/ (+0ms) 
23:44:30   ├─ /politics/practice-review/X1000-MARX-M-166.json/ (+0ms) 
23:44:30   ├─ /politics/practice-review/X1000-MARX-M-167.json/ (+0ms) 
23:44:30   ├─ /politics/practice-review/X1000-MARX-M-168.json/ (+0ms) 
23:44:30   ├─ /politics/practice-review/X1000-MARX-M-169.json/ (+0ms) 
23:44:30   ├─ /politics/practice-review/X1000-MARX-M-170.json/ (+0ms) 
23:44:30   ├─ /politics/practice-review/X1000-MARX-M-171.json/ (+0ms) 
23:44:30   ├─ /politics/practice-review/X1000-MARX-M-172.json/ (+0ms) 
23:44:30   ├─ /politics/practice-review/X1000-MARX-M-173.json/ (+0ms) 
23:44:30   ├─ /politics/practice-review/X1000-MARX-M-174.json/ (+0ms) 
23:44:30   ├─ /politics/practice-review/X1000-MARX-M-175.json/ (+0ms) 
23:44:30   ├─ /politics/practice-review/X1000-MARX-M-176.json/ (+0ms) 
23:44:30   ├─ /politics/practice-review/X1000-MARX-M-177.json/ (+0ms) 
23:44:30   ├─ /politics/practice-review/X1000-MARX-M-178.json/ (+0ms) 
23:44:30   ├─ /politics/practice-review/X1000-MARX-M-179.json/ (+0ms) 
23:44:30   ├─ /politics/practice-review/X1000-MARX-M-180.json/ (+0ms) 
23:44:30   ├─ /politics/practice-review/X1000-MARX-M-181.json/ (+1ms) 
23:44:30   ├─ /politics/practice-review/X1000-MARX-M-182.json/ (+0ms) 
23:44:30   ├─ /politics/practice-review/X1000-MARX-M-183.json/ (+0ms) 
23:44:30   ├─ /politics/practice-review/X1000-MARX-M-184.json/ (+0ms) 
23:44:30   ├─ /politics/practice-review/X1000-MARX-M-185.json/ (+0ms) 
23:44:30   ├─ /politics/practice-review/X1000-MARX-M-186.json/ (+0ms) 
23:44:30   ├─ /politics/practice-review/X1000-MARX-M-187.json/ (+0ms) 
23:44:30   ├─ /politics/practice-review/X1000-MARX-M-188.json/ (+1ms) 
23:44:30   ├─ /politics/practice-review/X1000-MARX-M-189.json/ (+0ms) 
23:44:30   ├─ /politics/practice-review/X1000-MARX-M-190.json/ (+0ms) 
23:44:30   ├─ /politics/practice-review/X1000-MARX-M-191.json/ (+0ms) 
23:44:30   ├─ /politics/practice-review/X1000-MARX-M-192.json/ (+0ms) 
23:44:30   ├─ /politics/practice-review/X1000-MARX-M-193.json/ (+0ms) 
23:44:30   ├─ /politics/practice-review/X1000-MARX-M-194.json/ (+0ms) 
23:44:30   ├─ /politics/practice-review/X1000-MARX-M-195.json/ (+0ms) 
23:44:30   ├─ /politics/practice-review/X1000-MARX-M-196.json/ (+0ms) 
23:44:30   ├─ /politics/practice-review/X1000-MARX-M-197.json/ (+0ms) 
23:44:30   ├─ /politics/practice-review/X1000-MARX-M-198.json/ (+0ms) 
23:44:30   ├─ /politics/practice-review/X1000-MARX-M-199.json/ (+0ms) 
23:44:30   ├─ /politics/practice-review/X1000-MARX-M-200.json/ (+0ms) 
23:44:30   ├─ /politics/practice-review/X1000-MARX-M-201.json/ (+0ms) 
23:44:30   ├─ /politics/practice-review/X1000-MARX-M-202.json/ (+0ms) 
23:44:30   ├─ /politics/practice-review/X1000-MARX-M-203.json/ (+0ms) 
23:44:30   ├─ /politics/practice-review/X1000-MARX-M-204.json/ (+0ms) 
23:44:30   ├─ /politics/practice-review/X1000-MARX-M-205.json/ (+0ms) 
23:44:30   ├─ /politics/practice-review/X1000-MARX-M-206.json/ (+0ms) 
23:44:30   ├─ /politics/practice-review/X1000-MARX-M-207.json/ (+0ms) 
23:44:30   ├─ /politics/practice-review/X1000-MARX-M-208.json/ (+0ms) 
23:44:30   ├─ /politics/practice-review/X1000-MARX-M-209.json/ (+1ms) 
23:44:30   ├─ /politics/practice-review/X1000-MARX-M-210.json/ (+1ms) 
23:44:30   ├─ /politics/practice-review/X1000-MARX-M-211.json/ (+2ms) 
23:44:30   ├─ /politics/practice-review/X1000-MARX-M-212.json/ (+1ms) 
23:44:30   ├─ /politics/practice-review/X1000-MAO-S-001.json/ (+1ms) 
23:44:30   ├─ /politics/practice-review/X1000-MAO-S-002.json/ (+0ms) 
23:44:30   ├─ /politics/practice-review/X1000-MAO-S-003.json/ (+1ms) 
23:44:30   ├─ /politics/practice-review/X1000-MAO-S-004.json/ (+1ms) 
23:44:30   ├─ /politics/practice-review/X1000-MAO-S-005.json/ (+0ms) 
23:44:30   ├─ /politics/practice-review/X1000-MAO-S-006.json/ (+0ms) 
23:44:30   ├─ /politics/practice-review/X1000-MAO-S-007.json/ (+1ms) 
23:44:30   ├─ /politics/practice-review/X1000-MAO-S-008.json/ (+2ms) 
23:44:30   ├─ /politics/practice-review/X1000-MAO-S-009.json/ (+1ms) 
23:44:30   ├─ /politics/practice-review/X1000-MAO-S-010.json/ (+0ms) 
23:44:30   ├─ /politics/practice-review/X1000-MAO-S-011.json/ (+1ms) 
23:44:30   ├─ /politics/practice-review/X1000-MAO-S-012.json/ (+0ms) 
23:44:30   ├─ /politics/practice-review/X1000-MAO-S-013.json/ (+0ms) 
23:44:30   ├─ /politics/practice-review/X1000-MAO-S-014.json/ (+0ms) 
23:44:30   ├─ /politics/practice-review/X1000-MAO-S-015.json/ (+0ms) 
23:44:30   ├─ /politics/practice-review/X1000-MAO-S-016.json/ (+0ms) 
23:44:30   ├─ /politics/practice-review/X1000-MAO-S-017.json/ (+0ms) 
23:44:30   ├─ /politics/practice-review/X1000-MAO-S-018.json/ (+0ms) 
23:44:30   ├─ /politics/practice-review/X1000-MAO-S-019.json/ (+0ms) 
23:44:30   ├─ /politics/practice-review/X1000-MAO-S-020.json/ (+0ms) 
23:44:30   ├─ /politics/practice-review/X1000-MAO-S-021.json/ (+0ms) 
23:44:30   ├─ /politics/practice-review/X1000-MAO-S-022.json/ (+0ms) 
23:44:30   ├─ /politics/practice-review/X1000-MAO-S-023.json/ (+0ms) 
23:44:30   ├─ /politics/practice-review/X1000-MAO-S-024.json/ (+0ms) 
23:44:30   ├─ /politics/practice-review/X1000-MAO-S-025.json/ (+0ms) 
23:44:30   ├─ /politics/practice-review/X1000-MAO-S-026.json/ (+0ms) 
23:44:30   ├─ /politics/practice-review/X1000-MAO-S-027.json/ (+0ms) 
23:44:30   ├─ /politics/practice-review/X1000-MAO-S-028.json/ (+1ms) 
23:44:30   ├─ /politics/practice-review/X1000-MAO-S-029.json/ (+0ms) 
23:44:30   ├─ /politics/practice-review/X1000-MAO-S-030.json/ (+0ms) 
23:44:30   ├─ /politics/practice-review/X1000-MAO-S-031.json/ (+0ms) 
23:44:30   ├─ /politics/practice-review/X1000-MAO-S-032.json/ (+0ms) 
23:44:30   ├─ /politics/practice-review/X1000-MAO-S-033.json/ (+0ms) 
23:44:30   ├─ /politics/practice-review/X1000-MAO-S-034.json/ (+0ms) 
23:44:30   ├─ /politics/practice-review/X1000-MAO-S-035.json/ (+0ms) 
23:44:30   ├─ /politics/practice-review/X1000-MAO-S-036.json/ (+0ms) 
23:44:30   ├─ /politics/practice-review/X1000-MAO-S-037.json/ (+0ms) 
23:44:30   ├─ /politics/practice-review/X1000-MAO-S-041.json/ (+0ms) 
23:44:30   ├─ /politics/practice-review/X1000-MAO-S-042.json/ (+0ms) 
23:44:30   ├─ /politics/practice-review/X1000-MAO-S-043.json/ (+0ms) 
23:44:30   ├─ /politics/practice-review/X1000-MAO-S-044.json/ (+0ms) 
23:44:30   ├─ /politics/practice-review/X1000-MAO-S-045.json/ (+0ms) 
23:44:30   ├─ /politics/practice-review/X1000-MAO-S-046.json/ (+0ms) 
23:44:30   ├─ /politics/practice-review/X1000-MAO-S-047.json/ (+0ms) 
23:44:30   ├─ /politics/practice-review/X1000-MAO-S-048.json/ (+1ms) 
23:44:30   ├─ /politics/practice-review/X1000-MAO-S-049.json/ (+0ms) 
23:44:30   ├─ /politics/practice-review/X1000-MAO-S-050.json/ (+0ms) 
23:44:30   ├─ /politics/practice-review/X1000-MAO-S-051.json/ (+0ms) 
23:44:30   ├─ /politics/practice-review/X1000-MAO-S-052.json/ (+0ms) 
23:44:30   ├─ /politics/practice-review/X1000-MAO-S-053.json/ (+0ms) 
23:44:30   ├─ /politics/practice-review/X1000-MAO-S-054.json/ (+0ms) 
23:44:30   ├─ /politics/practice-review/X1000-MAO-S-055.json/ (+0ms) 
23:44:30   ├─ /politics/practice-review/X1000-MAO-S-056.json/ (+0ms) 
23:44:30   ├─ /politics/practice-review/X1000-MAO-M-001.json/ (+0ms) 
23:44:30   ├─ /politics/practice-review/X1000-MAO-M-002.json/ (+0ms) 
23:44:30   ├─ /politics/practice-review/X1000-MAO-M-003.json/ (+0ms) 
23:44:30   ├─ /politics/practice-review/X1000-MAO-M-004.json/ (+0ms) 
23:44:30   ├─ /politics/practice-review/X1000-MAO-M-006.json/ (+0ms) 
23:44:30   ├─ /politics/practice-review/X1000-MAO-M-007.json/ (+0ms) 
23:44:30   ├─ /politics/practice-review/X1000-MAO-M-008.json/ (+0ms) 
23:44:30   ├─ /politics/practice-review/X1000-MAO-M-009.json/ (+0ms) 
23:44:30   ├─ /politics/practice-review/X1000-MAO-M-010.json/ (+0ms) 
23:44:30   ├─ /politics/practice-review/X1000-MAO-M-011.json/ (+0ms) 
23:44:30   ├─ /politics/practice-review/X1000-MAO-M-012.json/ (+0ms) 
23:44:30   ├─ /politics/practice-review/X1000-MAO-M-013.json/ (+0ms) 
23:44:30   ├─ /politics/practice-review/X1000-MAO-M-014.json/ (+0ms) 
23:44:30   ├─ /politics/practice-review/X1000-MAO-M-015.json/ (+0ms) 
23:44:30   ├─ /politics/practice-review/X1000-MAO-M-016.json/ (+0ms) 
23:44:30   ├─ /politics/practice-review/X1000-MAO-M-017.json/ (+0ms) 
23:44:30   ├─ /politics/practice-review/X1000-MAO-M-018.json/ (+0ms) 
23:44:30   ├─ /politics/practice-review/X1000-MAO-M-019.json/ (+0ms) 
23:44:30   ├─ /politics/practice-review/X1000-MAO-M-020.json/ (+0ms) 
23:44:30   ├─ /politics/practice-review/X1000-MAO-M-021.json/ (+0ms) 
23:44:30   ├─ /politics/practice-review/X1000-MAO-M-022.json/ (+1ms) 
23:44:30   ├─ /politics/practice-review/X1000-MAO-M-023.json/ (+0ms) 
23:44:30   ├─ /politics/practice-review/X1000-MAO-M-024.json/ (+0ms) 
23:44:30   ├─ /politics/practice-review/X1000-MAO-M-026.json/ (+0ms) 
23:44:30   ├─ /politics/practice-review/X1000-MAO-M-027.json/ (+0ms) 
23:44:30   ├─ /politics/practice-review/X1000-MAO-M-028.json/ (+0ms) 
23:44:30   ├─ /politics/practice-review/X1000-MAO-M-029.json/ (+0ms) 
23:44:30   ├─ /politics/practice-review/X1000-MAO-M-030.json/ (+0ms) 
23:44:30   ├─ /politics/practice-review/X1000-MAO-M-031.json/ (+0ms) 
23:44:30   ├─ /politics/practice-review/X1000-MAO-M-032.json/ (+0ms) 
23:44:30   ├─ /politics/practice-review/X1000-MAO-M-033.json/ (+0ms) 
23:44:30   ├─ /politics/practice-review/X1000-MAO-M-034.json/ (+0ms) 
23:44:30   ├─ /politics/practice-review/X1000-MAO-M-035.json/ (+0ms) 
23:44:30   ├─ /politics/practice-review/X1000-MAO-M-036.json/ (+0ms) 
23:44:30   ├─ /politics/practice-review/X1000-MAO-M-037.json/ (+0ms) 
23:44:30   ├─ /politics/practice-review/X1000-MAO-M-038.json/ (+0ms) 
23:44:30   ├─ /politics/practice-review/X1000-MAO-M-041.json/ (+0ms) 
23:44:30   ├─ /politics/practice-review/X1000-MAO-M-042.json/ (+0ms) 
23:44:30   ├─ /politics/practice-review/X1000-MAO-M-043.json/ (+0ms) 
23:44:30   ├─ /politics/practice-review/X1000-MAO-M-044.json/ (+0ms) 
23:44:30   ├─ /politics/practice-review/X1000-MAO-M-046.json/ (+0ms) 
23:44:30   ├─ /politics/practice-review/X1000-MAO-M-047.json/ (+0ms) 
23:44:30   ├─ /politics/practice-review/X1000-MAO-M-048.json/ (+0ms) 
23:44:30   ├─ /politics/practice-review/X1000-MAO-M-049.json/ (+0ms) 
23:44:30   ├─ /politics/practice-review/X1000-MAO-M-050.json/ (+0ms) 
23:44:30   ├─ /politics/practice-review/X1000-MAO-M-051.json/ (+0ms) 
23:44:30   ├─ /politics/practice-review/X1000-MAO-M-052.json/ (+0ms) 
23:44:30   ├─ /politics/practice-review/X1000-MAO-M-053.json/ (+0ms) 
23:44:30   ├─ /politics/practice-review/X1000-MAO-M-054.json/ (+0ms) 
23:44:30   ├─ /politics/practice-review/X1000-MAO-M-055.json/ (+0ms) 
23:44:30   ├─ /politics/practice-review/X1000-MAO-M-056.json/ (+0ms) 
23:44:30   ├─ /politics/practice-review/X1000-MAO-M-057.json/ (+0ms) 
23:44:30   ├─ /politics/practice-review/X1000-MAO-M-058.json/ (+0ms) 
23:44:30   ├─ /politics/practice-review/X1000-MAO-M-059.json/ (+0ms) 
23:44:30   ├─ /politics/practice-review/X1000-XI-S-001.json/ (+0ms) 
23:44:30   ├─ /politics/practice-review/X1000-XI-S-002.json/ (+0ms) 
23:44:30   ├─ /politics/practice-review/X1000-XI-S-003.json/ (+0ms) 
23:44:30   ├─ /politics/practice-review/X1000-XI-S-004.json/ (+0ms) 
23:44:30   ├─ /politics/practice-review/X1000-XI-S-005.json/ (+0ms) 
23:44:30   ├─ /politics/practice-review/X1000-XI-S-006.json/ (+0ms) 
23:44:30   ├─ /politics/practice-review/X1000-XI-S-007.json/ (+0ms) 
23:44:30   ├─ /politics/practice-review/X1000-XI-S-008.json/ (+0ms) 
23:44:30   ├─ /politics/practice-review/X1000-XI-S-009.json/ (+0ms) 
23:44:30   ├─ /politics/practice-review/X1000-XI-S-010.json/ (+0ms) 
23:44:30   ├─ /politics/practice-review/X1000-XI-S-011.json/ (+0ms) 
23:44:30   ├─ /politics/practice-review/X1000-XI-S-012.json/ (+0ms) 
23:44:30   ├─ /politics/practice-review/X1000-XI-S-013.json/ (+0ms) 
23:44:30   ├─ /politics/practice-review/X1000-XI-S-014.json/ (+0ms) 
23:44:30   ├─ /politics/practice-review/X1000-XI-S-015.json/ (+0ms) 
23:44:30   ├─ /politics/practice-review/X1000-XI-S-016.json/ (+0ms) 
23:44:30   ├─ /politics/practice-review/X1000-XI-S-017.json/ (+0ms) 
23:44:30   ├─ /politics/practice-review/X1000-XI-S-018.json/ (+0ms) 
23:44:30   ├─ /politics/practice-review/X1000-XI-S-019.json/ (+0ms) 
23:44:30   ├─ /politics/practice-review/X1000-XI-S-020.json/ (+0ms) 
23:44:30   ├─ /politics/practice-review/X1000-XI-S-021.json/ (+0ms) 
23:44:30   ├─ /politics/practice-review/X1000-XI-S-022.json/ (+0ms) 
23:44:30   ├─ /politics/practice-review/X1000-XI-S-023.json/ (+0ms) 
23:44:30   ├─ /politics/practice-review/X1000-XI-S-024.json/ (+0ms) 
23:44:30   ├─ /politics/practice-review/X1000-XI-S-025.json/ (+0ms) 
23:44:30   ├─ /politics/practice-review/X1000-XI-S-026.json/ (+0ms) 
23:44:30   ├─ /politics/practice-review/X1000-XI-S-027.json/ (+0ms) 
23:44:30   ├─ /politics/practice-review/X1000-XI-S-028.json/ (+0ms) 
23:44:30   ├─ /politics/practice-review/X1000-XI-S-029.json/ (+0ms) 
23:44:30   ├─ /politics/practice-review/X1000-XI-S-030.json/ (+0ms) 
23:44:30   ├─ /politics/practice-review/X1000-XI-S-031.json/ (+0ms) 
23:44:30   ├─ /politics/practice-review/X1000-XI-S-032.json/ (+0ms) 
23:44:30   ├─ /politics/practice-review/X1000-XI-S-033.json/ (+0ms) 
23:44:30   ├─ /politics/practice-review/X1000-XI-S-034.json/ (+0ms) 
23:44:30   ├─ /politics/practice-review/X1000-XI-S-035.json/ (+0ms) 
23:44:30   ├─ /politics/practice-review/X1000-XI-S-036.json/ (+0ms) 
23:44:30   ├─ /politics/practice-review/X1000-XI-S-037.json/ (+0ms) 
23:44:30   ├─ /politics/practice-review/X1000-XI-S-038.json/ (+0ms) 
23:44:30   ├─ /politics/practice-review/X1000-XI-S-039.json/ (+0ms) 
23:44:30   ├─ /politics/practice-review/X1000-XI-S-040.json/ (+0ms) 
23:44:30   ├─ /politics/practice-review/X1000-XI-S-041.json/ (+0ms) 
23:44:30   ├─ /politics/practice-review/X1000-XI-S-042.json/ (+0ms) 
23:44:30   ├─ /politics/practice-review/X1000-XI-S-043.json/ (+0ms) 
23:44:30   ├─ /politics/practice-review/X1000-XI-S-044.json/ (+0ms) 
23:44:30   ├─ /politics/practice-review/X1000-XI-S-045.json/ (+0ms) 
23:44:30   ├─ /politics/practice-review/X1000-XI-S-046.json/ (+0ms) 
23:44:30   ├─ /politics/practice-review/X1000-XI-S-047.json/ (+0ms) 
23:44:30   ├─ /politics/practice-review/X1000-XI-S-048.json/ (+0ms) 
23:44:30   ├─ /politics/practice-review/X1000-XI-S-049.json/ (+0ms) 
23:44:30   ├─ /politics/practice-review/X1000-XI-S-050.json/ (+0ms) 
23:44:30   ├─ /politics/practice-review/X1000-XI-S-051.json/ (+0ms) 
23:44:30   ├─ /politics/practice-review/X1000-XI-S-052.json/ (+0ms) 
23:44:30   ├─ /politics/practice-review/X1000-XI-S-054.json/ (+0ms) 
23:44:30   ├─ /politics/practice-review/X1000-XI-S-055.json/ (+0ms) 
23:44:30   ├─ /politics/practice-review/X1000-XI-S-056.json/ (+0ms) 
23:44:30   ├─ /politics/practice-review/X1000-XI-S-057.json/ (+0ms) 
23:44:30   ├─ /politics/practice-review/X1000-XI-S-058.json/ (+0ms) 
23:44:30   ├─ /politics/practice-review/X1000-XI-S-059.json/ (+0ms) 
23:44:30   ├─ /politics/practice-review/X1000-XI-S-060.json/ (+0ms) 
23:44:30   ├─ /politics/practice-review/X1000-XI-S-061.json/ (+0ms) 
23:44:30   ├─ /politics/practice-review/X1000-XI-S-062.json/ (+0ms) 
23:44:30   ├─ /politics/practice-review/X1000-XI-S-063.json/ (+0ms) 
23:44:30   ├─ /politics/practice-review/X1000-XI-S-064.json/ (+0ms) 
23:44:30   ├─ /politics/practice-review/X1000-XI-S-065.json/ (+0ms) 
23:44:30   ├─ /politics/practice-review/X1000-XI-S-066.json/ (+0ms) 
23:44:30   ├─ /politics/practice-review/X1000-XI-S-067.json/ (+0ms) 
23:44:30   ├─ /politics/practice-review/X1000-XI-S-068.json/ (+0ms) 
23:44:30   ├─ /politics/practice-review/X1000-XI-S-069.json/ (+0ms) 
23:44:30   ├─ /politics/practice-review/X1000-XI-S-070.json/ (+0ms) 
23:44:30   ├─ /politics/practice-review/X1000-XI-S-071.json/ (+0ms) 
23:44:30   ├─ /politics/practice-review/X1000-XI-S-072.json/ (+0ms) 
23:44:30   ├─ /politics/practice-review/X1000-XI-S-073.json/ (+0ms) 
23:44:30   ├─ /politics/practice-review/X1000-XI-S-074.json/ (+0ms) 
23:44:30   ├─ /politics/practice-review/X1000-XI-S-075.json/ (+0ms) 
23:44:30   ├─ /politics/practice-review/X1000-XI-S-076.json/ (+0ms) 
23:44:30   ├─ /politics/practice-review/X1000-XI-S-077.json/ (+0ms) 
23:44:30   ├─ /politics/practice-review/X1000-XI-S-078.json/ (+0ms) 
23:44:30   ├─ /politics/practice-review/X1000-XI-S-079.json/ (+0ms) 
23:44:30   ├─ /politics/practice-review/X1000-XI-S-080.json/ (+0ms) 
23:44:30   ├─ /politics/practice-review/X1000-XI-S-081.json/ (+0ms) 
23:44:30   ├─ /politics/practice-review/X1000-XI-S-082.json/ (+0ms) 
23:44:30   ├─ /politics/practice-review/X1000-XI-S-083.json/ (+0ms) 
23:44:30   ├─ /politics/practice-review/X1000-XI-S-084.json/ (+0ms) 
23:44:30   ├─ /politics/practice-review/X1000-XI-S-085.json/ (+0ms) 
23:44:30   ├─ /politics/practice-review/X1000-XI-S-087.json/ (+0ms) 
23:44:30   ├─ /politics/practice-review/X1000-XI-S-088.json/ (+0ms) 
23:44:30   ├─ /politics/practice-review/X1000-XI-S-089.json/ (+0ms) 
23:44:30   ├─ /politics/practice-review/X1000-XI-S-090.json/ (+0ms) 
23:44:30   ├─ /politics/practice-review/X1000-XI-S-091.json/ (+0ms) 
23:44:30   ├─ /politics/practice-review/X1000-XI-S-092.json/ (+0ms) 
23:44:30   ├─ /politics/practice-review/X1000-XI-S-093.json/ (+0ms) 
23:44:30   ├─ /politics/practice-review/X1000-XI-M-001.json/ (+0ms) 
23:44:30   ├─ /politics/practice-review/X1000-XI-M-002.json/ (+0ms) 
23:44:30   ├─ /politics/practice-review/X1000-XI-M-003.json/ (+0ms) 
23:44:30   ├─ /politics/practice-review/X1000-XI-M-004.json/ (+0ms) 
23:44:30   ├─ /politics/practice-review/X1000-XI-M-005.json/ (+0ms) 
23:44:30   ├─ /politics/practice-review/X1000-XI-M-006.json/ (+0ms) 
23:44:30   ├─ /politics/practice-review/X1000-XI-M-007.json/ (+0ms) 
23:44:30   ├─ /politics/practice-review/X1000-XI-M-009.json/ (+0ms) 
23:44:30   ├─ /politics/practice-review/X1000-XI-M-010.json/ (+0ms) 
23:44:30   ├─ /politics/practice-review/X1000-XI-M-011.json/ (+0ms) 
23:44:30   ├─ /politics/practice-review/X1000-XI-M-012.json/ (+0ms) 
23:44:30   ├─ /politics/practice-review/X1000-XI-M-013.json/ (+0ms) 
23:44:30   ├─ /politics/practice-review/X1000-XI-M-014.json/ (+0ms) 
23:44:30   ├─ /politics/practice-review/X1000-XI-M-015.json/ (+0ms) 
23:44:30   ├─ /politics/practice-review/X1000-XI-M-016.json/ (+0ms) 
23:44:30   ├─ /politics/practice-review/X1000-XI-M-017.json/ (+0ms) 
23:44:30   ├─ /politics/practice-review/X1000-XI-M-018.json/ (+0ms) 
23:44:30   ├─ /politics/practice-review/X1000-XI-M-019.json/ (+0ms) 
23:44:30   ├─ /politics/practice-review/X1000-XI-M-020.json/ (+0ms) 
23:44:30   ├─ /politics/practice-review/X1000-XI-M-021.json/ (+0ms) 
23:44:30   ├─ /politics/practice-review/X1000-XI-M-022.json/ (+0ms) 
23:44:30   ├─ /politics/practice-review/X1000-XI-M-023.json/ (+0ms) 
23:44:30   ├─ /politics/practice-review/X1000-XI-M-024.json/ (+0ms) 
23:44:30   ├─ /politics/practice-review/X1000-XI-M-025.json/ (+0ms) 
23:44:30   ├─ /politics/practice-review/X1000-XI-M-026.json/ (+0ms) 
23:44:30   ├─ /politics/practice-review/X1000-XI-M-027.json/ (+0ms) 
23:44:30   ├─ /politics/practice-review/X1000-XI-M-028.json/ (+0ms) 
23:44:30   ├─ /politics/practice-review/X1000-XI-M-029.json/ (+0ms) 
23:44:30   ├─ /politics/practice-review/X1000-XI-M-030.json/ (+0ms) 
23:44:30   ├─ /politics/practice-review/X1000-XI-M-031.json/ (+0ms) 
23:44:30   ├─ /politics/practice-review/X1000-XI-M-032.json/ (+0ms) 
23:44:30   ├─ /politics/practice-review/X1000-XI-M-033.json/ (+0ms) 
23:44:30   ├─ /politics/practice-review/X1000-XI-M-034.json/ (+0ms) 
23:44:30   ├─ /politics/practice-review/X1000-XI-M-035.json/ (+0ms) 
23:44:30   ├─ /politics/practice-review/X1000-XI-M-036.json/ (+0ms) 
23:44:30   ├─ /politics/practice-review/X1000-XI-M-037.json/ (+0ms) 
23:44:30   ├─ /politics/practice-review/X1000-XI-M-038.json/ (+0ms) 
23:44:30   ├─ /politics/practice-review/X1000-XI-M-039.json/ (+0ms) 
23:44:30   ├─ /politics/practice-review/X1000-XI-M-040.json/ (+0ms) 
23:44:30   ├─ /politics/practice-review/X1000-XI-M-041.json/ (+0ms) 
23:44:30   ├─ /politics/practice-review/X1000-XI-M-042.json/ (+0ms) 
23:44:30   ├─ /politics/practice-review/X1000-XI-M-043.json/ (+0ms) 
23:44:30   ├─ /politics/practice-review/X1000-XI-M-044.json/ (+0ms) 
23:44:30   ├─ /politics/practice-review/X1000-XI-M-045.json/ (+1ms) 
23:44:30   ├─ /politics/practice-review/X1000-XI-M-046.json/ (+0ms) 
23:44:30   ├─ /politics/practice-review/X1000-XI-M-047.json/ (+0ms) 
23:44:30   ├─ /politics/practice-review/X1000-XI-M-048.json/ (+0ms) 
23:44:30   ├─ /politics/practice-review/X1000-XI-M-049.json/ (+0ms) 
23:44:30   ├─ /politics/practice-review/X1000-XI-M-050.json/ (+0ms) 
23:44:30   ├─ /politics/practice-review/X1000-XI-M-051.json/ (+0ms) 
23:44:30   ├─ /politics/practice-review/X1000-XI-M-052.json/ (+0ms) 
23:44:30   ├─ /politics/practice-review/X1000-XI-M-053.json/ (+0ms) 
23:44:30   ├─ /politics/practice-review/X1000-XI-M-054.json/ (+0ms) 
23:44:30   ├─ /politics/practice-review/X1000-XI-M-055.json/ (+0ms) 
23:44:30   ├─ /politics/practice-review/X1000-XI-M-056.json/ (+0ms) 
23:44:30   ├─ /politics/practice-review/X1000-XI-M-057.json/ (+0ms) 
23:44:30   ├─ /politics/practice-review/X1000-XI-M-058.json/ (+0ms) 
23:44:30   ├─ /politics/practice-review/X1000-XI-M-059.json/ (+0ms) 
23:44:30   ├─ /politics/practice-review/X1000-XI-M-060.json/ (+0ms) 
23:44:30   ├─ /politics/practice-review/X1000-XI-M-062.json/ (+0ms) 
23:44:30   ├─ /politics/practice-review/X1000-XI-M-063.json/ (+0ms) 
23:44:30   ├─ /politics/practice-review/X1000-XI-M-064.json/ (+0ms) 
23:44:30   ├─ /politics/practice-review/X1000-XI-M-065.json/ (+0ms) 
23:44:30   ├─ /politics/practice-review/X1000-XI-M-066.json/ (+0ms) 
23:44:30   ├─ /politics/practice-review/X1000-XI-M-067.json/ (+0ms) 
23:44:30   ├─ /politics/practice-review/X1000-XI-M-068.json/ (+0ms) 
23:44:30   ├─ /politics/practice-review/X1000-XI-M-069.json/ (+0ms) 
23:44:30   ├─ /politics/practice-review/X1000-XI-M-070.json/ (+0ms) 
23:44:30   ├─ /politics/practice-review/X1000-XI-M-071.json/ (+0ms) 
23:44:30   ├─ /politics/practice-review/X1000-XI-M-072.json/ (+0ms) 
23:44:30   ├─ /politics/practice-review/X1000-XI-M-073.json/ (+0ms) 
23:44:30   ├─ /politics/practice-review/X1000-XI-M-074.json/ (+0ms) 
23:44:30   ├─ /politics/practice-review/X1000-XI-M-075.json/ (+0ms) 
23:44:30   ├─ /politics/practice-review/X1000-XI-M-076.json/ (+0ms) 
23:44:30   ├─ /politics/practice-review/X1000-XI-M-077.json/ (+0ms) 
23:44:30   ├─ /politics/practice-review/X1000-XI-M-078.json/ (+0ms) 
23:44:30   ├─ /politics/practice-review/X1000-XI-M-079.json/ (+0ms) 
23:44:30   ├─ /politics/practice-review/X1000-XI-M-080.json/ (+0ms) 
23:44:30   ├─ /politics/practice-review/X1000-XI-M-081.json/ (+0ms) 
23:44:30   ├─ /politics/practice-review/X1000-XI-M-082.json/ (+0ms) 
23:44:30   ├─ /politics/practice-review/X1000-XI-M-083.json/ (+0ms) 
23:44:30   ├─ /politics/practice-review/X1000-XI-M-084.json/ (+0ms) 
23:44:30   ├─ /politics/practice-review/X1000-XI-M-085.json/ (+0ms) 
23:44:30   ├─ /politics/practice-review/X1000-XI-M-086.json/ (+0ms) 
23:44:30   ├─ /politics/practice-review/X1000-XI-M-087.json/ (+0ms) 
23:44:30   ├─ /politics/practice-review/X1000-XI-M-088.json/ (+0ms) 
23:44:30   ├─ /politics/practice-review/X1000-XI-M-089.json/ (+0ms) 
23:44:30   ├─ /politics/practice-review/X1000-XI-M-090.json/ (+0ms) 
23:44:30   ├─ /politics/practice-review/X1000-XI-M-091.json/ (+0ms) 
23:44:30   ├─ /politics/practice-review/X1000-XI-M-092.json/ (+0ms) 
23:44:30   ├─ /politics/practice-review/X1000-XI-M-093.json/ (+0ms) 
23:44:30   ├─ /politics/practice-review/X1000-XI-M-094.json/ (+0ms) 
23:44:30   ├─ /politics/practice-review/X1000-XI-M-095.json/ (+0ms) 
23:44:30   ├─ /politics/practice-review/X1000-XI-M-096.json/ (+0ms) 
23:44:30   ├─ /politics/practice-review/X1000-XI-M-097.json/ (+0ms) 
23:44:30   ├─ /politics/practice-review/X1000-XI-M-098.json/ (+0ms) 
23:44:30   ├─ /politics/practice-review/X1000-XI-M-099.json/ (+0ms) 
23:44:30   ├─ /politics/practice-review/X1000-XI-M-100.json/ (+0ms) 
23:44:30   ├─ /politics/practice-review/X1000-XI-M-101.json/ (+0ms) 
23:44:30   ├─ /politics/practice-review/X1000-XI-M-102.json/ (+0ms) 
23:44:30   ├─ /politics/practice-review/X1000-XI-M-103.json/ (+0ms) 
23:44:30   ├─ /politics/practice-review/X1000-XI-M-104.json/ (+0ms) 
23:44:30   ├─ /politics/practice-review/X1000-XI-M-105.json/ (+0ms) 
23:44:30   ├─ /politics/practice-review/X1000-XI-M-106.json/ (+0ms) 
23:44:30   ├─ /politics/practice-review/X1000-XI-M-107.json/ (+0ms) 
23:44:30   ├─ /politics/practice-review/X1000-XI-M-108.json/ (+0ms) 
23:44:30   ├─ /politics/practice-review/X1000-XI-M-109.json/ (+0ms) 
23:44:30   ├─ /politics/practice-review/X1000-XI-M-110.json/ (+0ms) 
23:44:30   ├─ /politics/practice-review/X1000-XI-M-112.json/ (+0ms) 
23:44:30   ├─ /politics/practice-review/X1000-XI-M-113.json/ (+0ms) 
23:44:30   ├─ /politics/practice-review/X1000-XI-M-114.json/ (+0ms) 
23:44:30   ├─ /politics/practice-review/X1000-XI-M-115.json/ (+0ms) 
23:44:30   ├─ /politics/practice-review/X1000-XI-M-116.json/ (+0ms) 
23:44:30   ├─ /politics/practice-review/X1000-XI-M-117.json/ (+0ms) 
23:44:30   ├─ /politics/practice-review/X1000-XI-M-118.json/ (+0ms) 
23:44:30   ├─ /politics/practice-review/X1000-XI-M-119.json/ (+0ms) 
23:44:30   ├─ /politics/practice-review/X1000-XI-M-120.json/ (+0ms) 
23:44:30   ├─ /politics/practice-review/X1000-XI-M-121.json/ (+0ms) 
23:44:30   ├─ /politics/practice-review/X1000-XI-M-122.json/ (+0ms) 
23:44:30   ├─ /politics/practice-review/X1000-XI-M-123.json/ (+0ms) 
23:44:30   ├─ /politics/practice-review/X1000-XI-M-124.json/ (+0ms) 
23:44:30   ├─ /politics/practice-review/X1000-XI-M-125.json/ (+0ms) 
23:44:30   ├─ /politics/practice-review/X1000-XI-M-126.json/ (+0ms) 
23:44:30   ├─ /politics/practice-review/X1000-XI-M-127.json/ (+0ms) 
23:44:30   ├─ /politics/practice-review/X1000-HISTORY-S-001.json/ (+0ms) 
23:44:30   ├─ /politics/practice-review/X1000-HISTORY-S-002.json/ (+0ms) 
23:44:30   ├─ /politics/practice-review/X1000-HISTORY-S-003.json/ (+0ms) 
23:44:30   ├─ /politics/practice-review/X1000-HISTORY-S-004.json/ (+0ms) 
23:44:30   ├─ /politics/practice-review/X1000-HISTORY-S-005.json/ (+0ms) 
23:44:30   ├─ /politics/practice-review/X1000-HISTORY-S-006.json/ (+0ms) 
23:44:30   ├─ /politics/practice-review/X1000-HISTORY-S-007.json/ (+0ms) 
23:44:30   ├─ /politics/practice-review/X1000-HISTORY-S-008.json/ (+0ms) 
23:44:30   ├─ /politics/practice-review/X1000-HISTORY-S-009.json/ (+0ms) 
23:44:30   ├─ /politics/practice-review/X1000-HISTORY-S-010.json/ (+0ms) 
23:44:30   ├─ /politics/practice-review/X1000-HISTORY-S-011.json/ (+0ms) 
23:44:30   ├─ /politics/practice-review/X1000-HISTORY-S-012.json/ (+0ms) 
23:44:30   ├─ /politics/practice-review/X1000-HISTORY-S-013.json/ (+0ms) 
23:44:30   ├─ /politics/practice-review/X1000-HISTORY-S-014.json/ (+0ms) 
23:44:30   ├─ /politics/practice-review/X1000-HISTORY-S-015.json/ (+0ms) 
23:44:30   ├─ /politics/practice-review/X1000-HISTORY-S-016.json/ (+0ms) 
23:44:30   ├─ /politics/practice-review/X1000-HISTORY-S-017.json/ (+0ms) 
23:44:30   ├─ /politics/practice-review/X1000-HISTORY-S-018.json/ (+0ms) 
23:44:30   ├─ /politics/practice-review/X1000-HISTORY-S-019.json/ (+0ms) 
23:44:30   ├─ /politics/practice-review/X1000-HISTORY-S-020.json/ (+0ms) 
23:44:30   ├─ /politics/practice-review/X1000-HISTORY-S-021.json/ (+0ms) 
23:44:30   ├─ /politics/practice-review/X1000-HISTORY-S-022.json/ (+0ms) 
23:44:30   ├─ /politics/practice-review/X1000-HISTORY-S-023.json/ (+0ms) 
23:44:30   ├─ /politics/practice-review/X1000-HISTORY-S-024.json/ (+0ms) 
23:44:30   ├─ /politics/practice-review/X1000-HISTORY-S-025.json/ (+0ms) 
23:44:30   ├─ /politics/practice-review/X1000-HISTORY-S-026.json/ (+0ms) 
23:44:30   ├─ /politics/practice-review/X1000-HISTORY-S-027.json/ (+0ms) 
23:44:30   ├─ /politics/practice-review/X1000-HISTORY-S-028.json/ (+0ms) 
23:44:30   ├─ /politics/practice-review/X1000-HISTORY-S-029.json/ (+0ms) 
23:44:30   ├─ /politics/practice-review/X1000-HISTORY-S-030.json/ (+0ms) 
23:44:30   ├─ /politics/practice-review/X1000-HISTORY-S-031.json/ (+0ms) 
23:44:30   ├─ /politics/practice-review/X1000-HISTORY-S-032.json/ (+0ms) 
23:44:30   ├─ /politics/practice-review/X1000-HISTORY-S-033.json/ (+0ms) 
23:44:30   ├─ /politics/practice-review/X1000-HISTORY-S-034.json/ (+0ms) 
23:44:30   ├─ /politics/practice-review/X1000-HISTORY-S-035.json/ (+0ms) 
23:44:30   ├─ /politics/practice-review/X1000-HISTORY-S-036.json/ (+0ms) 
23:44:30   ├─ /politics/practice-review/X1000-HISTORY-S-037.json/ (+0ms) 
23:44:30   ├─ /politics/practice-review/X1000-HISTORY-S-038.json/ (+0ms) 
23:44:30   ├─ /politics/practice-review/X1000-HISTORY-S-039.json/ (+0ms) 
23:44:30   ├─ /politics/practice-review/X1000-HISTORY-S-040.json/ (+0ms) 
23:44:30   ├─ /politics/practice-review/X1000-HISTORY-S-041.json/ (+0ms) 
23:44:30   ├─ /politics/practice-review/X1000-HISTORY-S-042.json/ (+0ms) 
23:44:30   ├─ /politics/practice-review/X1000-HISTORY-S-043.json/ (+0ms) 
23:44:30   ├─ /politics/practice-review/X1000-HISTORY-S-044.json/ (+0ms) 
23:44:30   ├─ /politics/practice-review/X1000-HISTORY-S-045.json/ (+0ms) 
23:44:30   ├─ /politics/practice-review/X1000-HISTORY-S-046.json/ (+0ms) 
23:44:30   ├─ /politics/practice-review/X1000-HISTORY-S-047.json/ (+0ms) 
23:44:30   ├─ /politics/practice-review/X1000-HISTORY-S-048.json/ (+0ms) 
23:44:30   ├─ /politics/practice-review/X1000-HISTORY-S-049.json/ (+0ms) 
23:44:30   ├─ /politics/practice-review/X1000-HISTORY-S-050.json/ (+0ms) 
23:44:30   ├─ /politics/practice-review/X1000-HISTORY-S-051.json/ (+0ms) 
23:44:30   ├─ /politics/practice-review/X1000-HISTORY-S-052.json/ (+0ms) 
23:44:30   ├─ /politics/practice-review/X1000-HISTORY-S-053.json/ (+0ms) 
23:44:30   ├─ /politics/practice-review/X1000-HISTORY-S-054.json/ (+0ms) 
23:44:30   ├─ /politics/practice-review/X1000-HISTORY-S-055.json/ (+0ms) 
23:44:30   ├─ /politics/practice-review/X1000-HISTORY-S-056.json/ (+0ms) 
23:44:30   ├─ /politics/practice-review/X1000-HISTORY-S-057.json/ (+0ms) 
23:44:30   ├─ /politics/practice-review/X1000-HISTORY-S-058.json/ (+0ms) 
23:44:30   ├─ /politics/practice-review/X1000-HISTORY-S-059.json/ (+0ms) 
23:44:30   ├─ /politics/practice-review/X1000-HISTORY-S-060.json/ (+0ms) 
23:44:30   ├─ /politics/practice-review/X1000-HISTORY-S-061.json/ (+0ms) 
23:44:30   ├─ /politics/practice-review/X1000-HISTORY-S-062.json/ (+0ms) 
23:44:30   ├─ /politics/practice-review/X1000-HISTORY-S-063.json/ (+0ms) 
23:44:30   ├─ /politics/practice-review/X1000-HISTORY-S-064.json/ (+0ms) 
23:44:30   ├─ /politics/practice-review/X1000-HISTORY-S-065.json/ (+0ms) 
23:44:30   ├─ /politics/practice-review/X1000-HISTORY-S-066.json/ (+0ms) 
23:44:30   ├─ /politics/practice-review/X1000-HISTORY-S-068.json/ (+0ms) 
23:44:30   ├─ /politics/practice-review/X1000-HISTORY-S-069.json/ (+0ms) 
23:44:30   ├─ /politics/practice-review/X1000-HISTORY-S-070.json/ (+0ms) 
23:44:30   ├─ /politics/practice-review/X1000-HISTORY-S-071.json/ (+0ms) 
23:44:30   ├─ /politics/practice-review/X1000-HISTORY-S-072.json/ (+0ms) 
23:44:30   ├─ /politics/practice-review/X1000-HISTORY-S-073.json/ (+0ms) 
23:44:30   ├─ /politics/practice-review/X1000-HISTORY-S-074.json/ (+0ms) 
23:44:30   ├─ /politics/practice-review/X1000-HISTORY-S-075.json/ (+0ms) 
23:44:30   ├─ /politics/practice-review/X1000-HISTORY-S-076.json/ (+0ms) 
23:44:30   ├─ /politics/practice-review/X1000-HISTORY-S-077.json/ (+0ms) 
23:44:30   ├─ /politics/practice-review/X1000-HISTORY-S-078.json/ (+0ms) 
23:44:30   ├─ /politics/practice-review/X1000-HISTORY-S-079.json/ (+0ms) 
23:44:30   ├─ /politics/practice-review/X1000-HISTORY-S-080.json/ (+0ms) 
23:44:30   ├─ /politics/practice-review/X1000-HISTORY-S-081.json/ (+0ms) 
23:44:30   ├─ /politics/practice-review/X1000-HISTORY-S-082.json/ (+0ms) 
23:44:30   ├─ /politics/practice-review/X1000-HISTORY-S-083.json/ (+0ms) 
23:44:30   ├─ /politics/practice-review/X1000-HISTORY-S-084.json/ (+0ms) 
23:44:30   ├─ /politics/practice-review/X1000-HISTORY-S-085.json/ (+0ms) 
23:44:30   ├─ /politics/practice-review/X1000-HISTORY-S-086.json/ (+0ms) 
23:44:30   ├─ /politics/practice-review/X1000-HISTORY-S-087.json/ (+0ms) 
23:44:30   ├─ /politics/practice-review/X1000-HISTORY-S-088.json/ (+0ms) 
23:44:30   ├─ /politics/practice-review/X1000-HISTORY-S-089.json/ (+0ms) 
23:44:30   ├─ /politics/practice-review/X1000-HISTORY-S-090.json/ (+0ms) 
23:44:30   ├─ /politics/practice-review/X1000-HISTORY-S-091.json/ (+0ms) 
23:44:30   ├─ /politics/practice-review/X1000-HISTORY-S-092.json/ (+0ms) 
23:44:30   ├─ /politics/practice-review/X1000-HISTORY-S-093.json/ (+0ms) 
23:44:30   ├─ /politics/practice-review/X1000-HISTORY-S-094.json/ (+0ms) 
23:44:30   ├─ /politics/practice-review/X1000-HISTORY-S-095.json/ (+0ms) 
23:44:30   ├─ /politics/practice-review/X1000-HISTORY-S-096.json/ (+0ms) 
23:44:30   ├─ /politics/practice-review/X1000-HISTORY-S-097.json/ (+0ms) 
23:44:30   ├─ /politics/practice-review/X1000-HISTORY-S-098.json/ (+0ms) 
23:44:30   ├─ /politics/practice-review/X1000-HISTORY-S-099.json/ (+0ms) 
23:44:30   ├─ /politics/practice-review/X1000-HISTORY-S-100.json/ (+0ms) 
23:44:30   ├─ /politics/practice-review/X1000-HISTORY-S-101.json/ (+0ms) 
23:44:30   ├─ /politics/practice-review/X1000-HISTORY-S-102.json/ (+0ms) 
23:44:30   ├─ /politics/practice-review/X1000-HISTORY-S-103.json/ (+0ms) 
23:44:30   ├─ /politics/practice-review/X1000-HISTORY-S-104.json/ (+0ms) 
23:44:30   ├─ /politics/practice-review/X1000-HISTORY-S-105.json/ (+0ms) 
23:44:30   ├─ /politics/practice-review/X1000-HISTORY-S-106.json/ (+0ms) 
23:44:30   ├─ /politics/practice-review/X1000-HISTORY-S-107.json/ (+0ms) 
23:44:30   ├─ /politics/practice-review/X1000-HISTORY-S-112.json/ (+0ms) 
23:44:30   ├─ /politics/practice-review/X1000-HISTORY-S-113.json/ (+0ms) 
23:44:30   ├─ /politics/practice-review/X1000-HISTORY-S-114.json/ (+0ms) 
23:44:30   ├─ /politics/practice-review/X1000-HISTORY-S-115.json/ (+0ms) 
23:44:30   ├─ /politics/practice-review/X1000-HISTORY-S-116.json/ (+0ms) 
23:44:30   ├─ /politics/practice-review/X1000-HISTORY-S-117.json/ (+0ms) 
23:44:30   ├─ /politics/practice-review/X1000-HISTORY-S-118.json/ (+0ms) 
23:44:30   ├─ /politics/practice-review/X1000-HISTORY-S-119.json/ (+0ms) 
23:44:30   ├─ /politics/practice-review/X1000-HISTORY-S-120.json/ (+0ms) 
23:44:30   ├─ /politics/practice-review/X1000-HISTORY-S-121.json/ (+0ms) 
23:44:30   ├─ /politics/practice-review/X1000-HISTORY-S-122.json/ (+0ms) 
23:44:30   ├─ /politics/practice-review/X1000-HISTORY-S-123.json/ (+0ms) 
23:44:30   ├─ /politics/practice-review/X1000-HISTORY-S-124.json/ (+0ms) 
23:44:30   ├─ /politics/practice-review/X1000-HISTORY-S-125.json/ (+0ms) 
23:44:30   ├─ /politics/practice-review/X1000-HISTORY-S-126.json/ (+0ms) 
23:44:30   ├─ /politics/practice-review/X1000-HISTORY-S-127.json/ (+0ms) 
23:44:30   ├─ /politics/practice-review/X1000-HISTORY-S-128.json/ (+0ms) 
23:44:30   ├─ /politics/practice-review/X1000-HISTORY-S-129.json/ (+0ms) 
23:44:30   ├─ /politics/practice-review/X1000-HISTORY-M-001.json/ (+0ms) 
23:44:30   ├─ /politics/practice-review/X1000-HISTORY-M-002.json/ (+0ms) 
23:44:30   ├─ /politics/practice-review/X1000-HISTORY-M-003.json/ (+0ms) 
23:44:30   ├─ /politics/practice-review/X1000-HISTORY-M-004.json/ (+0ms) 
23:44:30   ├─ /politics/practice-review/X1000-HISTORY-M-005.json/ (+0ms) 
23:44:30   ├─ /politics/practice-review/X1000-HISTORY-M-006.json/ (+0ms) 
23:44:30   ├─ /politics/practice-review/X1000-HISTORY-M-007.json/ (+0ms) 
23:44:30   ├─ /politics/practice-review/X1000-HISTORY-M-008.json/ (+0ms) 
23:44:30   ├─ /politics/practice-review/X1000-HISTORY-M-009.json/ (+0ms) 
23:44:30   ├─ /politics/practice-review/X1000-HISTORY-M-010.json/ (+1ms) 
23:44:30   ├─ /politics/practice-review/X1000-HISTORY-M-011.json/ (+0ms) 
23:44:30   ├─ /politics/practice-review/X1000-HISTORY-M-012.json/ (+0ms) 
23:44:30   ├─ /politics/practice-review/X1000-HISTORY-M-013.json/ (+0ms) 
23:44:30   ├─ /politics/practice-review/X1000-HISTORY-M-014.json/ (+0ms) 
23:44:30   ├─ /politics/practice-review/X1000-HISTORY-M-015.json/ (+0ms) 
23:44:30   ├─ /politics/practice-review/X1000-HISTORY-M-016.json/ (+0ms) 
23:44:30   ├─ /politics/practice-review/X1000-HISTORY-M-017.json/ (+0ms) 
23:44:30   ├─ /politics/practice-review/X1000-HISTORY-M-018.json/ (+0ms) 
23:44:30   ├─ /politics/practice-review/X1000-HISTORY-M-019.json/ (+0ms) 
23:44:30   ├─ /politics/practice-review/X1000-HISTORY-M-020.json/ (+0ms) 
23:44:30   ├─ /politics/practice-review/X1000-HISTORY-M-021.json/ (+0ms) 
23:44:30   ├─ /politics/practice-review/X1000-HISTORY-M-022.json/ (+0ms) 
23:44:30   ├─ /politics/practice-review/X1000-HISTORY-M-023.json/ (+0ms) 
23:44:30   ├─ /politics/practice-review/X1000-HISTORY-M-024.json/ (+0ms) 
23:44:30   ├─ /politics/practice-review/X1000-HISTORY-M-025.json/ (+0ms) 
23:44:30   ├─ /politics/practice-review/X1000-HISTORY-M-026.json/ (+0ms) 
23:44:30   ├─ /politics/practice-review/X1000-HISTORY-M-027.json/ (+0ms) 
23:44:30   ├─ /politics/practice-review/X1000-HISTORY-M-028.json/ (+0ms) 
23:44:30   ├─ /politics/practice-review/X1000-HISTORY-M-029.json/ (+0ms) 
23:44:30   ├─ /politics/practice-review/X1000-HISTORY-M-030.json/ (+0ms) 
23:44:30   ├─ /politics/practice-review/X1000-HISTORY-M-031.json/ (+0ms) 
23:44:30   ├─ /politics/practice-review/X1000-HISTORY-M-032.json/ (+0ms) 
23:44:30   ├─ /politics/practice-review/X1000-HISTORY-M-033.json/ (+0ms) 
23:44:30   ├─ /politics/practice-review/X1000-HISTORY-M-034.json/ (+1ms) 
23:44:30   ├─ /politics/practice-review/X1000-HISTORY-M-035.json/ (+0ms) 
23:44:30   ├─ /politics/practice-review/X1000-HISTORY-M-036.json/ (+0ms) 
23:44:30   ├─ /politics/practice-review/X1000-HISTORY-M-037.json/ (+0ms) 
23:44:30   ├─ /politics/practice-review/X1000-HISTORY-M-038.json/ (+0ms) 
23:44:30   ├─ /politics/practice-review/X1000-HISTORY-M-039.json/ (+1ms) 
23:44:30   ├─ /politics/practice-review/X1000-HISTORY-M-040.json/ (+0ms) 
23:44:30   ├─ /politics/practice-review/X1000-HISTORY-M-041.json/ (+0ms) 
23:44:30   ├─ /politics/practice-review/X1000-HISTORY-M-042.json/ (+0ms) 
23:44:30   ├─ /politics/practice-review/X1000-HISTORY-M-043.json/ (+0ms) 
23:44:30   ├─ /politics/practice-review/X1000-HISTORY-M-044.json/ (+1ms) 
23:44:30   ├─ /politics/practice-review/X1000-HISTORY-M-045.json/ (+0ms) 
23:44:30   ├─ /politics/practice-review/X1000-HISTORY-M-046.json/ (+0ms) 
23:44:30   ├─ /politics/practice-review/X1000-HISTORY-M-047.json/ (+1ms) 
23:44:30   ├─ /politics/practice-review/X1000-HISTORY-M-048.json/ (+0ms) 
23:44:30   ├─ /politics/practice-review/X1000-HISTORY-M-049.json/ (+0ms) 
23:44:30   ├─ /politics/practice-review/X1000-HISTORY-M-050.json/ (+0ms) 
23:44:30   ├─ /politics/practice-review/X1000-HISTORY-M-051.json/ (+0ms) 
23:44:30   ├─ /politics/practice-review/X1000-HISTORY-M-052.json/ (+0ms) 
23:44:30   ├─ /politics/practice-review/X1000-HISTORY-M-053.json/ (+1ms) 
23:44:30   ├─ /politics/practice-review/X1000-HISTORY-M-054.json/ (+0ms) 
23:44:30   ├─ /politics/practice-review/X1000-HISTORY-M-055.json/ (+0ms) 
23:44:30   ├─ /politics/practice-review/X1000-HISTORY-M-056.json/ (+0ms) 
23:44:30   ├─ /politics/practice-review/X1000-HISTORY-M-057.json/ (+0ms) 
23:44:30   ├─ /politics/practice-review/X1000-HISTORY-M-058.json/ (+0ms) 
23:44:30   ├─ /politics/practice-review/X1000-HISTORY-M-059.json/ (+0ms) 
23:44:30   ├─ /politics/practice-review/X1000-HISTORY-M-060.json/ (+0ms) 
23:44:30   ├─ /politics/practice-review/X1000-HISTORY-M-062.json/ (+0ms) 
23:44:30   ├─ /politics/practice-review/X1000-HISTORY-M-063.json/ (+0ms) 
23:44:30   ├─ /politics/practice-review/X1000-HISTORY-M-064.json/ (+0ms) 
23:44:30   ├─ /politics/practice-review/X1000-HISTORY-M-065.json/ (+0ms) 
23:44:30   ├─ /politics/practice-review/X1000-HISTORY-M-066.json/ (+0ms) 
23:44:30   ├─ /politics/practice-review/X1000-HISTORY-M-067.json/ (+0ms) 
23:44:30   ├─ /politics/practice-review/X1000-HISTORY-M-068.json/ (+0ms) 
23:44:30   ├─ /politics/practice-review/X1000-HISTORY-M-069.json/ (+0ms) 
23:44:30   ├─ /politics/practice-review/X1000-HISTORY-M-070.json/ (+0ms) 
23:44:30   ├─ /politics/practice-review/X1000-HISTORY-M-071.json/ (+0ms) 
23:44:30   ├─ /politics/practice-review/X1000-HISTORY-M-072.json/ (+0ms) 
23:44:30   ├─ /politics/practice-review/X1000-HISTORY-M-073.json/ (+0ms) 
23:44:30   ├─ /politics/practice-review/X1000-HISTORY-M-074.json/ (+0ms) 
23:44:30   ├─ /politics/practice-review/X1000-HISTORY-M-075.json/ (+0ms) 
23:44:30   ├─ /politics/practice-review/X1000-HISTORY-M-076.json/ (+0ms) 
23:44:30   ├─ /politics/practice-review/X1000-HISTORY-M-077.json/ (+0ms) 
23:44:30   ├─ /politics/practice-review/X1000-HISTORY-M-078.json/ (+0ms) 
23:44:30   ├─ /politics/practice-review/X1000-HISTORY-M-079.json/ (+0ms) 
23:44:30   ├─ /politics/practice-review/X1000-HISTORY-M-080.json/ (+0ms) 
23:44:30   ├─ /politics/practice-review/X1000-HISTORY-M-081.json/ (+0ms) 
23:44:30   ├─ /politics/practice-review/X1000-HISTORY-M-082.json/ (+0ms) 
23:44:30   ├─ /politics/practice-review/X1000-HISTORY-M-083.json/ (+0ms) 
23:44:30   ├─ /politics/practice-review/X1000-HISTORY-M-084.json/ (+0ms) 
23:44:30   ├─ /politics/practice-review/X1000-HISTORY-M-085.json/ (+0ms) 
23:44:30   ├─ /politics/practice-review/X1000-HISTORY-M-086.json/ (+0ms) 
23:44:30   ├─ /politics/practice-review/X1000-HISTORY-M-087.json/ (+0ms) 
23:44:30   ├─ /politics/practice-review/X1000-HISTORY-M-088.json/ (+0ms) 
23:44:30   ├─ /politics/practice-review/X1000-HISTORY-M-089.json/ (+0ms) 
23:44:30   ├─ /politics/practice-review/X1000-HISTORY-M-090.json/ (+0ms) 
23:44:30   ├─ /politics/practice-review/X1000-HISTORY-M-091.json/ (+0ms) 
23:44:30   ├─ /politics/practice-review/X1000-HISTORY-M-092.json/ (+0ms) 
23:44:30   ├─ /politics/practice-review/X1000-HISTORY-M-093.json/ (+0ms) 
23:44:30   ├─ /politics/practice-review/X1000-HISTORY-M-094.json/ (+0ms) 
23:44:30   ├─ /politics/practice-review/X1000-HISTORY-M-095.json/ (+0ms) 
23:44:30   ├─ /politics/practice-review/X1000-HISTORY-M-096.json/ (+0ms) 
23:44:30   ├─ /politics/practice-review/X1000-HISTORY-M-097.json/ (+0ms) 
23:44:30   ├─ /politics/practice-review/X1000-HISTORY-M-098.json/ (+0ms) 
23:44:30   ├─ /politics/practice-review/X1000-HISTORY-M-099.json/ (+0ms) 
23:44:30   ├─ /politics/practice-review/X1000-HISTORY-M-100.json/ (+0ms) 
23:44:30   ├─ /politics/practice-review/X1000-HISTORY-M-101.json/ (+0ms) 
23:44:30   ├─ /politics/practice-review/X1000-HISTORY-M-102.json/ (+0ms) 
23:44:30   ├─ /politics/practice-review/X1000-HISTORY-M-103.json/ (+0ms) 
23:44:30   ├─ /politics/practice-review/X1000-HISTORY-M-104.json/ (+0ms) 
23:44:30   ├─ /politics/practice-review/X1000-HISTORY-M-105.json/ (+0ms) 
23:44:30   ├─ /politics/practice-review/X1000-HISTORY-M-106.json/ (+0ms) 
23:44:30   ├─ /politics/practice-review/X1000-HISTORY-M-107.json/ (+0ms) 
23:44:30   ├─ /politics/practice-review/X1000-HISTORY-M-108.json/ (+0ms) 
23:44:30   ├─ /politics/practice-review/X1000-HISTORY-M-109.json/ (+0ms) 
23:44:30   ├─ /politics/practice-review/X1000-HISTORY-M-110.json/ (+0ms) 
23:44:30   ├─ /politics/practice-review/X1000-HISTORY-M-111.json/ (+0ms) 
23:44:30   ├─ /politics/practice-review/X1000-HISTORY-M-112.json/ (+0ms) 
23:44:30   ├─ /politics/practice-review/X1000-HISTORY-M-113.json/ (+0ms) 
23:44:30   ├─ /politics/practice-review/X1000-HISTORY-M-114.json/ (+0ms) 
23:44:30   ├─ /politics/practice-review/X1000-HISTORY-M-115.json/ (+0ms) 
23:44:30   ├─ /politics/practice-review/X1000-HISTORY-M-116.json/ (+0ms) 
23:44:30   ├─ /politics/practice-review/X1000-HISTORY-M-117.json/ (+0ms) 
23:44:30   ├─ /politics/practice-review/X1000-HISTORY-M-118.json/ (+0ms) 
23:44:30   ├─ /politics/practice-review/X1000-HISTORY-M-119.json/ (+0ms) 
23:44:30   ├─ /politics/practice-review/X1000-HISTORY-M-120.json/ (+0ms) 
23:44:30   ├─ /politics/practice-review/X1000-HISTORY-M-121.json/ (+0ms) 
23:44:30   ├─ /politics/practice-review/X1000-HISTORY-M-122.json/ (+0ms) 
23:44:30   ├─ /politics/practice-review/X1000-ETHICS-S-001.json/ (+0ms) 
23:44:30   ├─ /politics/practice-review/X1000-ETHICS-S-002.json/ (+0ms) 
23:44:30   ├─ /politics/practice-review/X1000-ETHICS-S-003.json/ (+0ms) 
23:44:30   ├─ /politics/practice-review/X1000-ETHICS-S-004.json/ (+0ms) 
23:44:30   ├─ /politics/practice-review/X1000-ETHICS-S-005.json/ (+0ms) 
23:44:30   ├─ /politics/practice-review/X1000-ETHICS-S-006.json/ (+0ms) 
23:44:30   ├─ /politics/practice-review/X1000-ETHICS-S-007.json/ (+0ms) 
23:44:30   ├─ /politics/practice-review/X1000-ETHICS-S-008.json/ (+0ms) 
23:44:30   ├─ /politics/practice-review/X1000-ETHICS-S-009.json/ (+0ms) 
23:44:30   ├─ /politics/practice-review/X1000-ETHICS-S-010.json/ (+0ms) 
23:44:30   ├─ /politics/practice-review/X1000-ETHICS-S-011.json/ (+0ms) 
23:44:30   ├─ /politics/practice-review/X1000-ETHICS-S-012.json/ (+0ms) 
23:44:30   ├─ /politics/practice-review/X1000-ETHICS-S-013.json/ (+0ms) 
23:44:30   ├─ /politics/practice-review/X1000-ETHICS-S-014.json/ (+0ms) 
23:44:30   ├─ /politics/practice-review/X1000-ETHICS-S-015.json/ (+0ms) 
23:44:30   ├─ /politics/practice-review/X1000-ETHICS-S-016.json/ (+0ms) 
23:44:30   ├─ /politics/practice-review/X1000-ETHICS-S-017.json/ (+0ms) 
23:44:30   ├─ /politics/practice-review/X1000-ETHICS-S-018.json/ (+0ms) 
23:44:30   ├─ /politics/practice-review/X1000-ETHICS-S-019.json/ (+0ms) 
23:44:30   ├─ /politics/practice-review/X1000-ETHICS-S-020.json/ (+0ms) 
23:44:30   ├─ /politics/practice-review/X1000-ETHICS-S-021.json/ (+0ms) 
23:44:30   ├─ /politics/practice-review/X1000-ETHICS-S-022.json/ (+0ms) 
23:44:30   ├─ /politics/practice-review/X1000-ETHICS-S-023.json/ (+0ms) 
23:44:30   ├─ /politics/practice-review/X1000-ETHICS-S-024.json/ (+0ms) 
23:44:30   ├─ /politics/practice-review/X1000-ETHICS-S-025.json/ (+0ms) 
23:44:30   ├─ /politics/practice-review/X1000-ETHICS-S-026.json/ (+0ms) 
23:44:30   ├─ /politics/practice-review/X1000-ETHICS-S-027.json/ (+0ms) 
23:44:30   ├─ /politics/practice-review/X1000-ETHICS-S-028.json/ (+0ms) 
23:44:30   ├─ /politics/practice-review/X1000-ETHICS-S-029.json/ (+0ms) 
23:44:30   ├─ /politics/practice-review/X1000-ETHICS-S-030.json/ (+0ms) 
23:44:30   ├─ /politics/practice-review/X1000-ETHICS-S-031.json/ (+0ms) 
23:44:30   ├─ /politics/practice-review/X1000-ETHICS-S-032.json/ (+0ms) 
23:44:30   ├─ /politics/practice-review/X1000-ETHICS-S-033.json/ (+0ms) 
23:44:30   ├─ /politics/practice-review/X1000-ETHICS-S-034.json/ (+0ms) 
23:44:30   ├─ /politics/practice-review/X1000-ETHICS-S-035.json/ (+0ms) 
23:44:30   ├─ /politics/practice-review/X1000-ETHICS-S-036.json/ (+0ms) 
23:44:30   ├─ /politics/practice-review/X1000-ETHICS-S-037.json/ (+0ms) 
23:44:30   ├─ /politics/practice-review/X1000-ETHICS-S-038.json/ (+0ms) 
23:44:30   ├─ /politics/practice-review/X1000-ETHICS-S-039.json/ (+0ms) 
23:44:30   ├─ /politics/practice-review/X1000-ETHICS-S-040.json/ (+0ms) 
23:44:30   ├─ /politics/practice-review/X1000-ETHICS-S-041.json/ (+0ms) 
23:44:30   ├─ /politics/practice-review/X1000-ETHICS-S-042.json/ (+0ms) 
23:44:30   ├─ /politics/practice-review/X1000-ETHICS-S-043.json/ (+0ms) 
23:44:30   ├─ /politics/practice-review/X1000-ETHICS-S-044.json/ (+0ms) 
23:44:30   ├─ /politics/practice-review/X1000-ETHICS-S-045.json/ (+0ms) 
23:44:30   ├─ /politics/practice-review/X1000-ETHICS-S-046.json/ (+0ms) 
23:44:30   ├─ /politics/practice-review/X1000-ETHICS-S-047.json/ (+0ms) 
23:44:30   ├─ /politics/practice-review/X1000-ETHICS-S-048.json/ (+0ms) 
23:44:30   ├─ /politics/practice-review/X1000-ETHICS-S-049.json/ (+0ms) 
23:44:30   ├─ /politics/practice-review/X1000-ETHICS-S-050.json/ (+0ms) 
23:44:30   ├─ /politics/practice-review/X1000-ETHICS-S-051.json/ (+0ms) 
23:44:30   ├─ /politics/practice-review/X1000-ETHICS-S-052.json/ (+0ms) 
23:44:30   ├─ /politics/practice-review/X1000-ETHICS-S-053.json/ (+0ms) 
23:44:30   ├─ /politics/practice-review/X1000-ETHICS-S-054.json/ (+0ms) 
23:44:30   ├─ /politics/practice-review/X1000-ETHICS-S-055.json/ (+0ms) 
23:44:30   ├─ /politics/practice-review/X1000-ETHICS-S-056.json/ (+0ms) 
23:44:30   ├─ /politics/practice-review/X1000-ETHICS-S-057.json/ (+0ms) 
23:44:30   ├─ /politics/practice-review/X1000-ETHICS-S-058.json/ (+0ms) 
23:44:30   ├─ /politics/practice-review/X1000-ETHICS-S-059.json/ (+0ms) 
23:44:30   ├─ /politics/practice-review/X1000-ETHICS-S-060.json/ (+0ms) 
23:44:30   ├─ /politics/practice-review/X1000-ETHICS-S-061.json/ (+0ms) 
23:44:30   ├─ /politics/practice-review/X1000-ETHICS-S-062.json/ (+0ms) 
23:44:30   ├─ /politics/practice-review/X1000-ETHICS-S-063.json/ (+0ms) 
23:44:30   ├─ /politics/practice-review/X1000-ETHICS-S-064.json/ (+0ms) 
23:44:30   ├─ /politics/practice-review/X1000-ETHICS-S-065.json/ (+0ms) 
23:44:30   ├─ /politics/practice-review/X1000-ETHICS-S-066.json/ (+0ms) 
23:44:30   ├─ /politics/practice-review/X1000-ETHICS-M-001.json/ (+0ms) 
23:44:30   ├─ /politics/practice-review/X1000-ETHICS-M-002.json/ (+0ms) 
23:44:30   ├─ /politics/practice-review/X1000-ETHICS-M-003.json/ (+0ms) 
23:44:30   ├─ /politics/practice-review/X1000-ETHICS-M-004.json/ (+0ms) 
23:44:30   ├─ /politics/practice-review/X1000-ETHICS-M-005.json/ (+0ms) 
23:44:30   ├─ /politics/practice-review/X1000-ETHICS-M-006.json/ (+0ms) 
23:44:30   ├─ /politics/practice-review/X1000-ETHICS-M-007.json/ (+0ms) 
23:44:30   ├─ /politics/practice-review/X1000-ETHICS-M-008.json/ (+0ms) 
23:44:30   ├─ /politics/practice-review/X1000-ETHICS-M-009.json/ (+0ms) 
23:44:30   ├─ /politics/practice-review/X1000-ETHICS-M-010.json/ (+0ms) 
23:44:30   ├─ /politics/practice-review/X1000-ETHICS-M-011.json/ (+0ms) 
23:44:30   ├─ /politics/practice-review/X1000-ETHICS-M-012.json/ (+0ms) 
23:44:30   ├─ /politics/practice-review/X1000-ETHICS-M-013.json/ (+0ms) 
23:44:30   ├─ /politics/practice-review/X1000-ETHICS-M-014.json/ (+0ms) 
23:44:30   ├─ /politics/practice-review/X1000-ETHICS-M-015.json/ (+0ms) 
23:44:30   ├─ /politics/practice-review/X1000-ETHICS-M-016.json/ (+0ms) 
23:44:30   ├─ /politics/practice-review/X1000-ETHICS-M-017.json/ (+0ms) 
23:44:30   ├─ /politics/practice-review/X1000-ETHICS-M-018.json/ (+0ms) 
23:44:30   ├─ /politics/practice-review/X1000-ETHICS-M-019.json/ (+0ms) 
23:44:30   ├─ /politics/practice-review/X1000-ETHICS-M-020.json/ (+0ms) 
23:44:30   ├─ /politics/practice-review/X1000-ETHICS-M-021.json/ (+0ms) 
23:44:30   ├─ /politics/practice-review/X1000-ETHICS-M-022.json/ (+0ms) 
23:44:30   ├─ /politics/practice-review/X1000-ETHICS-M-023.json/ (+0ms) 
23:44:30   ├─ /politics/practice-review/X1000-ETHICS-M-024.json/ (+0ms) 
23:44:30   ├─ /politics/practice-review/X1000-ETHICS-M-025.json/ (+0ms) 
23:44:30   ├─ /politics/practice-review/X1000-ETHICS-M-026.json/ (+0ms) 
23:44:30   ├─ /politics/practice-review/X1000-ETHICS-M-027.json/ (+0ms) 
23:44:30   ├─ /politics/practice-review/X1000-ETHICS-M-028.json/ (+0ms) 
23:44:30   ├─ /politics/practice-review/X1000-ETHICS-M-029.json/ (+0ms) 
23:44:30   ├─ /politics/practice-review/X1000-ETHICS-M-030.json/ (+0ms) 
23:44:30   ├─ /politics/practice-review/X1000-ETHICS-M-031.json/ (+0ms) 
23:44:30   ├─ /politics/practice-review/X1000-ETHICS-M-032.json/ (+0ms) 
23:44:30   ├─ /politics/practice-review/X1000-ETHICS-M-033.json/ (+0ms) 
23:44:30   ├─ /politics/practice-review/X1000-ETHICS-M-034.json/ (+0ms) 
23:44:30   ├─ /politics/practice-review/X1000-ETHICS-M-035.json/ (+0ms) 
23:44:30   ├─ /politics/practice-review/X1000-ETHICS-M-036.json/ (+0ms) 
23:44:30   ├─ /politics/practice-review/X1000-ETHICS-M-037.json/ (+0ms) 
23:44:30   ├─ /politics/practice-review/X1000-ETHICS-M-038.json/ (+0ms) 
23:44:30   ├─ /politics/practice-review/X1000-ETHICS-M-039.json/ (+0ms) 
23:44:30   ├─ /politics/practice-review/X1000-ETHICS-M-040.json/ (+0ms) 
23:44:30   ├─ /politics/practice-review/X1000-ETHICS-M-041.json/ (+0ms) 
23:44:30   ├─ /politics/practice-review/X1000-ETHICS-M-042.json/ (+0ms) 
23:44:30   ├─ /politics/practice-review/X1000-ETHICS-M-043.json/ (+0ms) 
23:44:30   ├─ /politics/practice-review/X1000-ETHICS-M-044.json/ (+0ms) 
23:44:30   ├─ /politics/practice-review/X1000-ETHICS-M-045.json/ (+0ms) 
23:44:30   ├─ /politics/practice-review/X1000-ETHICS-M-046.json/ (+0ms) 
23:44:30   ├─ /politics/practice-review/X1000-ETHICS-M-047.json/ (+0ms) 
23:44:30   ├─ /politics/practice-review/X1000-ETHICS-M-048.json/ (+0ms) 
23:44:30   ├─ /politics/practice-review/X1000-ETHICS-M-049.json/ (+0ms) 
23:44:30   ├─ /politics/practice-review/X1000-ETHICS-M-050.json/ (+0ms) 
23:44:30   ├─ /politics/practice-review/X1000-ETHICS-M-051.json/ (+0ms) 
23:44:30   ├─ /politics/practice-review/X1000-ETHICS-M-052.json/ (+0ms) 
23:44:30   ├─ /politics/practice-review/X1000-ETHICS-M-053.json/ (+0ms) 
23:44:30   ├─ /politics/practice-review/X1000-ETHICS-M-054.json/ (+0ms) 
23:44:30   ├─ /politics/practice-review/X1000-ETHICS-M-057.json/ (+0ms) 
23:44:30   ├─ /politics/practice-review/X1000-ETHICS-M-058.json/ (+0ms) 
23:44:30   ├─ /politics/practice-review/X1000-ETHICS-M-059.json/ (+0ms) 
23:44:30   ├─ /politics/practice-review/X1000-ETHICS-M-060.json/ (+0ms) 
23:44:30   ├─ /politics/practice-review/X1000-ETHICS-M-061.json/ (+0ms) 
23:44:30   ├─ /politics/practice-review/X1000-ETHICS-M-062.json/ (+0ms) 
23:44:30   ├─ /politics/practice-review/X1000-ETHICS-M-063.json/ (+0ms) 
23:44:30   ├─ /politics/practice-review/X1000-ETHICS-M-064.json/ (+0ms) 
23:44:30   ├─ /politics/practice-review/X1000-ETHICS-M-065.json/ (+0ms) 
23:44:30   ├─ /politics/practice-review/X1000-ETHICS-M-066.json/ (+0ms) 
23:44:30   ├─ /politics/practice-review/X1000-ETHICS-M-067.json/ (+0ms) 
23:44:30   ├─ /politics/practice-review/X1000-ETHICS-M-068.json/ (+0ms) 
23:44:30   ├─ /politics/practice-review/X1000-ETHICS-M-069.json/ (+0ms) 
23:44:30   ├─ /politics/practice-review/X1000-ETHICS-M-070.json/ (+0ms) 
23:44:30   ├─ /politics/practice-review/X1000-ETHICS-M-071.json/ (+0ms) 
23:44:30   ├─ /politics/practice-review/X1000-ETHICS-M-072.json/ (+0ms) 
23:44:30   ├─ /politics/practice-review/X1000-ETHICS-M-073.json/ (+0ms) 
23:44:30   ├─ /politics/practice-review/X1000-ETHICS-M-074.json/ (+0ms) 
23:44:30   ├─ /politics/practice-review/X1000-ETHICS-M-075.json/ (+0ms) 
23:44:30   ├─ /politics/practice-review/X1000-ETHICS-M-076.json/ (+0ms) 
23:44:30   ├─ /politics/practice-review/X1000-ETHICS-M-077.json/ (+0ms) 
23:44:30   ├─ /politics/practice-review/X1000-ETHICS-M-078.json/ (+0ms) 
23:44:30   ├─ /politics/practice-review/X1000-ETHICS-M-079.json/ (+0ms) 
23:44:30   ├─ /politics/practice-review/X1000-ETHICS-M-080.json/ (+0ms) 
23:44:30   ├─ /politics/practice-review/X1000-ETHICS-M-081.json/ (+0ms) 
23:44:30   ├─ /politics/practice-review/X1000-ETHICS-M-082.json/ (+0ms) 
23:44:30   ├─ /politics/practice-review/X1000-ETHICS-M-083.json/ (+0ms) 
23:44:30   ├─ /politics/practice-review/X1000-ETHICS-M-084.json/ (+0ms) 
23:44:30   ├─ /politics/practice-review/X1000-ETHICS-M-085.json/ (+0ms) 
23:44:30   ├─ /politics/practice-review/X1000-ETHICS-M-086.json/ (+0ms) 
23:44:30   ├─ /politics/practice-review/X1000-ETHICS-M-087.json/ (+0ms) 
23:44:30   ├─ /politics/practice-review/X1000-ETHICS-M-088.json/ (+0ms) 
23:44:30   ├─ /politics/practice-review/X1000-ETHICS-M-089.json/ (+0ms) 
23:44:30   ├─ /politics/practice-review/X1000-ETHICS-M-090.json/ (+0ms) 
23:44:30   ├─ /politics/practice-review/X1000-ETHICS-M-091.json/ (+3ms) 
23:44:30   ├─ /politics/practice-review/X1000-ETHICS-M-092.json/ (+0ms) 
23:44:30   ├─ /politics/practice-review/X1000-ETHICS-M-093.json/ (+0ms) 
23:44:30   ├─ /politics/practice-review/X1000-ETHICS-M-094.json/ (+0ms) 
23:44:30   ├─ /politics/practice-review/X1000-ETHICS-M-095.json/ (+0ms) 
23:44:30   ├─ /politics/practice-review/X1000-ETHICS-M-096.json/ (+0ms) 
23:44:30   ├─ /politics/practice-review/X1000-ETHICS-M-097.json/ (+0ms) 
23:44:30   ├─ /politics/practice-review/X1000-ETHICS-M-098.json/ (+0ms) 
23:44:30   ├─ /politics/practice-review/X1000-ETHICS-M-099.json/ (+0ms) 
23:44:30   └─ /politics/practice-review/X1000-ETHICS-M-100.json/ (+0ms) 
23:44:30 ▶ src/pages/politics/practice.astro
23:44:30   └─ /politics/practice/index.html (+105ms) 
23:44:30 λ src/pages/reading-answer/[id].json.js
23:44:30   ├─ /reading-answer/english1-2000-reading-a-text1.json/ (+6ms) 
23:44:30   ├─ /reading-answer/english1-2000-reading-a-text2.json/ (+1ms) 
23:44:30   ├─ /reading-answer/english1-2000-reading-a-text3.json/ (+0ms) 
23:44:30   ├─ /reading-answer/english1-2000-reading-a-text4.json/ (+0ms) 
23:44:30   ├─ /reading-answer/english1-2000-reading-a-text5.json/ (+0ms) 
23:44:30   ├─ /reading-answer/english1-2001-reading-a-text1.json/ (+0ms) 
23:44:30   ├─ /reading-answer/english1-2001-reading-a-text2.json/ (+0ms) 
23:44:30   ├─ /reading-answer/english1-2001-reading-a-text3.json/ (+0ms) 
23:44:30   ├─ /reading-answer/english1-2001-reading-a-text4.json/ (+0ms) 
23:44:30   ├─ /reading-answer/english1-2001-reading-a-text5.json/ (+0ms) 
23:44:30   ├─ /reading-answer/english1-2002-reading-a-text1.json/ (+0ms) 
23:44:30   ├─ /reading-answer/english1-2002-reading-a-text2.json/ (+0ms) 
23:44:30   ├─ /reading-answer/english1-2002-reading-a-text3.json/ (+0ms) 
23:44:30   ├─ /reading-answer/english1-2002-reading-a-text4.json/ (+0ms) 
23:44:30   ├─ /reading-answer/english1-2003-reading-a-text1.json/ (+0ms) 
23:44:30   ├─ /reading-answer/english1-2003-reading-a-text2.json/ (+0ms) 
23:44:30   ├─ /reading-answer/english1-2003-reading-a-text3.json/ (+0ms) 
23:44:30   ├─ /reading-answer/english1-2003-reading-a-text4.json/ (+0ms) 
23:44:30   ├─ /reading-answer/english1-2004-reading-a-text1.json/ (+0ms) 
23:44:30   ├─ /reading-answer/english1-2004-reading-a-text2.json/ (+0ms) 
23:44:30   ├─ /reading-answer/english1-2004-reading-a-text3.json/ (+0ms) 
23:44:30   ├─ /reading-answer/english1-2004-reading-a-text4.json/ (+0ms) 
23:44:30   ├─ /reading-answer/english1-2005-reading-a-text1.json/ (+0ms) 
23:44:30   ├─ /reading-answer/english1-2005-reading-a-text2.json/ (+0ms) 
23:44:30   ├─ /reading-answer/english1-2005-reading-a-text3.json/ (+1ms) 
23:44:30   ├─ /reading-answer/english1-2005-reading-a-text4.json/ (+0ms) 
23:44:30   ├─ /reading-answer/english1-2006-reading-a-text1.json/ (+0ms) 
23:44:30   ├─ /reading-answer/english1-2006-reading-a-text2.json/ (+0ms) 
23:44:30   ├─ /reading-answer/english1-2006-reading-a-text3.json/ (+0ms) 
23:44:30   ├─ /reading-answer/english1-2006-reading-a-text4.json/ (+0ms) 
23:44:30   ├─ /reading-answer/english1-2007-reading-a-text1.json/ (+0ms) 
23:44:30   ├─ /reading-answer/english1-2007-reading-a-text2.json/ (+0ms) 
23:44:30   ├─ /reading-answer/english1-2007-reading-a-text3.json/ (+0ms) 
23:44:30   ├─ /reading-answer/english1-2007-reading-a-text4.json/ (+0ms) 
23:44:30   ├─ /reading-answer/english1-2008-reading-a-text1.json/ (+0ms) 
23:44:30   ├─ /reading-answer/english1-2008-reading-a-text2.json/ (+0ms) 
23:44:30   ├─ /reading-answer/english1-2008-reading-a-text3.json/ (+0ms) 
23:44:30   ├─ /reading-answer/english1-2008-reading-a-text4.json/ (+0ms) 
23:44:30   ├─ /reading-answer/english1-2009-reading-a-text1.json/ (+0ms) 
23:44:30   ├─ /reading-answer/english1-2009-reading-a-text2.json/ (+0ms) 
23:44:30   ├─ /reading-answer/english1-2009-reading-a-text3.json/ (+0ms) 
23:44:30   ├─ /reading-answer/english1-2009-reading-a-text4.json/ (+0ms) 
23:44:30   ├─ /reading-answer/english1-2010-reading-a-text1.json/ (+0ms) 
23:44:30   ├─ /reading-answer/english1-2010-reading-a-text2.json/ (+0ms) 
23:44:30   ├─ /reading-answer/english1-2010-reading-a-text3.json/ (+0ms) 
23:44:30   ├─ /reading-answer/english1-2010-reading-a-text4.json/ (+0ms) 
23:44:30   ├─ /reading-answer/english1-2011-reading-a-text1.json/ (+0ms) 
23:44:30   ├─ /reading-answer/english1-2011-reading-a-text2.json/ (+0ms) 
23:44:30   ├─ /reading-answer/english1-2011-reading-a-text3.json/ (+0ms) 
23:44:30   ├─ /reading-answer/english1-2011-reading-a-text4.json/ (+0ms) 
23:44:30   ├─ /reading-answer/english1-2012-reading-a-text1.json/ (+0ms) 
23:44:30   ├─ /reading-answer/english1-2012-reading-a-text2.json/ (+0ms) 
23:44:30   ├─ /reading-answer/english1-2012-reading-a-text3.json/ (+0ms) 
23:44:30   ├─ /reading-answer/english1-2012-reading-a-text4.json/ (+0ms) 
23:44:30   ├─ /reading-answer/english1-2013-reading-a-text1.json/ (+0ms) 
23:44:30   ├─ /reading-answer/english1-2013-reading-a-text2.json/ (+0ms) 
23:44:30   ├─ /reading-answer/english1-2013-reading-a-text3.json/ (+0ms) 
23:44:30   ├─ /reading-answer/english1-2013-reading-a-text4.json/ (+0ms) 
23:44:30   ├─ /reading-answer/english1-2014-reading-a-text1.json/ (+0ms) 
23:44:30   ├─ /reading-answer/english1-2014-reading-a-text2.json/ (+0ms) 
23:44:30   ├─ /reading-answer/english1-2014-reading-a-text3.json/ (+0ms) 
23:44:30   ├─ /reading-answer/english1-2014-reading-a-text4.json/ (+0ms) 
23:44:30   ├─ /reading-answer/english1-2015-reading-a-text1.json/ (+0ms) 
23:44:30   ├─ /reading-answer/english1-2015-reading-a-text2.json/ (+0ms) 
23:44:30   ├─ /reading-answer/english1-2015-reading-a-text3.json/ (+0ms) 
23:44:30   ├─ /reading-answer/english1-2015-reading-a-text4.json/ (+0ms) 
23:44:30   ├─ /reading-answer/english1-2016-reading-a-text1.json/ (+0ms) 
23:44:30   ├─ /reading-answer/english1-2016-reading-a-text2.json/ (+0ms) 
23:44:30   ├─ /reading-answer/english1-2016-reading-a-text3.json/ (+0ms) 
23:44:30   ├─ /reading-answer/english1-2016-reading-a-text4.json/ (+0ms) 
23:44:30   ├─ /reading-answer/english1-2017-reading-a-text1.json/ (+0ms) 
23:44:30   ├─ /reading-answer/english1-2017-reading-a-text2.json/ (+0ms) 
23:44:30   ├─ /reading-answer/english1-2017-reading-a-text3.json/ (+0ms) 
23:44:30   ├─ /reading-answer/english1-2017-reading-a-text4.json/ (+0ms) 
23:44:30   ├─ /reading-answer/english1-2018-reading-a-text1.json/ (+0ms) 
23:44:30   ├─ /reading-answer/english1-2018-reading-a-text2.json/ (+0ms) 
23:44:30   ├─ /reading-answer/english1-2018-reading-a-text3.json/ (+0ms) 
23:44:30   ├─ /reading-answer/english1-2018-reading-a-text4.json/ (+0ms) 
23:44:30   ├─ /reading-answer/english1-2019-reading-a-text1.json/ (+0ms) 
23:44:30   ├─ /reading-answer/english1-2019-reading-a-text2.json/ (+0ms) 
23:44:30   ├─ /reading-answer/english1-2019-reading-a-text3.json/ (+0ms) 
23:44:30   ├─ /reading-answer/english1-2019-reading-a-text4.json/ (+0ms) 
23:44:30   ├─ /reading-answer/english1-2020-reading-a-text1.json/ (+0ms) 
23:44:30   ├─ /reading-answer/english1-2020-reading-a-text2.json/ (+0ms) 
23:44:30   ├─ /reading-answer/english1-2020-reading-a-text3.json/ (+0ms) 
23:44:30   ├─ /reading-answer/english1-2020-reading-a-text4.json/ (+0ms) 
23:44:30   ├─ /reading-answer/english1-2021-reading-a-text1.json/ (+0ms) 
23:44:30   ├─ /reading-answer/english1-2021-reading-a-text2.json/ (+0ms) 
23:44:30   ├─ /reading-answer/english1-2021-reading-a-text3.json/ (+0ms) 
23:44:30   ├─ /reading-answer/english1-2021-reading-a-text4.json/ (+0ms) 
23:44:30   ├─ /reading-answer/english1-2022-reading-a-text1.json/ (+0ms) 
23:44:30   ├─ /reading-answer/english1-2022-reading-a-text2.json/ (+0ms) 
23:44:30   ├─ /reading-answer/english1-2022-reading-a-text3.json/ (+0ms) 
23:44:30   ├─ /reading-answer/english1-2022-reading-a-text4.json/ (+0ms) 
23:44:30   ├─ /reading-answer/english1-2023-reading-a-text1.json/ (+0ms) 
23:44:30   ├─ /reading-answer/english1-2023-reading-a-text2.json/ (+0ms) 
23:44:30   ├─ /reading-answer/english1-2023-reading-a-text3.json/ (+0ms) 
23:44:30   ├─ /reading-answer/english1-2023-reading-a-text4.json/ (+0ms) 
23:44:30   ├─ /reading-answer/english1-2024-reading-a-text1.json/ (+0ms) 
23:44:30   ├─ /reading-answer/english1-2024-reading-a-text2.json/ (+0ms) 
23:44:30   ├─ /reading-answer/english1-2024-reading-a-text3.json/ (+0ms) 
23:44:30   ├─ /reading-answer/english1-2024-reading-a-text4.json/ (+0ms) 
23:44:30   ├─ /reading-answer/english1-2025-reading-a-text1.json/ (+0ms) 
23:44:30   ├─ /reading-answer/english1-2025-reading-a-text2.json/ (+0ms) 
23:44:30   ├─ /reading-answer/english1-2025-reading-a-text3.json/ (+0ms) 
23:44:30   ├─ /reading-answer/english1-2025-reading-a-text4.json/ (+0ms) 
23:44:30   ├─ /reading-answer/english1-2026-reading-a-text1.json/ (+0ms) 
23:44:30   ├─ /reading-answer/english1-2026-reading-a-text2.json/ (+0ms) 
23:44:30   ├─ /reading-answer/english1-2026-reading-a-text3.json/ (+0ms) 
23:44:30   └─ /reading-answer/english1-2026-reading-a-text4.json/ (+0ms) 
23:44:30 λ src/pages/reading-b-answer/[id].json.js
23:44:30   ├─ /reading-b-answer/english1-2005-reading-b-main.json/ (+1ms) 
23:44:30   ├─ /reading-b-answer/english1-2006-reading-b-main.json/ (+0ms) 
23:44:30   ├─ /reading-b-answer/english1-2007-reading-b-main.json/ (+0ms) 
23:44:30   ├─ /reading-b-answer/english1-2008-reading-b-main.json/ (+0ms) 
23:44:30   ├─ /reading-b-answer/english1-2009-reading-b-main.json/ (+0ms) 
23:44:30   ├─ /reading-b-answer/english1-2010-reading-b-main.json/ (+0ms) 
23:44:30   ├─ /reading-b-answer/english1-2011-reading-b-main.json/ (+0ms) 
23:44:30   ├─ /reading-b-answer/english1-2012-reading-b-main.json/ (+0ms) 
23:44:30   ├─ /reading-b-answer/english1-2013-reading-b-main.json/ (+0ms) 
23:44:30   ├─ /reading-b-answer/english1-2014-reading-b-main.json/ (+0ms) 
23:44:30   ├─ /reading-b-answer/english1-2015-reading-b-main.json/ (+0ms) 
23:44:30   ├─ /reading-b-answer/english1-2016-reading-b-main.json/ (+0ms) 
23:44:30   ├─ /reading-b-answer/english1-2017-reading-b-main.json/ (+0ms) 
23:44:30   ├─ /reading-b-answer/english1-2018-reading-b-main.json/ (+0ms) 
23:44:30   ├─ /reading-b-answer/english1-2019-reading-b-main.json/ (+0ms) 
23:44:30   ├─ /reading-b-answer/english1-2020-reading-b-main.json/ (+0ms) 
23:44:30   ├─ /reading-b-answer/english1-2021-reading-b-main.json/ (+0ms) 
23:44:30   ├─ /reading-b-answer/english1-2022-reading-b-main.json/ (+0ms) 
23:44:30   ├─ /reading-b-answer/english1-2023-reading-b-main.json/ (+0ms) 
23:44:30   ├─ /reading-b-answer/english1-2024-reading-b-main.json/ (+0ms) 
23:44:30   ├─ /reading-b-answer/english1-2025-reading-b-main.json/ (+0ms) 
23:44:30   └─ /reading-b-answer/english1-2026-reading-b-main.json/ (+0ms) 
23:44:30 ▶ src/pages/reading-b/[id].astro
23:44:30   ├─ /reading-b/english1-2005-reading-b-main/index.html (+2ms) 
23:44:30   ├─ /reading-b/english1-2006-reading-b-main/index.html (+1ms) 
23:44:30   ├─ /reading-b/english1-2007-reading-b-main/index.html (+1ms) 
23:44:30   ├─ /reading-b/english1-2008-reading-b-main/index.html (+1ms) 
23:44:30   ├─ /reading-b/english1-2009-reading-b-main/index.html (+1ms) 
23:44:30   ├─ /reading-b/english1-2010-reading-b-main/index.html (+2ms) 
23:44:30   ├─ /reading-b/english1-2011-reading-b-main/index.html (+1ms) 
23:44:30   ├─ /reading-b/english1-2012-reading-b-main/index.html (+1ms) 
23:44:30   ├─ /reading-b/english1-2013-reading-b-main/index.html (+1ms) 
23:44:30   ├─ /reading-b/english1-2014-reading-b-main/index.html (+1ms) 
23:44:30   ├─ /reading-b/english1-2015-reading-b-main/index.html (+1ms) 
23:44:30   ├─ /reading-b/english1-2016-reading-b-main/index.html (+1ms) 
23:44:30   ├─ /reading-b/english1-2017-reading-b-main/index.html (+1ms) 
23:44:30   ├─ /reading-b/english1-2018-reading-b-main/index.html (+1ms) 
23:44:30   ├─ /reading-b/english1-2019-reading-b-main/index.html (+1ms) 
23:44:30   ├─ /reading-b/english1-2020-reading-b-main/index.html (+1ms) 
23:44:30   ├─ /reading-b/english1-2021-reading-b-main/index.html (+1ms) 
23:44:30   ├─ /reading-b/english1-2022-reading-b-main/index.html (+1ms) 
23:44:30   ├─ /reading-b/english1-2023-reading-b-main/index.html (+1ms) 
23:44:30   ├─ /reading-b/english1-2024-reading-b-main/index.html (+1ms) 
23:44:30   ├─ /reading-b/english1-2025-reading-b-main/index.html (+1ms) 
23:44:30   └─ /reading-b/english1-2026-reading-b-main/index.html (+1ms) 
23:44:30 ▶ src/pages/reading-b.astro
23:44:30   └─ /reading-b/index.html (+0ms) 
23:44:30 λ src/pages/reading-review/[id].json.js
23:44:30   ├─ /reading-review/english1-2000-reading-a-text1.json/ (+1ms) 
23:44:30   ├─ /reading-review/english1-2000-reading-a-text2.json/ (+1ms) 
23:44:30   ├─ /reading-review/english1-2000-reading-a-text3.json/ (+0ms) 
23:44:30   ├─ /reading-review/english1-2000-reading-a-text4.json/ (+0ms) 
23:44:30   ├─ /reading-review/english1-2000-reading-a-text5.json/ (+0ms) 
23:44:30   ├─ /reading-review/english1-2001-reading-a-text1.json/ (+0ms) 
23:44:30   ├─ /reading-review/english1-2001-reading-a-text2.json/ (+0ms) 
23:44:30   ├─ /reading-review/english1-2001-reading-a-text3.json/ (+0ms) 
23:44:30   ├─ /reading-review/english1-2001-reading-a-text4.json/ (+0ms) 
23:44:30   ├─ /reading-review/english1-2001-reading-a-text5.json/ (+1ms) 
23:44:30   ├─ /reading-review/english1-2002-reading-a-text1.json/ (+0ms) 
23:44:30   ├─ /reading-review/english1-2002-reading-a-text2.json/ (+0ms) 
23:44:30   ├─ /reading-review/english1-2002-reading-a-text3.json/ (+0ms) 
23:44:30   ├─ /reading-review/english1-2002-reading-a-text4.json/ (+0ms) 
23:44:30   ├─ /reading-review/english1-2003-reading-a-text1.json/ (+0ms) 
23:44:30   ├─ /reading-review/english1-2003-reading-a-text2.json/ (+0ms) 
23:44:30   ├─ /reading-review/english1-2003-reading-a-text3.json/ (+0ms) 
23:44:30   ├─ /reading-review/english1-2003-reading-a-text4.json/ (+0ms) 
23:44:30   ├─ /reading-review/english1-2004-reading-a-text1.json/ (+0ms) 
23:44:30   ├─ /reading-review/english1-2004-reading-a-text2.json/ (+0ms) 
23:44:30   ├─ /reading-review/english1-2004-reading-a-text3.json/ (+0ms) 
23:44:30   ├─ /reading-review/english1-2004-reading-a-text4.json/ (+0ms) 
23:44:30   ├─ /reading-review/english1-2005-reading-a-text1.json/ (+0ms) 
23:44:30   ├─ /reading-review/english1-2005-reading-a-text2.json/ (+0ms) 
23:44:30   ├─ /reading-review/english1-2005-reading-a-text3.json/ (+0ms) 
23:44:30   ├─ /reading-review/english1-2005-reading-a-text4.json/ (+0ms) 
23:44:30   ├─ /reading-review/english1-2006-reading-a-text1.json/ (+0ms) 
23:44:30   ├─ /reading-review/english1-2006-reading-a-text2.json/ (+0ms) 
23:44:30   ├─ /reading-review/english1-2006-reading-a-text3.json/ (+0ms) 
23:44:30   ├─ /reading-review/english1-2006-reading-a-text4.json/ (+0ms) 
23:44:30   ├─ /reading-review/english1-2007-reading-a-text1.json/ (+0ms) 
23:44:30   ├─ /reading-review/english1-2007-reading-a-text2.json/ (+0ms) 
23:44:30   ├─ /reading-review/english1-2007-reading-a-text3.json/ (+0ms) 
23:44:30   ├─ /reading-review/english1-2007-reading-a-text4.json/ (+0ms) 
23:44:30   ├─ /reading-review/english1-2008-reading-a-text1.json/ (+0ms) 
23:44:30   ├─ /reading-review/english1-2008-reading-a-text2.json/ (+0ms) 
23:44:30   ├─ /reading-review/english1-2008-reading-a-text3.json/ (+0ms) 
23:44:30   ├─ /reading-review/english1-2008-reading-a-text4.json/ (+0ms) 
23:44:30   ├─ /reading-review/english1-2009-reading-a-text1.json/ (+0ms) 
23:44:30   ├─ /reading-review/english1-2009-reading-a-text2.json/ (+0ms) 
23:44:30   ├─ /reading-review/english1-2009-reading-a-text3.json/ (+0ms) 
23:44:30   ├─ /reading-review/english1-2009-reading-a-text4.json/ (+0ms) 
23:44:30   ├─ /reading-review/english1-2010-reading-a-text1.json/ (+0ms) 
23:44:30   ├─ /reading-review/english1-2010-reading-a-text2.json/ (+1ms) 
23:44:30   ├─ /reading-review/english1-2010-reading-a-text3.json/ (+1ms) 
23:44:30   ├─ /reading-review/english1-2010-reading-a-text4.json/ (+0ms) 
23:44:30   ├─ /reading-review/english1-2011-reading-a-text1.json/ (+0ms) 
23:44:30   ├─ /reading-review/english1-2011-reading-a-text2.json/ (+0ms) 
23:44:30   ├─ /reading-review/english1-2011-reading-a-text3.json/ (+1ms) 
23:44:30   ├─ /reading-review/english1-2011-reading-a-text4.json/ (+0ms) 
23:44:30   ├─ /reading-review/english1-2012-reading-a-text1.json/ (+0ms) 
23:44:30   ├─ /reading-review/english1-2012-reading-a-text2.json/ (+0ms) 
23:44:30   ├─ /reading-review/english1-2012-reading-a-text3.json/ (+0ms) 
23:44:30   ├─ /reading-review/english1-2012-reading-a-text4.json/ (+0ms) 
23:44:30   ├─ /reading-review/english1-2013-reading-a-text1.json/ (+0ms) 
23:44:30   ├─ /reading-review/english1-2013-reading-a-text2.json/ (+0ms) 
23:44:30   ├─ /reading-review/english1-2013-reading-a-text3.json/ (+0ms) 
23:44:30   ├─ /reading-review/english1-2013-reading-a-text4.json/ (+0ms) 
23:44:30   ├─ /reading-review/english1-2014-reading-a-text1.json/ (+0ms) 
23:44:30   ├─ /reading-review/english1-2014-reading-a-text2.json/ (+0ms) 
23:44:30   ├─ /reading-review/english1-2014-reading-a-text3.json/ (+0ms) 
23:44:30   ├─ /reading-review/english1-2014-reading-a-text4.json/ (+0ms) 
23:44:30   ├─ /reading-review/english1-2015-reading-a-text1.json/ (+0ms) 
23:44:30   ├─ /reading-review/english1-2015-reading-a-text2.json/ (+0ms) 
23:44:30   ├─ /reading-review/english1-2015-reading-a-text3.json/ (+0ms) 
23:44:30   ├─ /reading-review/english1-2015-reading-a-text4.json/ (+0ms) 
23:44:30   ├─ /reading-review/english1-2016-reading-a-text1.json/ (+0ms) 
23:44:30   ├─ /reading-review/english1-2016-reading-a-text2.json/ (+0ms) 
23:44:30   ├─ /reading-review/english1-2016-reading-a-text3.json/ (+0ms) 
23:44:30   ├─ /reading-review/english1-2016-reading-a-text4.json/ (+6ms) 
23:44:30   ├─ /reading-review/english1-2017-reading-a-text1.json/ (+1ms) 
23:44:30   ├─ /reading-review/english1-2017-reading-a-text2.json/ (+0ms) 
23:44:30   ├─ /reading-review/english1-2017-reading-a-text3.json/ (+0ms) 
23:44:30   ├─ /reading-review/english1-2017-reading-a-text4.json/ (+0ms) 
23:44:30   ├─ /reading-review/english1-2018-reading-a-text1.json/ (+0ms) 
23:44:30   ├─ /reading-review/english1-2018-reading-a-text2.json/ (+0ms) 
23:44:30   ├─ /reading-review/english1-2018-reading-a-text3.json/ (+0ms) 
23:44:30   ├─ /reading-review/english1-2018-reading-a-text4.json/ (+0ms) 
23:44:30   ├─ /reading-review/english1-2019-reading-a-text1.json/ (+0ms) 
23:44:30   ├─ /reading-review/english1-2019-reading-a-text2.json/ (+0ms) 
23:44:30   ├─ /reading-review/english1-2019-reading-a-text3.json/ (+0ms) 
23:44:30   ├─ /reading-review/english1-2019-reading-a-text4.json/ (+0ms) 
23:44:30   ├─ /reading-review/english1-2020-reading-a-text1.json/ (+0ms) 
23:44:30   ├─ /reading-review/english1-2020-reading-a-text2.json/ (+0ms) 
23:44:30   ├─ /reading-review/english1-2020-reading-a-text3.json/ (+0ms) 
23:44:30   ├─ /reading-review/english1-2020-reading-a-text4.json/ (+0ms) 
23:44:30   ├─ /reading-review/english1-2021-reading-a-text1.json/ (+0ms) 
23:44:30   ├─ /reading-review/english1-2021-reading-a-text2.json/ (+0ms) 
23:44:30   ├─ /reading-review/english1-2021-reading-a-text3.json/ (+0ms) 
23:44:30   ├─ /reading-review/english1-2021-reading-a-text4.json/ (+0ms) 
23:44:30   ├─ /reading-review/english1-2022-reading-a-text1.json/ (+0ms) 
23:44:30   ├─ /reading-review/english1-2022-reading-a-text2.json/ (+0ms) 
23:44:30   ├─ /reading-review/english1-2022-reading-a-text3.json/ (+0ms) 
23:44:30   ├─ /reading-review/english1-2022-reading-a-text4.json/ (+0ms) 
23:44:30   ├─ /reading-review/english1-2023-reading-a-text1.json/ (+0ms) 
23:44:30   ├─ /reading-review/english1-2023-reading-a-text2.json/ (+0ms) 
23:44:30   ├─ /reading-review/english1-2023-reading-a-text3.json/ (+0ms) 
23:44:30   ├─ /reading-review/english1-2023-reading-a-text4.json/ (+0ms) 
23:44:30   ├─ /reading-review/english1-2024-reading-a-text1.json/ (+0ms) 
23:44:30   ├─ /reading-review/english1-2024-reading-a-text2.json/ (+0ms) 
23:44:30   ├─ /reading-review/english1-2024-reading-a-text3.json/ (+0ms) 
23:44:30   ├─ /reading-review/english1-2024-reading-a-text4.json/ (+0ms) 
23:44:30   ├─ /reading-review/english1-2025-reading-a-text1.json/ (+0ms) 
23:44:30   ├─ /reading-review/english1-2025-reading-a-text2.json/ (+0ms) 
23:44:30   ├─ /reading-review/english1-2025-reading-a-text3.json/ (+0ms) 
23:44:30   ├─ /reading-review/english1-2025-reading-a-text4.json/ (+0ms) 
23:44:30   ├─ /reading-review/english1-2026-reading-a-text1.json/ (+0ms) 
23:44:30   ├─ /reading-review/english1-2026-reading-a-text2.json/ (+0ms) 
23:44:30   ├─ /reading-review/english1-2026-reading-a-text3.json/ (+0ms) 
23:44:30   └─ /reading-review/english1-2026-reading-a-text4.json/ (+0ms) 
23:44:30 ▶ src/pages/reading/[id].astro
23:44:30   ├─ /reading/english1-2000-reading-a-text1/index.html (+2ms) 
23:44:30   ├─ /reading/english1-2000-reading-a-text2/index.html (+1ms) 
23:44:30   ├─ /reading/english1-2000-reading-a-text3/index.html (+1ms) 
23:44:30   ├─ /reading/english1-2000-reading-a-text4/index.html (+1ms) 
23:44:30   ├─ /reading/english1-2000-reading-a-text5/index.html (+1ms) 
23:44:30   ├─ /reading/english1-2001-reading-a-text1/index.html (+1ms) 
23:44:30   ├─ /reading/english1-2001-reading-a-text2/index.html (+1ms) 
23:44:30   ├─ /reading/english1-2001-reading-a-text3/index.html (+1ms) 
23:44:30   ├─ /reading/english1-2001-reading-a-text4/index.html (+1ms) 
23:44:30   ├─ /reading/english1-2001-reading-a-text5/index.html (+1ms) 
23:44:30   ├─ /reading/english1-2002-reading-a-text1/index.html (+1ms) 
23:44:30   ├─ /reading/english1-2002-reading-a-text2/index.html (+1ms) 
23:44:30   ├─ /reading/english1-2002-reading-a-text3/index.html (+1ms) 
23:44:30   ├─ /reading/english1-2002-reading-a-text4/index.html (+1ms) 
23:44:30   ├─ /reading/english1-2003-reading-a-text1/index.html (+1ms) 
23:44:30   ├─ /reading/english1-2003-reading-a-text2/index.html (+1ms) 
23:44:30   ├─ /reading/english1-2003-reading-a-text3/index.html (+1ms) 
23:44:30   ├─ /reading/english1-2003-reading-a-text4/index.html (+1ms) 
23:44:30   ├─ /reading/english1-2004-reading-a-text1/index.html (+1ms) 
23:44:30   ├─ /reading/english1-2004-reading-a-text2/index.html (+1ms) 
23:44:30   ├─ /reading/english1-2004-reading-a-text3/index.html (+1ms) 
23:44:30   ├─ /reading/english1-2004-reading-a-text4/index.html (+1ms) 
23:44:30   ├─ /reading/english1-2005-reading-a-text1/index.html (+1ms) 
23:44:30   ├─ /reading/english1-2005-reading-a-text2/index.html (+3ms) 
23:44:30   ├─ /reading/english1-2005-reading-a-text3/index.html (+2ms) 
23:44:30   ├─ /reading/english1-2005-reading-a-text4/index.html (+1ms) 
23:44:30   ├─ /reading/english1-2006-reading-a-text1/index.html (+1ms) 
23:44:30   ├─ /reading/english1-2006-reading-a-text2/index.html (+1ms) 
23:44:30   ├─ /reading/english1-2006-reading-a-text3/index.html (+1ms) 
23:44:30   ├─ /reading/english1-2006-reading-a-text4/index.html (+1ms) 
23:44:30   ├─ /reading/english1-2007-reading-a-text1/index.html (+1ms) 
23:44:30   ├─ /reading/english1-2007-reading-a-text2/index.html (+1ms) 
23:44:30   ├─ /reading/english1-2007-reading-a-text3/index.html (+1ms) 
23:44:30   ├─ /reading/english1-2007-reading-a-text4/index.html (+1ms) 
23:44:30   ├─ /reading/english1-2008-reading-a-text1/index.html (+1ms) 
23:44:30   ├─ /reading/english1-2008-reading-a-text2/index.html (+1ms) 
23:44:30   ├─ /reading/english1-2008-reading-a-text3/index.html (+1ms) 
23:44:30   ├─ /reading/english1-2008-reading-a-text4/index.html (+1ms) 
23:44:30   ├─ /reading/english1-2009-reading-a-text1/index.html (+1ms) 
23:44:30   ├─ /reading/english1-2009-reading-a-text2/index.html (+1ms) 
23:44:30   ├─ /reading/english1-2009-reading-a-text3/index.html (+1ms) 
23:44:30   ├─ /reading/english1-2009-reading-a-text4/index.html (+1ms) 
23:44:30   ├─ /reading/english1-2010-reading-a-text1/index.html (+1ms) 
23:44:30   ├─ /reading/english1-2010-reading-a-text2/index.html (+1ms) 
23:44:30   ├─ /reading/english1-2010-reading-a-text3/index.html (+1ms) 
23:44:30   ├─ /reading/english1-2010-reading-a-text4/index.html (+2ms) 
23:44:30   ├─ /reading/english1-2011-reading-a-text1/index.html (+2ms) 
23:44:30   ├─ /reading/english1-2011-reading-a-text2/index.html (+1ms) 
23:44:30   ├─ /reading/english1-2011-reading-a-text3/index.html (+1ms) 
23:44:30   ├─ /reading/english1-2011-reading-a-text4/index.html (+1ms) 
23:44:30   ├─ /reading/english1-2012-reading-a-text1/index.html (+1ms) 
23:44:30   ├─ /reading/english1-2012-reading-a-text2/index.html (+1ms) 
23:44:30   ├─ /reading/english1-2012-reading-a-text3/index.html (+1ms) 
23:44:30   ├─ /reading/english1-2012-reading-a-text4/index.html (+3ms) 
23:44:30   ├─ /reading/english1-2013-reading-a-text1/index.html (+1ms) 
23:44:30   ├─ /reading/english1-2013-reading-a-text2/index.html (+1ms) 
23:44:30   ├─ /reading/english1-2013-reading-a-text3/index.html (+1ms) 
23:44:30   ├─ /reading/english1-2013-reading-a-text4/index.html (+1ms) 
23:44:30   ├─ /reading/english1-2014-reading-a-text1/index.html (+1ms) 
23:44:30   ├─ /reading/english1-2014-reading-a-text2/index.html (+1ms) 
23:44:30   ├─ /reading/english1-2014-reading-a-text3/index.html (+1ms) 
23:44:30   ├─ /reading/english1-2014-reading-a-text4/index.html (+1ms) 
23:44:30   ├─ /reading/english1-2015-reading-a-text1/index.html (+1ms) 
23:44:30   ├─ /reading/english1-2015-reading-a-text2/index.html (+1ms) 
23:44:30   ├─ /reading/english1-2015-reading-a-text3/index.html (+1ms) 
23:44:30   ├─ /reading/english1-2015-reading-a-text4/index.html (+1ms) 
23:44:30   ├─ /reading/english1-2016-reading-a-text1/index.html (+1ms) 
23:44:30   ├─ /reading/english1-2016-reading-a-text2/index.html (+1ms) 
23:44:30   ├─ /reading/english1-2016-reading-a-text3/index.html (+1ms) 
23:44:30   ├─ /reading/english1-2016-reading-a-text4/index.html (+1ms) 
23:44:30   ├─ /reading/english1-2017-reading-a-text1/index.html (+1ms) 
23:44:30   ├─ /reading/english1-2017-reading-a-text2/index.html (+1ms) 
23:44:30   ├─ /reading/english1-2017-reading-a-text3/index.html (+1ms) 
23:44:30   ├─ /reading/english1-2017-reading-a-text4/index.html (+1ms) 
23:44:30   ├─ /reading/english1-2018-reading-a-text1/index.html (+1ms) 
23:44:30   ├─ /reading/english1-2018-reading-a-text2/index.html (+1ms) 
23:44:30   ├─ /reading/english1-2018-reading-a-text3/index.html (+1ms) 
23:44:30   ├─ /reading/english1-2018-reading-a-text4/index.html (+1ms) 
23:44:30   ├─ /reading/english1-2019-reading-a-text1/index.html (+1ms) 
23:44:30   ├─ /reading/english1-2019-reading-a-text2/index.html (+1ms) 
23:44:30   ├─ /reading/english1-2019-reading-a-text3/index.html (+1ms) 
23:44:30   ├─ /reading/english1-2019-reading-a-text4/index.html (+2ms) 
23:44:30   ├─ /reading/english1-2020-reading-a-text1/index.html (+1ms) 
23:44:30   ├─ /reading/english1-2020-reading-a-text2/index.html (+1ms) 
23:44:30   ├─ /reading/english1-2020-reading-a-text3/index.html (+1ms) 
23:44:30   ├─ /reading/english1-2020-reading-a-text4/index.html (+1ms) 
23:44:30   ├─ /reading/english1-2021-reading-a-text1/index.html (+1ms) 
23:44:30   ├─ /reading/english1-2021-reading-a-text2/index.html (+1ms) 
23:44:30   ├─ /reading/english1-2021-reading-a-text3/index.html (+1ms) 
23:44:30   ├─ /reading/english1-2021-reading-a-text4/index.html (+1ms) 
23:44:30   ├─ /reading/english1-2022-reading-a-text1/index.html (+1ms) 
23:44:30   ├─ /reading/english1-2022-reading-a-text2/index.html (+1ms) 
23:44:30   ├─ /reading/english1-2022-reading-a-text3/index.html (+1ms) 
23:44:30   ├─ /reading/english1-2022-reading-a-text4/index.html (+1ms) 
23:44:30   ├─ /reading/english1-2023-reading-a-text1/index.html (+1ms) 
23:44:30   ├─ /reading/english1-2023-reading-a-text2/index.html (+1ms) 
23:44:30   ├─ /reading/english1-2023-reading-a-text3/index.html (+1ms) 
23:44:30   ├─ /reading/english1-2023-reading-a-text4/index.html (+1ms) 
23:44:30   ├─ /reading/english1-2024-reading-a-text1/index.html (+1ms) 
23:44:30   ├─ /reading/english1-2024-reading-a-text2/index.html (+1ms) 
23:44:30   ├─ /reading/english1-2024-reading-a-text3/index.html (+1ms) 
23:44:30   ├─ /reading/english1-2024-reading-a-text4/index.html (+1ms) 
23:44:30   ├─ /reading/english1-2025-reading-a-text1/index.html (+1ms) 
23:44:30   ├─ /reading/english1-2025-reading-a-text2/index.html (+1ms) 
23:44:30   ├─ /reading/english1-2025-reading-a-text3/index.html (+1ms) 
23:44:30   ├─ /reading/english1-2025-reading-a-text4/index.html (+1ms) 
23:44:30   ├─ /reading/english1-2026-reading-a-text1/index.html (+1ms) 
23:44:30   ├─ /reading/english1-2026-reading-a-text2/index.html (+1ms) 
23:44:30   ├─ /reading/english1-2026-reading-a-text3/index.html (+1ms) 
23:44:30   └─ /reading/english1-2026-reading-a-text4/index.html (+1ms) 
23:44:30 ▶ src/pages/reading.astro
23:44:30   └─ /reading/index.html (+0ms) 
23:44:30 ▶ src/pages/translation-learn.astro
23:44:30   └─ /translation-learn/index.html (+3ms) 
23:44:30 λ src/pages/translation-reference/[id].json.js
23:44:30   ├─ /translation-reference/english1-2000-translation-main.json/ (+1ms) 
23:44:30   ├─ /translation-reference/english1-2001-translation-main.json/ (+0ms) 
23:44:30   ├─ /translation-reference/english1-2002-translation-main.json/ (+0ms) 
23:44:30   ├─ /translation-reference/english1-2003-translation-main.json/ (+0ms) 
23:44:30   ├─ /translation-reference/english1-2004-translation-main.json/ (+0ms) 
23:44:30   ├─ /translation-reference/english1-2005-translation-main.json/ (+0ms) 
23:44:30   ├─ /translation-reference/english1-2006-translation-main.json/ (+0ms) 
23:44:30   ├─ /translation-reference/english1-2007-translation-main.json/ (+0ms) 
23:44:30   ├─ /translation-reference/english1-2008-translation-main.json/ (+0ms) 
23:44:30   ├─ /translation-reference/english1-2009-translation-main.json/ (+0ms) 
23:44:30   ├─ /translation-reference/english1-2010-translation-main.json/ (+0ms) 
23:44:30   ├─ /translation-reference/english1-2011-translation-main.json/ (+0ms) 
23:44:30   ├─ /translation-reference/english1-2012-translation-main.json/ (+0ms) 
23:44:30   ├─ /translation-reference/english1-2013-translation-main.json/ (+0ms) 
23:44:30   ├─ /translation-reference/english1-2014-translation-main.json/ (+0ms) 
23:44:30   ├─ /translation-reference/english1-2015-translation-main.json/ (+0ms) 
23:44:30   ├─ /translation-reference/english1-2016-translation-main.json/ (+0ms) 
23:44:30   ├─ /translation-reference/english1-2017-translation-main.json/ (+0ms) 
23:44:30   ├─ /translation-reference/english1-2018-translation-main.json/ (+0ms) 
23:44:30   ├─ /translation-reference/english1-2019-translation-main.json/ (+0ms) 
23:44:30   ├─ /translation-reference/english1-2020-translation-main.json/ (+0ms) 
23:44:30   ├─ /translation-reference/english1-2021-translation-main.json/ (+0ms) 
23:44:30   ├─ /translation-reference/english1-2022-translation-main.json/ (+0ms) 
23:44:30   ├─ /translation-reference/english1-2023-translation-main.json/ (+0ms) 
23:44:30   ├─ /translation-reference/english1-2024-translation-main.json/ (+0ms) 
23:44:30   ├─ /translation-reference/english1-2025-translation-main.json/ (+0ms) 
23:44:30   └─ /translation-reference/english1-2026-translation-main.json/ (+0ms) 
23:44:30 ▶ src/pages/translation/[id].astro
23:44:30   ├─ /translation/english1-2000-translation-main/index.html (+2ms) 
23:44:30   ├─ /translation/english1-2001-translation-main/index.html (+1ms) 
23:44:30   ├─ /translation/english1-2002-translation-main/index.html (+1ms) 
23:44:30   ├─ /translation/english1-2003-translation-main/index.html (+1ms) 
23:44:30   ├─ /translation/english1-2004-translation-main/index.html (+1ms) 
23:44:30   ├─ /translation/english1-2005-translation-main/index.html (+1ms) 
23:44:30   ├─ /translation/english1-2006-translation-main/index.html (+1ms) 
23:44:30   ├─ /translation/english1-2007-translation-main/index.html (+1ms) 
23:44:30   ├─ /translation/english1-2008-translation-main/index.html (+3ms) 
23:44:30   ├─ /translation/english1-2009-translation-main/index.html (+1ms) 
23:44:30   ├─ /translation/english1-2010-translation-main/index.html (+1ms) 
23:44:30   ├─ /translation/english1-2011-translation-main/index.html (+1ms) 
23:44:30   ├─ /translation/english1-2012-translation-main/index.html (+1ms) 
23:44:30   ├─ /translation/english1-2013-translation-main/index.html (+1ms) 
23:44:30   ├─ /translation/english1-2014-translation-main/index.html (+1ms) 
23:44:30   ├─ /translation/english1-2015-translation-main/index.html (+1ms) 
23:44:30   ├─ /translation/english1-2016-translation-main/index.html (+1ms) 
23:44:30   ├─ /translation/english1-2017-translation-main/index.html (+1ms) 
23:44:30   ├─ /translation/english1-2018-translation-main/index.html (+1ms) 
23:44:30   ├─ /translation/english1-2019-translation-main/index.html (+1ms) 
23:44:30   ├─ /translation/english1-2020-translation-main/index.html (+1ms) 
23:44:30   ├─ /translation/english1-2021-translation-main/index.html (+1ms) 
23:44:30   ├─ /translation/english1-2022-translation-main/index.html (+1ms) 
23:44:30   ├─ /translation/english1-2023-translation-main/index.html (+1ms) 
23:44:30   ├─ /translation/english1-2024-translation-main/index.html (+1ms) 
23:44:30   ├─ /translation/english1-2025-translation-main/index.html (+1ms) 
23:44:30   └─ /translation/english1-2026-translation-main/index.html (+1ms) 
23:44:30 ▶ src/pages/translation.astro
23:44:30   └─ /translation/index.html (+3ms) 
23:44:30 ▶ src/pages/vocabulary/[ordinal].astro
23:44:30   ├─ /vocabulary/1/index.html (+2ms) 
23:44:30   ├─ /vocabulary/2/index.html (+1ms) 
23:44:30   ├─ /vocabulary/3/index.html (+1ms) 
23:44:30   ├─ /vocabulary/4/index.html (+1ms) 
23:44:30   ├─ /vocabulary/5/index.html (+1ms) 
23:44:30   ├─ /vocabulary/6/index.html (+3ms) 
23:44:30   ├─ /vocabulary/7/index.html (+1ms) 
23:44:30   ├─ /vocabulary/8/index.html (+1ms) 
23:44:30   ├─ /vocabulary/9/index.html (+1ms) 
23:44:30   ├─ /vocabulary/10/index.html (+1ms) 
23:44:30   ├─ /vocabulary/11/index.html (+1ms) 
23:44:30   ├─ /vocabulary/12/index.html (+1ms) 
23:44:30   ├─ /vocabulary/13/index.html (+1ms) 
23:44:30   ├─ /vocabulary/14/index.html (+1ms) 
23:44:30   ├─ /vocabulary/15/index.html (+1ms) 
23:44:30   ├─ /vocabulary/16/index.html (+1ms) 
23:44:30   ├─ /vocabulary/17/index.html (+1ms) 
23:44:30   ├─ /vocabulary/18/index.html (+1ms) 
23:44:30   ├─ /vocabulary/19/index.html (+1ms) 
23:44:30   ├─ /vocabulary/20/index.html (+1ms) 
23:44:30   ├─ /vocabulary/21/index.html (+1ms) 
23:44:30   ├─ /vocabulary/22/index.html (+1ms) 
23:44:30   ├─ /vocabulary/23/index.html (+1ms) 
23:44:30   ├─ /vocabulary/24/index.html (+1ms) 
23:44:30   ├─ /vocabulary/25/index.html (+1ms) 
23:44:30   ├─ /vocabulary/26/index.html (+1ms) 
23:44:30   ├─ /vocabulary/27/index.html (+1ms) 
23:44:30   ├─ /vocabulary/28/index.html (+1ms) 
23:44:30   ├─ /vocabulary/29/index.html (+3ms) 
23:44:31   ├─ /vocabulary/30/index.html (+1ms) 
23:44:31   ├─ /vocabulary/31/index.html (+1ms) 
23:44:31   ├─ /vocabulary/32/index.html (+1ms) 
23:44:31   ├─ /vocabulary/33/index.html (+1ms) 
23:44:31   ├─ /vocabulary/34/index.html (+1ms) 
23:44:31   ├─ /vocabulary/35/index.html (+2ms) 
23:44:31   ├─ /vocabulary/36/index.html (+1ms) 
23:44:31   ├─ /vocabulary/37/index.html (+1ms) 
23:44:31   ├─ /vocabulary/38/index.html (+1ms) 
23:44:31   ├─ /vocabulary/39/index.html (+1ms) 
23:44:31   ├─ /vocabulary/40/index.html (+1ms) 
23:44:31   ├─ /vocabulary/41/index.html (+1ms) 
23:44:31   ├─ /vocabulary/42/index.html (+1ms) 
23:44:31   ├─ /vocabulary/43/index.html (+1ms) 
23:44:31   ├─ /vocabulary/44/index.html (+1ms) 
23:44:31   ├─ /vocabulary/45/index.html (+1ms) 
23:44:31   ├─ /vocabulary/46/index.html (+1ms) 
23:44:31   ├─ /vocabulary/47/index.html (+1ms) 
23:44:31   ├─ /vocabulary/48/index.html (+1ms) 
23:44:31   ├─ /vocabulary/49/index.html (+1ms) 
23:44:31   ├─ /vocabulary/50/index.html (+1ms) 
23:44:31   ├─ /vocabulary/51/index.html (+1ms) 
23:44:31   ├─ /vocabulary/52/index.html (+1ms) 
23:44:31   ├─ /vocabulary/53/index.html (+2ms) 
23:44:31   ├─ /vocabulary/54/index.html (+2ms) 
23:44:31   ├─ /vocabulary/55/index.html (+1ms) 
23:44:31   ├─ /vocabulary/56/index.html (+1ms) 
23:44:31   ├─ /vocabulary/57/index.html (+1ms) 
23:44:31   ├─ /vocabulary/58/index.html (+1ms) 
23:44:31   ├─ /vocabulary/59/index.html (+1ms) 
23:44:31   ├─ /vocabulary/60/index.html (+1ms) 
23:44:31   ├─ /vocabulary/61/index.html (+1ms) 
23:44:31   ├─ /vocabulary/62/index.html (+1ms) 
23:44:31   ├─ /vocabulary/63/index.html (+1ms) 
23:44:31   ├─ /vocabulary/64/index.html (+1ms) 
23:44:31   ├─ /vocabulary/65/index.html (+1ms) 
23:44:31   ├─ /vocabulary/66/index.html (+1ms) 
23:44:31   ├─ /vocabulary/67/index.html (+1ms) 
23:44:31   ├─ /vocabulary/68/index.html (+1ms) 
23:44:31   ├─ /vocabulary/69/index.html (+1ms) 
23:44:31   ├─ /vocabulary/70/index.html (+1ms) 
23:44:31   ├─ /vocabulary/71/index.html (+2ms) 
23:44:31   ├─ /vocabulary/72/index.html (+1ms) 
23:44:31   ├─ /vocabulary/73/index.html (+1ms) 
23:44:31   ├─ /vocabulary/74/index.html (+1ms) 
23:44:31   ├─ /vocabulary/75/index.html (+1ms) 
23:44:31   ├─ /vocabulary/76/index.html (+1ms) 
23:44:31   ├─ /vocabulary/77/index.html (+1ms) 
23:44:31   ├─ /vocabulary/78/index.html (+1ms) 
23:44:31   ├─ /vocabulary/79/index.html (+1ms) 
23:44:31   ├─ /vocabulary/80/index.html (+1ms) 
23:44:31   ├─ /vocabulary/81/index.html (+1ms) 
23:44:31   ├─ /vocabulary/82/index.html (+1ms) 
23:44:31   ├─ /vocabulary/83/index.html (+1ms) 
23:44:31   ├─ /vocabulary/84/index.html (+1ms) 
23:44:31   ├─ /vocabulary/85/index.html (+1ms) 
23:44:31   ├─ /vocabulary/86/index.html (+1ms) 
23:44:31   ├─ /vocabulary/87/index.html (+2ms) 
23:44:31   ├─ /vocabulary/88/index.html (+1ms) 
23:44:31   ├─ /vocabulary/89/index.html (+1ms) 
23:44:31   ├─ /vocabulary/90/index.html (+1ms) 
23:44:31   ├─ /vocabulary/91/index.html (+1ms) 
23:44:31   ├─ /vocabulary/92/index.html (+1ms) 
23:44:31   ├─ /vocabulary/93/index.html (+1ms) 
23:44:31   ├─ /vocabulary/94/index.html (+1ms) 
23:44:31   ├─ /vocabulary/95/index.html (+1ms) 
23:44:31   ├─ /vocabulary/96/index.html (+1ms) 
23:44:31   ├─ /vocabulary/97/index.html (+1ms) 
23:44:31   ├─ /vocabulary/98/index.html (+1ms) 
23:44:31   ├─ /vocabulary/99/index.html (+1ms) 
23:44:31   ├─ /vocabulary/100/index.html (+1ms) 
23:44:31   ├─ /vocabulary/101/index.html (+1ms) 
23:44:31   ├─ /vocabulary/102/index.html (+2ms) 
23:44:31   ├─ /vocabulary/103/index.html (+2ms) 
23:44:31   ├─ /vocabulary/104/index.html (+1ms) 
23:44:31   ├─ /vocabulary/105/index.html (+3ms) 
23:44:31   ├─ /vocabulary/106/index.html (+1ms) 
23:44:31   ├─ /vocabulary/107/index.html (+2ms) 
23:44:31   ├─ /vocabulary/108/index.html (+3ms) 
23:44:31   ├─ /vocabulary/109/index.html (+3ms) 
23:44:31   ├─ /vocabulary/110/index.html (+2ms) 
23:44:31   ├─ /vocabulary/111/index.html (+1ms) 
23:44:31   ├─ /vocabulary/112/index.html (+1ms) 
23:44:31   ├─ /vocabulary/113/index.html (+1ms) 
23:44:31   ├─ /vocabulary/114/index.html (+1ms) 
23:44:31   ├─ /vocabulary/115/index.html (+1ms) 
23:44:31   ├─ /vocabulary/116/index.html (+1ms) 
23:44:31   ├─ /vocabulary/117/index.html (+1ms) 
23:44:31   ├─ /vocabulary/118/index.html (+1ms) 
23:44:31   ├─ /vocabulary/119/index.html (+1ms) 
23:44:31   ├─ /vocabulary/120/index.html (+1ms) 
23:44:31   ├─ /vocabulary/121/index.html (+1ms) 
23:44:31   ├─ /vocabulary/122/index.html (+1ms) 
23:44:31   ├─ /vocabulary/123/index.html (+1ms) 
23:44:31   ├─ /vocabulary/124/index.html (+1ms) 
23:44:31   ├─ /vocabulary/125/index.html (+1ms) 
23:44:31   ├─ /vocabulary/126/index.html (+1ms) 
23:44:31   ├─ /vocabulary/127/index.html (+1ms) 
23:44:31   ├─ /vocabulary/128/index.html (+1ms) 
23:44:31   ├─ /vocabulary/129/index.html (+1ms) 
23:44:31   ├─ /vocabulary/130/index.html (+1ms) 
23:44:31   ├─ /vocabulary/131/index.html (+1ms) 
23:44:31   ├─ /vocabulary/132/index.html (+1ms) 
23:44:31   ├─ /vocabulary/133/index.html (+1ms) 
23:44:31   ├─ /vocabulary/134/index.html (+1ms) 
23:44:31   ├─ /vocabulary/135/index.html (+1ms) 
23:44:31   ├─ /vocabulary/136/index.html (+1ms) 
23:44:31   ├─ /vocabulary/137/index.html (+1ms) 
23:44:31   ├─ /vocabulary/138/index.html (+1ms) 
23:44:31   ├─ /vocabulary/139/index.html (+1ms) 
23:44:31   ├─ /vocabulary/140/index.html (+1ms) 
23:44:31   ├─ /vocabulary/141/index.html (+1ms) 
23:44:31   ├─ /vocabulary/142/index.html (+1ms) 
23:44:31   ├─ /vocabulary/143/index.html (+1ms) 
23:44:31   ├─ /vocabulary/144/index.html (+1ms) 
23:44:31   ├─ /vocabulary/145/index.html (+1ms) 
23:44:31   ├─ /vocabulary/146/index.html (+1ms) 
23:44:31   ├─ /vocabulary/147/index.html (+1ms) 
23:44:31   ├─ /vocabulary/148/index.html (+1ms) 
23:44:31   ├─ /vocabulary/149/index.html (+1ms) 
23:44:31   ├─ /vocabulary/150/index.html (+3ms) 
23:44:31   ├─ /vocabulary/151/index.html (+2ms) 
23:44:31   ├─ /vocabulary/152/index.html (+1ms) 
23:44:31   ├─ /vocabulary/153/index.html (+1ms) 
23:44:31   ├─ /vocabulary/154/index.html (+1ms) 
23:44:31   ├─ /vocabulary/155/index.html (+1ms) 
23:44:31   ├─ /vocabulary/156/index.html (+1ms) 
23:44:31   ├─ /vocabulary/157/index.html (+1ms) 
23:44:31   ├─ /vocabulary/158/index.html (+1ms) 
23:44:31   ├─ /vocabulary/159/index.html (+1ms) 
23:44:31   ├─ /vocabulary/160/index.html (+1ms) 
23:44:31   ├─ /vocabulary/161/index.html (+1ms) 
23:44:31   ├─ /vocabulary/162/index.html (+1ms) 
23:44:31   ├─ /vocabulary/163/index.html (+1ms) 
23:44:31   ├─ /vocabulary/164/index.html (+1ms) 
23:44:31   ├─ /vocabulary/165/index.html (+1ms) 
23:44:31   ├─ /vocabulary/166/index.html (+1ms) 
23:44:31   ├─ /vocabulary/167/index.html (+1ms) 
23:44:31   ├─ /vocabulary/168/index.html (+1ms) 
23:44:31   ├─ /vocabulary/169/index.html (+1ms) 
23:44:31   ├─ /vocabulary/170/index.html (+1ms) 
23:44:31   ├─ /vocabulary/171/index.html (+1ms) 
23:44:31   ├─ /vocabulary/172/index.html (+1ms) 
23:44:31   ├─ /vocabulary/173/index.html (+1ms) 
23:44:31   ├─ /vocabulary/174/index.html (+1ms) 
23:44:31   ├─ /vocabulary/175/index.html (+1ms) 
23:44:31   ├─ /vocabulary/176/index.html (+1ms) 
23:44:31   ├─ /vocabulary/177/index.html (+1ms) 
23:44:31   ├─ /vocabulary/178/index.html (+1ms) 
23:44:31   ├─ /vocabulary/179/index.html (+1ms) 
23:44:31   ├─ /vocabulary/180/index.html (+1ms) 
23:44:31   ├─ /vocabulary/181/index.html (+1ms) 
23:44:31   ├─ /vocabulary/182/index.html (+1ms) 
23:44:31   ├─ /vocabulary/183/index.html (+1ms) 
23:44:31   ├─ /vocabulary/184/index.html (+1ms) 
23:44:31   ├─ /vocabulary/185/index.html (+1ms) 
23:44:31   ├─ /vocabulary/186/index.html (+1ms) 
23:44:31   ├─ /vocabulary/187/index.html (+1ms) 
23:44:31   ├─ /vocabulary/188/index.html (+1ms) 
23:44:31   ├─ /vocabulary/189/index.html (+1ms) 
23:44:31   ├─ /vocabulary/190/index.html (+1ms) 
23:44:31   ├─ /vocabulary/191/index.html (+1ms) 
23:44:31   ├─ /vocabulary/192/index.html (+1ms) 
23:44:31   ├─ /vocabulary/193/index.html (+1ms) 
23:44:31   ├─ /vocabulary/194/index.html (+1ms) 
23:44:31   ├─ /vocabulary/195/index.html (+1ms) 
23:44:31   ├─ /vocabulary/196/index.html (+1ms) 
23:44:31   ├─ /vocabulary/197/index.html (+1ms) 
23:44:31   ├─ /vocabulary/198/index.html (+1ms) 
23:44:31   ├─ /vocabulary/199/index.html (+1ms) 
23:44:31   ├─ /vocabulary/200/index.html (+1ms) 
23:44:31   ├─ /vocabulary/201/index.html (+1ms) 
23:44:31   ├─ /vocabulary/202/index.html (+1ms) 
23:44:31   ├─ /vocabulary/203/index.html (+1ms) 
23:44:31   ├─ /vocabulary/204/index.html (+1ms) 
23:44:31   ├─ /vocabulary/205/index.html (+1ms) 
23:44:31   ├─ /vocabulary/206/index.html (+1ms) 
23:44:31   ├─ /vocabulary/207/index.html (+1ms) 
23:44:31   ├─ /vocabulary/208/index.html (+1ms) 
23:44:31   ├─ /vocabulary/209/index.html (+2ms) 
23:44:31   ├─ /vocabulary/210/index.html (+5ms) 
23:44:31   ├─ /vocabulary/211/index.html (+1ms) 
23:44:31   ├─ /vocabulary/212/index.html (+1ms) 
23:44:31   ├─ /vocabulary/213/index.html (+1ms) 
23:44:31   ├─ /vocabulary/214/index.html (+1ms) 
23:44:31   ├─ /vocabulary/215/index.html (+1ms) 
23:44:31   ├─ /vocabulary/216/index.html (+1ms) 
23:44:31   ├─ /vocabulary/217/index.html (+1ms) 
23:44:31   ├─ /vocabulary/218/index.html (+1ms) 
23:44:31   ├─ /vocabulary/219/index.html (+1ms) 
23:44:31   ├─ /vocabulary/220/index.html (+1ms) 
23:44:31   ├─ /vocabulary/221/index.html (+1ms) 
23:44:31   ├─ /vocabulary/222/index.html (+1ms) 
23:44:31   ├─ /vocabulary/223/index.html (+1ms) 
23:44:31   ├─ /vocabulary/224/index.html (+1ms) 
23:44:31   ├─ /vocabulary/225/index.html (+1ms) 
23:44:31   ├─ /vocabulary/226/index.html (+1ms) 
23:44:31   ├─ /vocabulary/227/index.html (+1ms) 
23:44:31   ├─ /vocabulary/228/index.html (+1ms) 
23:44:31   ├─ /vocabulary/229/index.html (+1ms) 
23:44:31   ├─ /vocabulary/230/index.html (+1ms) 
23:44:31   ├─ /vocabulary/231/index.html (+1ms) 
23:44:31   ├─ /vocabulary/232/index.html (+1ms) 
23:44:31   ├─ /vocabulary/233/index.html (+1ms) 
23:44:31   ├─ /vocabulary/234/index.html (+1ms) 
23:44:31   ├─ /vocabulary/235/index.html (+1ms) 
23:44:31   ├─ /vocabulary/236/index.html (+1ms) 
23:44:31   ├─ /vocabulary/237/index.html (+1ms) 
23:44:31   ├─ /vocabulary/238/index.html (+1ms) 
23:44:31   ├─ /vocabulary/239/index.html (+1ms) 
23:44:31   ├─ /vocabulary/240/index.html (+1ms) 
23:44:31   ├─ /vocabulary/241/index.html (+1ms) 
23:44:31   ├─ /vocabulary/242/index.html (+1ms) 
23:44:31   ├─ /vocabulary/243/index.html (+2ms) 
23:44:31   ├─ /vocabulary/244/index.html (+1ms) 
23:44:31   ├─ /vocabulary/245/index.html (+1ms) 
23:44:31   ├─ /vocabulary/246/index.html (+1ms) 
23:44:31   ├─ /vocabulary/247/index.html (+1ms) 
23:44:31   ├─ /vocabulary/248/index.html (+1ms) 
23:44:31   ├─ /vocabulary/249/index.html (+1ms) 
23:44:31   ├─ /vocabulary/250/index.html (+1ms) 
23:44:31   ├─ /vocabulary/251/index.html (+1ms) 
23:44:31   ├─ /vocabulary/252/index.html (+1ms) 
23:44:31   ├─ /vocabulary/253/index.html (+1ms) 
23:44:31   ├─ /vocabulary/254/index.html (+1ms) 
23:44:31   ├─ /vocabulary/255/index.html (+1ms) 
23:44:31   ├─ /vocabulary/256/index.html (+1ms) 
23:44:31   ├─ /vocabulary/257/index.html (+1ms) 
23:44:31   ├─ /vocabulary/258/index.html (+1ms) 
23:44:31   ├─ /vocabulary/259/index.html (+1ms) 
23:44:31   ├─ /vocabulary/260/index.html (+1ms) 
23:44:31   ├─ /vocabulary/261/index.html (+3ms) 
23:44:31   ├─ /vocabulary/262/index.html (+2ms) 
23:44:31   ├─ /vocabulary/263/index.html (+1ms) 
23:44:31   ├─ /vocabulary/264/index.html (+1ms) 
23:44:31   ├─ /vocabulary/265/index.html (+1ms) 
23:44:31   ├─ /vocabulary/266/index.html (+1ms) 
23:44:31   ├─ /vocabulary/267/index.html (+1ms) 
23:44:31   ├─ /vocabulary/268/index.html (+1ms) 
23:44:31   ├─ /vocabulary/269/index.html (+1ms) 
23:44:31   ├─ /vocabulary/270/index.html (+1ms) 
23:44:31   ├─ /vocabulary/271/index.html (+1ms) 
23:44:31   ├─ /vocabulary/272/index.html (+1ms) 
23:44:31   ├─ /vocabulary/273/index.html (+1ms) 
23:44:31   ├─ /vocabulary/274/index.html (+1ms) 
23:44:31   ├─ /vocabulary/275/index.html (+1ms) 
23:44:31   ├─ /vocabulary/276/index.html (+1ms) 
23:44:31   ├─ /vocabulary/277/index.html (+1ms) 
23:44:31   ├─ /vocabulary/278/index.html (+1ms) 
23:44:31   ├─ /vocabulary/279/index.html (+1ms) 
23:44:31   ├─ /vocabulary/280/index.html (+1ms) 
23:44:31   ├─ /vocabulary/281/index.html (+1ms) 
23:44:31   ├─ /vocabulary/282/index.html (+1ms) 
23:44:31   ├─ /vocabulary/283/index.html (+1ms) 
23:44:31   ├─ /vocabulary/284/index.html (+1ms) 
23:44:31   ├─ /vocabulary/285/index.html (+1ms) 
23:44:31   ├─ /vocabulary/286/index.html (+1ms) 
23:44:31   ├─ /vocabulary/287/index.html (+1ms) 
23:44:31   ├─ /vocabulary/288/index.html (+1ms) 
23:44:31   ├─ /vocabulary/289/index.html (+1ms) 
23:44:31   ├─ /vocabulary/290/index.html (+1ms) 
23:44:31   ├─ /vocabulary/291/index.html (+1ms) 
23:44:31   ├─ /vocabulary/292/index.html (+1ms) 
23:44:31   ├─ /vocabulary/293/index.html (+1ms) 
23:44:31   ├─ /vocabulary/294/index.html (+1ms) 
23:44:31   ├─ /vocabulary/295/index.html (+1ms) 
23:44:31   ├─ /vocabulary/296/index.html (+1ms) 
23:44:31   ├─ /vocabulary/297/index.html (+3ms) 
23:44:31   ├─ /vocabulary/298/index.html (+1ms) 
23:44:31   ├─ /vocabulary/299/index.html (+1ms) 
23:44:31   ├─ /vocabulary/300/index.html (+1ms) 
23:44:31   ├─ /vocabulary/301/index.html (+1ms) 
23:44:31   ├─ /vocabulary/302/index.html (+1ms) 
23:44:31   ├─ /vocabulary/303/index.html (+1ms) 
23:44:31   ├─ /vocabulary/304/index.html (+1ms) 
23:44:31   ├─ /vocabulary/305/index.html (+1ms) 
23:44:31   ├─ /vocabulary/306/index.html (+1ms) 
23:44:31   ├─ /vocabulary/307/index.html (+1ms) 
23:44:31   ├─ /vocabulary/308/index.html (+1ms) 
23:44:31   ├─ /vocabulary/309/index.html (+1ms) 
23:44:31   ├─ /vocabulary/310/index.html (+1ms) 
23:44:31   ├─ /vocabulary/311/index.html (+1ms) 
23:44:31   ├─ /vocabulary/312/index.html (+1ms) 
23:44:31   ├─ /vocabulary/313/index.html (+1ms) 
23:44:31   ├─ /vocabulary/314/index.html (+1ms) 
23:44:31   ├─ /vocabulary/315/index.html (+1ms) 
23:44:31   ├─ /vocabulary/316/index.html (+1ms) 
23:44:31   ├─ /vocabulary/317/index.html (+1ms) 
23:44:31   ├─ /vocabulary/318/index.html (+1ms) 
23:44:31   ├─ /vocabulary/319/index.html (+1ms) 
23:44:31   ├─ /vocabulary/320/index.html (+1ms) 
23:44:31   ├─ /vocabulary/321/index.html (+1ms) 
23:44:31   ├─ /vocabulary/322/index.html (+1ms) 
23:44:31   ├─ /vocabulary/323/index.html (+1ms) 
23:44:31   ├─ /vocabulary/324/index.html (+1ms) 
23:44:31   ├─ /vocabulary/325/index.html (+1ms) 
23:44:31   ├─ /vocabulary/326/index.html (+1ms) 
23:44:31   ├─ /vocabulary/327/index.html (+1ms) 
23:44:31   ├─ /vocabulary/328/index.html (+1ms) 
23:44:31   ├─ /vocabulary/329/index.html (+1ms) 
23:44:31   ├─ /vocabulary/330/index.html (+1ms) 
23:44:31   ├─ /vocabulary/331/index.html (+1ms) 
23:44:31   ├─ /vocabulary/332/index.html (+1ms) 
23:44:31   ├─ /vocabulary/333/index.html (+1ms) 
23:44:31   ├─ /vocabulary/334/index.html (+1ms) 
23:44:31   ├─ /vocabulary/335/index.html (+1ms) 
23:44:31   ├─ /vocabulary/336/index.html (+1ms) 
23:44:31   ├─ /vocabulary/337/index.html (+1ms) 
23:44:31   ├─ /vocabulary/338/index.html (+1ms) 
23:44:31   ├─ /vocabulary/339/index.html (+1ms) 
23:44:31   ├─ /vocabulary/340/index.html (+1ms) 
23:44:31   ├─ /vocabulary/341/index.html (+1ms) 
23:44:31   ├─ /vocabulary/342/index.html (+1ms) 
23:44:31   ├─ /vocabulary/343/index.html (+1ms) 
23:44:31   ├─ /vocabulary/344/index.html (+1ms) 
23:44:31   ├─ /vocabulary/345/index.html (+1ms) 
23:44:31   ├─ /vocabulary/346/index.html (+1ms) 
23:44:31   ├─ /vocabulary/347/index.html (+1ms) 
23:44:31   ├─ /vocabulary/348/index.html (+1ms) 
23:44:31   ├─ /vocabulary/349/index.html (+1ms) 
23:44:31   ├─ /vocabulary/350/index.html (+1ms) 
23:44:31   ├─ /vocabulary/351/index.html (+1ms) 
23:44:31   ├─ /vocabulary/352/index.html (+1ms) 
23:44:31   ├─ /vocabulary/353/index.html (+1ms) 
23:44:31   ├─ /vocabulary/354/index.html (+1ms) 
23:44:31   ├─ /vocabulary/355/index.html (+1ms) 
23:44:31   ├─ /vocabulary/356/index.html (+1ms) 
23:44:31   ├─ /vocabulary/357/index.html (+1ms) 
23:44:31   ├─ /vocabulary/358/index.html (+1ms) 
23:44:31   ├─ /vocabulary/359/index.html (+1ms) 
23:44:31   ├─ /vocabulary/360/index.html (+1ms) 
23:44:31   ├─ /vocabulary/361/index.html (+1ms) 
23:44:31   ├─ /vocabulary/362/index.html (+1ms) 
23:44:31   ├─ /vocabulary/363/index.html (+1ms) 
23:44:31   ├─ /vocabulary/364/index.html (+1ms) 
23:44:31   ├─ /vocabulary/365/index.html (+1ms) 
23:44:31   ├─ /vocabulary/366/index.html (+1ms) 
23:44:31   ├─ /vocabulary/367/index.html (+1ms) 
23:44:31   ├─ /vocabulary/368/index.html (+1ms) 
23:44:31   ├─ /vocabulary/369/index.html (+1ms) 
23:44:31   ├─ /vocabulary/370/index.html (+1ms) 
23:44:31   ├─ /vocabulary/371/index.html (+1ms) 
23:44:31   ├─ /vocabulary/372/index.html (+1ms) 
23:44:31   ├─ /vocabulary/373/index.html (+1ms) 
23:44:31   ├─ /vocabulary/374/index.html (+1ms) 
23:44:31   ├─ /vocabulary/375/index.html (+1ms) 
23:44:31   ├─ /vocabulary/376/index.html (+1ms) 
23:44:31   ├─ /vocabulary/377/index.html (+1ms) 
23:44:31   ├─ /vocabulary/378/index.html (+1ms) 
23:44:31   ├─ /vocabulary/379/index.html (+1ms) 
23:44:31   ├─ /vocabulary/380/index.html (+1ms) 
23:44:31   ├─ /vocabulary/381/index.html (+1ms) 
23:44:31   ├─ /vocabulary/382/index.html (+1ms) 
23:44:31   ├─ /vocabulary/383/index.html (+1ms) 
23:44:31   ├─ /vocabulary/384/index.html (+1ms) 
23:44:31   ├─ /vocabulary/385/index.html (+1ms) 
23:44:31   ├─ /vocabulary/386/index.html (+1ms) 
23:44:31   ├─ /vocabulary/387/index.html (+1ms) 
23:44:31   ├─ /vocabulary/388/index.html (+1ms) 
23:44:31   ├─ /vocabulary/389/index.html (+1ms) 
23:44:31   ├─ /vocabulary/390/index.html (+1ms) 
23:44:31   ├─ /vocabulary/391/index.html (+1ms) 
23:44:31   ├─ /vocabulary/392/index.html (+1ms) 
23:44:31   ├─ /vocabulary/393/index.html (+1ms) 
23:44:31   ├─ /vocabulary/394/index.html (+1ms) 
23:44:31   ├─ /vocabulary/395/index.html (+1ms) 
23:44:31   ├─ /vocabulary/396/index.html (+1ms) 
23:44:31   ├─ /vocabulary/397/index.html (+1ms) 
23:44:31   ├─ /vocabulary/398/index.html (+1ms) 
23:44:31   ├─ /vocabulary/399/index.html (+1ms) 
23:44:31   ├─ /vocabulary/400/index.html (+1ms) 
23:44:31   ├─ /vocabulary/401/index.html (+1ms) 
23:44:31   ├─ /vocabulary/402/index.html (+1ms) 
23:44:31   ├─ /vocabulary/403/index.html (+1ms) 
23:44:31   ├─ /vocabulary/404/index.html (+1ms) 
23:44:31   ├─ /vocabulary/405/index.html (+1ms) 
23:44:31   ├─ /vocabulary/406/index.html (+1ms) 
23:44:31   ├─ /vocabulary/407/index.html (+1ms) 
23:44:31   ├─ /vocabulary/408/index.html (+1ms) 
23:44:31   ├─ /vocabulary/409/index.html (+1ms) 
23:44:31   ├─ /vocabulary/410/index.html (+1ms) 
23:44:31   ├─ /vocabulary/411/index.html (+1ms) 
23:44:31   ├─ /vocabulary/412/index.html (+1ms) 
23:44:31   ├─ /vocabulary/413/index.html (+1ms) 
23:44:31   ├─ /vocabulary/414/index.html (+1ms) 
23:44:31   ├─ /vocabulary/415/index.html (+1ms) 
23:44:31   ├─ /vocabulary/416/index.html (+1ms) 
23:44:31   ├─ /vocabulary/417/index.html (+1ms) 
23:44:31   ├─ /vocabulary/418/index.html (+1ms) 
23:44:31   ├─ /vocabulary/419/index.html (+1ms) 
23:44:31   ├─ /vocabulary/420/index.html (+1ms) 
23:44:31   ├─ /vocabulary/421/index.html (+1ms) 
23:44:31   ├─ /vocabulary/422/index.html (+1ms) 
23:44:31   ├─ /vocabulary/423/index.html (+1ms) 
23:44:31   ├─ /vocabulary/424/index.html (+1ms) 
23:44:31   ├─ /vocabulary/425/index.html (+1ms) 
23:44:31   ├─ /vocabulary/426/index.html (+1ms) 
23:44:31   ├─ /vocabulary/427/index.html (+1ms) 
23:44:31   ├─ /vocabulary/428/index.html (+1ms) 
23:44:31   ├─ /vocabulary/429/index.html (+1ms) 
23:44:31   ├─ /vocabulary/430/index.html (+1ms) 
23:44:31   ├─ /vocabulary/431/index.html (+1ms) 
23:44:31   ├─ /vocabulary/432/index.html (+1ms) 
23:44:31   ├─ /vocabulary/433/index.html (+1ms) 
23:44:31   ├─ /vocabulary/434/index.html (+1ms) 
23:44:31   ├─ /vocabulary/435/index.html (+1ms) 
23:44:31   ├─ /vocabulary/436/index.html (+1ms) 
23:44:31   ├─ /vocabulary/437/index.html (+1ms) 
23:44:31   ├─ /vocabulary/438/index.html (+1ms) 
23:44:31   ├─ /vocabulary/439/index.html (+1ms) 
23:44:31   ├─ /vocabulary/440/index.html (+1ms) 
23:44:31   ├─ /vocabulary/441/index.html (+1ms) 
23:44:31   ├─ /vocabulary/442/index.html (+4ms) 
23:44:31   ├─ /vocabulary/443/index.html (+1ms) 
23:44:31   ├─ /vocabulary/444/index.html (+1ms) 
23:44:31   ├─ /vocabulary/445/index.html (+1ms) 
23:44:31   ├─ /vocabulary/446/index.html (+1ms) 
23:44:31   ├─ /vocabulary/447/index.html (+1ms) 
23:44:31   ├─ /vocabulary/448/index.html (+1ms) 
23:44:31   ├─ /vocabulary/449/index.html (+1ms) 
23:44:31   ├─ /vocabulary/450/index.html (+1ms) 
23:44:31   ├─ /vocabulary/451/index.html (+1ms) 
23:44:31   ├─ /vocabulary/452/index.html (+1ms) 
23:44:31   ├─ /vocabulary/453/index.html (+1ms) 
23:44:31   ├─ /vocabulary/454/index.html (+1ms) 
23:44:31   ├─ /vocabulary/455/index.html (+1ms) 
23:44:31   ├─ /vocabulary/456/index.html (+1ms) 
23:44:31   ├─ /vocabulary/457/index.html (+1ms) 
23:44:31   ├─ /vocabulary/458/index.html (+1ms) 
23:44:31   ├─ /vocabulary/459/index.html (+1ms) 
23:44:31   ├─ /vocabulary/460/index.html (+1ms) 
23:44:31   ├─ /vocabulary/461/index.html (+1ms) 
23:44:31   ├─ /vocabulary/462/index.html (+1ms) 
23:44:31   ├─ /vocabulary/463/index.html (+1ms) 
23:44:31   ├─ /vocabulary/464/index.html (+1ms) 
23:44:31   ├─ /vocabulary/465/index.html (+1ms) 
23:44:31   ├─ /vocabulary/466/index.html (+1ms) 
23:44:31   ├─ /vocabulary/467/index.html (+1ms) 
23:44:31   ├─ /vocabulary/468/index.html (+1ms) 
23:44:31   ├─ /vocabulary/469/index.html (+1ms) 
23:44:31   ├─ /vocabulary/470/index.html (+1ms) 
23:44:31   ├─ /vocabulary/471/index.html (+1ms) 
23:44:31   ├─ /vocabulary/472/index.html (+1ms) 
23:44:31   ├─ /vocabulary/473/index.html (+1ms) 
23:44:31   ├─ /vocabulary/474/index.html (+1ms) 
23:44:31   ├─ /vocabulary/475/index.html (+1ms) 
23:44:31   ├─ /vocabulary/476/index.html (+1ms) 
23:44:31   ├─ /vocabulary/477/index.html (+1ms) 
23:44:31   ├─ /vocabulary/478/index.html (+1ms) 
23:44:31   ├─ /vocabulary/479/index.html (+1ms) 
23:44:31   ├─ /vocabulary/480/index.html (+2ms) 
23:44:31   ├─ /vocabulary/481/index.html (+1ms) 
23:44:31   ├─ /vocabulary/482/index.html (+1ms) 
23:44:31   ├─ /vocabulary/483/index.html (+1ms) 
23:44:31   ├─ /vocabulary/484/index.html (+1ms) 
23:44:31   ├─ /vocabulary/485/index.html (+1ms) 
23:44:31   ├─ /vocabulary/486/index.html (+1ms) 
23:44:31   ├─ /vocabulary/487/index.html (+1ms) 
23:44:31   ├─ /vocabulary/488/index.html (+1ms) 
23:44:31   ├─ /vocabulary/489/index.html (+1ms) 
23:44:31   ├─ /vocabulary/490/index.html (+1ms) 
23:44:31   ├─ /vocabulary/491/index.html (+1ms) 
23:44:31   ├─ /vocabulary/492/index.html (+1ms) 
23:44:31   ├─ /vocabulary/493/index.html (+1ms) 
23:44:31   ├─ /vocabulary/494/index.html (+1ms) 
23:44:31   ├─ /vocabulary/495/index.html (+1ms) 
23:44:31   ├─ /vocabulary/496/index.html (+1ms) 
23:44:31   ├─ /vocabulary/497/index.html (+1ms) 
23:44:31   ├─ /vocabulary/498/index.html (+1ms) 
23:44:31   ├─ /vocabulary/499/index.html (+1ms) 
23:44:31   ├─ /vocabulary/500/index.html (+1ms) 
23:44:31   ├─ /vocabulary/501/index.html (+1ms) 
23:44:31   ├─ /vocabulary/502/index.html (+1ms) 
23:44:31   ├─ /vocabulary/503/index.html (+1ms) 
23:44:31   ├─ /vocabulary/504/index.html (+1ms) 
23:44:31   ├─ /vocabulary/505/index.html (+1ms) 
23:44:31   ├─ /vocabulary/506/index.html (+1ms) 
23:44:31   ├─ /vocabulary/507/index.html (+1ms) 
23:44:31   ├─ /vocabulary/508/index.html (+1ms) 
23:44:31   ├─ /vocabulary/509/index.html (+1ms) 
23:44:31   ├─ /vocabulary/510/index.html (+1ms) 
23:44:31   ├─ /vocabulary/511/index.html (+1ms) 
23:44:31   ├─ /vocabulary/512/index.html (+1ms) 
23:44:31   ├─ /vocabulary/513/index.html (+1ms) 
23:44:31   ├─ /vocabulary/514/index.html (+1ms) 
23:44:31   ├─ /vocabulary/515/index.html (+1ms) 
23:44:31   ├─ /vocabulary/516/index.html (+1ms) 
23:44:31   ├─ /vocabulary/517/index.html (+1ms) 
23:44:31   ├─ /vocabulary/518/index.html (+1ms) 
23:44:31   ├─ /vocabulary/519/index.html (+1ms) 
23:44:31   ├─ /vocabulary/520/index.html (+1ms) 
23:44:31   ├─ /vocabulary/521/index.html (+1ms) 
23:44:31   ├─ /vocabulary/522/index.html (+1ms) 
23:44:31   ├─ /vocabulary/523/index.html (+1ms) 
23:44:31   ├─ /vocabulary/524/index.html (+1ms) 
23:44:31   ├─ /vocabulary/525/index.html (+1ms) 
23:44:31   ├─ /vocabulary/526/index.html (+1ms) 
23:44:31   ├─ /vocabulary/527/index.html (+1ms) 
23:44:31   ├─ /vocabulary/528/index.html (+1ms) 
23:44:31   ├─ /vocabulary/529/index.html (+1ms) 
23:44:31   ├─ /vocabulary/530/index.html (+1ms) 
23:44:31   ├─ /vocabulary/531/index.html (+1ms) 
23:44:31   ├─ /vocabulary/532/index.html (+1ms) 
23:44:31   ├─ /vocabulary/533/index.html (+1ms) 
23:44:31   ├─ /vocabulary/534/index.html (+1ms) 
23:44:31   ├─ /vocabulary/535/index.html (+1ms) 
23:44:31   ├─ /vocabulary/536/index.html (+1ms) 
23:44:31   ├─ /vocabulary/537/index.html (+1ms) 
23:44:31   ├─ /vocabulary/538/index.html (+1ms) 
23:44:31   ├─ /vocabulary/539/index.html (+1ms) 
23:44:31   ├─ /vocabulary/540/index.html (+1ms) 
23:44:31   ├─ /vocabulary/541/index.html (+1ms) 
23:44:31   ├─ /vocabulary/542/index.html (+1ms) 
23:44:31   ├─ /vocabulary/543/index.html (+1ms) 
23:44:31   ├─ /vocabulary/544/index.html (+1ms) 
23:44:31   ├─ /vocabulary/545/index.html (+1ms) 
23:44:31   ├─ /vocabulary/546/index.html (+1ms) 
23:44:31   ├─ /vocabulary/547/index.html (+1ms) 
23:44:31   ├─ /vocabulary/548/index.html (+1ms) 
23:44:31   ├─ /vocabulary/549/index.html (+1ms) 
23:44:31   ├─ /vocabulary/550/index.html (+1ms) 
23:44:31   ├─ /vocabulary/551/index.html (+1ms) 
23:44:31   ├─ /vocabulary/552/index.html (+1ms) 
23:44:31   ├─ /vocabulary/553/index.html (+1ms) 
23:44:31   ├─ /vocabulary/554/index.html (+1ms) 
23:44:31   ├─ /vocabulary/555/index.html (+1ms) 
23:44:31   ├─ /vocabulary/556/index.html (+1ms) 
23:44:31   ├─ /vocabulary/557/index.html (+1ms) 
23:44:31   ├─ /vocabulary/558/index.html (+1ms) 
23:44:31   ├─ /vocabulary/559/index.html (+1ms) 
23:44:31   ├─ /vocabulary/560/index.html (+1ms) 
23:44:31   ├─ /vocabulary/561/index.html (+1ms) 
23:44:31   ├─ /vocabulary/562/index.html (+1ms) 
23:44:31   ├─ /vocabulary/563/index.html (+1ms) 
23:44:31   ├─ /vocabulary/564/index.html (+1ms) 
23:44:31   ├─ /vocabulary/565/index.html (+1ms) 
23:44:31   ├─ /vocabulary/566/index.html (+1ms) 
23:44:31   ├─ /vocabulary/567/index.html (+1ms) 
23:44:31   ├─ /vocabulary/568/index.html (+1ms) 
23:44:31   ├─ /vocabulary/569/index.html (+1ms) 
23:44:31   ├─ /vocabulary/570/index.html (+1ms) 
23:44:31   ├─ /vocabulary/571/index.html (+1ms) 
23:44:31   ├─ /vocabulary/572/index.html (+1ms) 
23:44:31   ├─ /vocabulary/573/index.html (+1ms) 
23:44:31   ├─ /vocabulary/574/index.html (+1ms) 
23:44:31   ├─ /vocabulary/575/index.html (+1ms) 
23:44:31   ├─ /vocabulary/576/index.html (+1ms) 
23:44:31   ├─ /vocabulary/577/index.html (+1ms) 
23:44:31   ├─ /vocabulary/578/index.html (+1ms) 
23:44:31   ├─ /vocabulary/579/index.html (+1ms) 
23:44:31   ├─ /vocabulary/580/index.html (+1ms) 
23:44:31   ├─ /vocabulary/581/index.html (+1ms) 
23:44:31   ├─ /vocabulary/582/index.html (+1ms) 
23:44:31   ├─ /vocabulary/583/index.html (+1ms) 
23:44:31   ├─ /vocabulary/584/index.html (+1ms) 
23:44:31   ├─ /vocabulary/585/index.html (+4ms) 
23:44:31   ├─ /vocabulary/586/index.html (+1ms) 
23:44:31   ├─ /vocabulary/587/index.html (+1ms) 
23:44:31   ├─ /vocabulary/588/index.html (+1ms) 
23:44:31   ├─ /vocabulary/589/index.html (+1ms) 
23:44:31   ├─ /vocabulary/590/index.html (+1ms) 
23:44:31   ├─ /vocabulary/591/index.html (+1ms) 
23:44:31   ├─ /vocabulary/592/index.html (+1ms) 
23:44:31   ├─ /vocabulary/593/index.html (+1ms) 
23:44:31   ├─ /vocabulary/594/index.html (+1ms) 
23:44:31   ├─ /vocabulary/595/index.html (+1ms) 
23:44:31   ├─ /vocabulary/596/index.html (+1ms) 
23:44:31   ├─ /vocabulary/597/index.html (+1ms) 
23:44:31   ├─ /vocabulary/598/index.html (+1ms) 
23:44:31   ├─ /vocabulary/599/index.html (+1ms) 
23:44:31   ├─ /vocabulary/600/index.html (+1ms) 
23:44:31   ├─ /vocabulary/601/index.html (+1ms) 
23:44:31   ├─ /vocabulary/602/index.html (+1ms) 
23:44:31   ├─ /vocabulary/603/index.html (+1ms) 
23:44:31   ├─ /vocabulary/604/index.html (+1ms) 
23:44:31   ├─ /vocabulary/605/index.html (+1ms) 
23:44:31   ├─ /vocabulary/606/index.html (+1ms) 
23:44:31   ├─ /vocabulary/607/index.html (+1ms) 
23:44:31   ├─ /vocabulary/608/index.html (+1ms) 
23:44:31   ├─ /vocabulary/609/index.html (+1ms) 
23:44:31   ├─ /vocabulary/610/index.html (+1ms) 
23:44:31   ├─ /vocabulary/611/index.html (+1ms) 
23:44:31   ├─ /vocabulary/612/index.html (+1ms) 
23:44:31   ├─ /vocabulary/613/index.html (+1ms) 
23:44:31   ├─ /vocabulary/614/index.html (+1ms) 
23:44:31   ├─ /vocabulary/615/index.html (+1ms) 
23:44:31   ├─ /vocabulary/616/index.html (+1ms) 
23:44:31   ├─ /vocabulary/617/index.html (+1ms) 
23:44:31   ├─ /vocabulary/618/index.html (+1ms) 
23:44:31   ├─ /vocabulary/619/index.html (+1ms) 
23:44:31   ├─ /vocabulary/620/index.html (+1ms) 
23:44:31   ├─ /vocabulary/621/index.html (+1ms) 
23:44:31   ├─ /vocabulary/622/index.html (+1ms) 
23:44:31   ├─ /vocabulary/623/index.html (+1ms) 
23:44:31   ├─ /vocabulary/624/index.html (+1ms) 
23:44:31   ├─ /vocabulary/625/index.html (+1ms) 
23:44:31   ├─ /vocabulary/626/index.html (+1ms) 
23:44:31   ├─ /vocabulary/627/index.html (+1ms) 
23:44:31   ├─ /vocabulary/628/index.html (+1ms) 
23:44:31   ├─ /vocabulary/629/index.html (+1ms) 
23:44:31   ├─ /vocabulary/630/index.html (+1ms) 
23:44:31   ├─ /vocabulary/631/index.html (+1ms) 
23:44:31   ├─ /vocabulary/632/index.html (+1ms) 
23:44:31   ├─ /vocabulary/633/index.html (+1ms) 
23:44:31   ├─ /vocabulary/634/index.html (+1ms) 
23:44:31   ├─ /vocabulary/635/index.html (+1ms) 
23:44:31   ├─ /vocabulary/636/index.html (+1ms) 
23:44:31   ├─ /vocabulary/637/index.html (+1ms) 
23:44:31   ├─ /vocabulary/638/index.html (+1ms) 
23:44:31   ├─ /vocabulary/639/index.html (+1ms) 
23:44:31   ├─ /vocabulary/640/index.html (+1ms) 
23:44:31   ├─ /vocabulary/641/index.html (+2ms) 
23:44:31   ├─ /vocabulary/642/index.html (+2ms) 
23:44:31   ├─ /vocabulary/643/index.html (+1ms) 
23:44:31   ├─ /vocabulary/644/index.html (+1ms) 
23:44:31   ├─ /vocabulary/645/index.html (+1ms) 
23:44:31   ├─ /vocabulary/646/index.html (+1ms) 
23:44:31   ├─ /vocabulary/647/index.html (+1ms) 
23:44:31   ├─ /vocabulary/648/index.html (+2ms) 
23:44:31   ├─ /vocabulary/649/index.html (+1ms) 
23:44:31   ├─ /vocabulary/650/index.html (+2ms) 
23:44:31   ├─ /vocabulary/651/index.html (+3ms) 
23:44:31   ├─ /vocabulary/652/index.html (+2ms) 
23:44:31   ├─ /vocabulary/653/index.html (+1ms) 
23:44:31   ├─ /vocabulary/654/index.html (+1ms) 
23:44:31   ├─ /vocabulary/655/index.html (+1ms) 
23:44:31   ├─ /vocabulary/656/index.html (+2ms) 
23:44:31   ├─ /vocabulary/657/index.html (+1ms) 
23:44:31   ├─ /vocabulary/658/index.html (+1ms) 
23:44:31   ├─ /vocabulary/659/index.html (+1ms) 
23:44:31   ├─ /vocabulary/660/index.html (+1ms) 
23:44:31   ├─ /vocabulary/661/index.html (+1ms) 
23:44:31   ├─ /vocabulary/662/index.html (+2ms) 
23:44:31   ├─ /vocabulary/663/index.html (+1ms) 
23:44:31   ├─ /vocabulary/664/index.html (+2ms) 
23:44:31   ├─ /vocabulary/665/index.html (+1ms) 
23:44:31   ├─ /vocabulary/666/index.html (+1ms) 
23:44:31   ├─ /vocabulary/667/index.html (+1ms) 
23:44:31   ├─ /vocabulary/668/index.html (+1ms) 
23:44:31   ├─ /vocabulary/669/index.html (+1ms) 
23:44:31   ├─ /vocabulary/670/index.html (+1ms) 
23:44:31   ├─ /vocabulary/671/index.html (+1ms) 
23:44:31   ├─ /vocabulary/672/index.html (+1ms) 
23:44:31   ├─ /vocabulary/673/index.html (+1ms) 
23:44:31   ├─ /vocabulary/674/index.html (+2ms) 
23:44:31   ├─ /vocabulary/675/index.html (+1ms) 
23:44:31   ├─ /vocabulary/676/index.html (+2ms) 
23:44:31   ├─ /vocabulary/677/index.html (+1ms) 
23:44:31   ├─ /vocabulary/678/index.html (+1ms) 
23:44:31   ├─ /vocabulary/679/index.html (+2ms) 
23:44:31   ├─ /vocabulary/680/index.html (+1ms) 
23:44:31   ├─ /vocabulary/681/index.html (+1ms) 
23:44:31   ├─ /vocabulary/682/index.html (+1ms) 
23:44:31   ├─ /vocabulary/683/index.html (+1ms) 
23:44:31   ├─ /vocabulary/684/index.html (+1ms) 
23:44:31   ├─ /vocabulary/685/index.html (+1ms) 
23:44:31   ├─ /vocabulary/686/index.html (+1ms) 
23:44:31   ├─ /vocabulary/687/index.html (+1ms) 
23:44:31   ├─ /vocabulary/688/index.html (+1ms) 
23:44:31   ├─ /vocabulary/689/index.html (+1ms) 
23:44:31   ├─ /vocabulary/690/index.html (+1ms) 
23:44:31   ├─ /vocabulary/691/index.html (+1ms) 
23:44:31   ├─ /vocabulary/692/index.html (+1ms) 
23:44:31   ├─ /vocabulary/693/index.html (+1ms) 
23:44:31   ├─ /vocabulary/694/index.html (+2ms) 
23:44:31   ├─ /vocabulary/695/index.html (+2ms) 
23:44:31   ├─ /vocabulary/696/index.html (+1ms) 
23:44:31   ├─ /vocabulary/697/index.html (+1ms) 
23:44:31   ├─ /vocabulary/698/index.html (+1ms) 
23:44:31   ├─ /vocabulary/699/index.html (+1ms) 
23:44:31   ├─ /vocabulary/700/index.html (+1ms) 
23:44:31   ├─ /vocabulary/701/index.html (+1ms) 
23:44:31   ├─ /vocabulary/702/index.html (+1ms) 
23:44:31   ├─ /vocabulary/703/index.html (+1ms) 
23:44:31   ├─ /vocabulary/704/index.html (+1ms) 
23:44:31   ├─ /vocabulary/705/index.html (+1ms) 
23:44:31   ├─ /vocabulary/706/index.html (+3ms) 
23:44:31   ├─ /vocabulary/707/index.html (+1ms) 
23:44:31   ├─ /vocabulary/708/index.html (+1ms) 
23:44:31   ├─ /vocabulary/709/index.html (+1ms) 
23:44:31   ├─ /vocabulary/710/index.html (+1ms) 
23:44:31   ├─ /vocabulary/711/index.html (+1ms) 
23:44:31   ├─ /vocabulary/712/index.html (+1ms) 
23:44:31   ├─ /vocabulary/713/index.html (+1ms) 
23:44:31   ├─ /vocabulary/714/index.html (+1ms) 
23:44:31   ├─ /vocabulary/715/index.html (+1ms) 
23:44:31   ├─ /vocabulary/716/index.html (+1ms) 
23:44:31   ├─ /vocabulary/717/index.html (+1ms) 
23:44:31   ├─ /vocabulary/718/index.html (+1ms) 
23:44:31   ├─ /vocabulary/719/index.html (+1ms) 
23:44:31   ├─ /vocabulary/720/index.html (+1ms) 
23:44:31   ├─ /vocabulary/721/index.html (+1ms) 
23:44:31   ├─ /vocabulary/722/index.html (+1ms) 
23:44:31   ├─ /vocabulary/723/index.html (+1ms) 
23:44:31   ├─ /vocabulary/724/index.html (+1ms) 
23:44:31   ├─ /vocabulary/725/index.html (+1ms) 
23:44:31   ├─ /vocabulary/726/index.html (+1ms) 
23:44:31   ├─ /vocabulary/727/index.html (+1ms) 
23:44:31   ├─ /vocabulary/728/index.html (+1ms) 
23:44:31   ├─ /vocabulary/729/index.html (+1ms) 
23:44:31   ├─ /vocabulary/730/index.html (+3ms) 
23:44:31   ├─ /vocabulary/731/index.html (+9ms) 
23:44:31   ├─ /vocabulary/732/index.html (+1ms) 
23:44:31   ├─ /vocabulary/733/index.html (+1ms) 
23:44:31   ├─ /vocabulary/734/index.html (+1ms) 
23:44:31   ├─ /vocabulary/735/index.html (+1ms) 
23:44:31   ├─ /vocabulary/736/index.html (+2ms) 
23:44:31   ├─ /vocabulary/737/index.html (+1ms) 
23:44:31   ├─ /vocabulary/738/index.html (+1ms) 
23:44:31   ├─ /vocabulary/739/index.html (+1ms) 
23:44:31   ├─ /vocabulary/740/index.html (+1ms) 
23:44:31   ├─ /vocabulary/741/index.html (+1ms) 
23:44:31   ├─ /vocabulary/742/index.html (+1ms) 
23:44:31   ├─ /vocabulary/743/index.html (+1ms) 
23:44:31   ├─ /vocabulary/744/index.html (+1ms) 
23:44:31   ├─ /vocabulary/745/index.html (+1ms) 
23:44:31   ├─ /vocabulary/746/index.html (+1ms) 
23:44:31   ├─ /vocabulary/747/index.html (+1ms) 
23:44:31   ├─ /vocabulary/748/index.html (+1ms) 
23:44:31   ├─ /vocabulary/749/index.html (+1ms) 
23:44:31   ├─ /vocabulary/750/index.html (+1ms) 
23:44:31   ├─ /vocabulary/751/index.html (+1ms) 
23:44:31   ├─ /vocabulary/752/index.html (+1ms) 
23:44:31   ├─ /vocabulary/753/index.html (+2ms) 
23:44:31   ├─ /vocabulary/754/index.html (+2ms) 
23:44:31   ├─ /vocabulary/755/index.html (+1ms) 
23:44:31   ├─ /vocabulary/756/index.html (+1ms) 
23:44:31   ├─ /vocabulary/757/index.html (+1ms) 
23:44:31   ├─ /vocabulary/758/index.html (+1ms) 
23:44:31   ├─ /vocabulary/759/index.html (+1ms) 
23:44:31   ├─ /vocabulary/760/index.html (+1ms) 
23:44:31   ├─ /vocabulary/761/index.html (+1ms) 
23:44:31   ├─ /vocabulary/762/index.html (+1ms) 
23:44:31   ├─ /vocabulary/763/index.html (+1ms) 
23:44:31   ├─ /vocabulary/764/index.html (+1ms) 
23:44:31   ├─ /vocabulary/765/index.html (+1ms) 
23:44:31   ├─ /vocabulary/766/index.html (+1ms) 
23:44:31   ├─ /vocabulary/767/index.html (+1ms) 
23:44:31   ├─ /vocabulary/768/index.html (+1ms) 
23:44:31   ├─ /vocabulary/769/index.html (+1ms) 
23:44:31   ├─ /vocabulary/770/index.html (+2ms) 
23:44:31   ├─ /vocabulary/771/index.html (+1ms) 
23:44:31   ├─ /vocabulary/772/index.html (+1ms) 
23:44:31   ├─ /vocabulary/773/index.html (+1ms) 
23:44:31   ├─ /vocabulary/774/index.html (+2ms) 
23:44:31   ├─ /vocabulary/775/index.html (+3ms) 
23:44:31   ├─ /vocabulary/776/index.html (+1ms) 
23:44:31   ├─ /vocabulary/777/index.html (+1ms) 
23:44:31   ├─ /vocabulary/778/index.html (+1ms) 
23:44:31   ├─ /vocabulary/779/index.html (+1ms) 
23:44:31   ├─ /vocabulary/780/index.html (+1ms) 
23:44:31   ├─ /vocabulary/781/index.html (+1ms) 
23:44:31   ├─ /vocabulary/782/index.html (+2ms) 
23:44:31   ├─ /vocabulary/783/index.html (+1ms) 
23:44:31   ├─ /vocabulary/784/index.html (+1ms) 
23:44:31   ├─ /vocabulary/785/index.html (+1ms) 
23:44:31   ├─ /vocabulary/786/index.html (+1ms) 
23:44:31   ├─ /vocabulary/787/index.html (+1ms) 
23:44:31   ├─ /vocabulary/788/index.html (+1ms) 
23:44:31   ├─ /vocabulary/789/index.html (+1ms) 
23:44:31   ├─ /vocabulary/790/index.html (+1ms) 
23:44:31   ├─ /vocabulary/791/index.html (+1ms) 
23:44:31   ├─ /vocabulary/792/index.html (+1ms) 
23:44:31   ├─ /vocabulary/793/index.html (+1ms) 
23:44:31   ├─ /vocabulary/794/index.html (+1ms) 
23:44:31   ├─ /vocabulary/795/index.html (+1ms) 
23:44:31   ├─ /vocabulary/796/index.html (+1ms) 
23:44:31   ├─ /vocabulary/797/index.html (+1ms) 
23:44:31   ├─ /vocabulary/798/index.html (+1ms) 
23:44:31   ├─ /vocabulary/799/index.html (+1ms) 
23:44:31   ├─ /vocabulary/800/index.html (+1ms) 
23:44:31   ├─ /vocabulary/801/index.html (+1ms) 
23:44:31   ├─ /vocabulary/802/index.html (+1ms) 
23:44:31   ├─ /vocabulary/803/index.html (+1ms) 
23:44:31   ├─ /vocabulary/804/index.html (+1ms) 
23:44:31   ├─ /vocabulary/805/index.html (+1ms) 
23:44:31   ├─ /vocabulary/806/index.html (+1ms) 
23:44:31   ├─ /vocabulary/807/index.html (+1ms) 
23:44:31   ├─ /vocabulary/808/index.html (+1ms) 
23:44:31   ├─ /vocabulary/809/index.html (+1ms) 
23:44:31   ├─ /vocabulary/810/index.html (+1ms) 
23:44:31   ├─ /vocabulary/811/index.html (+1ms) 
23:44:31   ├─ /vocabulary/812/index.html (+1ms) 
23:44:31   ├─ /vocabulary/813/index.html (+1ms) 
23:44:31   ├─ /vocabulary/814/index.html (+1ms) 
23:44:31   ├─ /vocabulary/815/index.html (+1ms) 
23:44:31   ├─ /vocabulary/816/index.html (+1ms) 
23:44:31   ├─ /vocabulary/817/index.html (+1ms) 
23:44:31   ├─ /vocabulary/818/index.html (+1ms) 
23:44:31   ├─ /vocabulary/819/index.html (+1ms) 
23:44:31   ├─ /vocabulary/820/index.html (+1ms) 
23:44:31   ├─ /vocabulary/821/index.html (+1ms) 
23:44:31   ├─ /vocabulary/822/index.html (+5ms) 
23:44:31   ├─ /vocabulary/823/index.html (+3ms) 
23:44:31   ├─ /vocabulary/824/index.html (+1ms) 
23:44:31   ├─ /vocabulary/825/index.html (+1ms) 
23:44:31   ├─ /vocabulary/826/index.html (+1ms) 
23:44:31   ├─ /vocabulary/827/index.html (+1ms) 
23:44:31   ├─ /vocabulary/828/index.html (+1ms) 
23:44:31   ├─ /vocabulary/829/index.html (+1ms) 
23:44:31   ├─ /vocabulary/830/index.html (+1ms) 
23:44:31   ├─ /vocabulary/831/index.html (+1ms) 
23:44:31   ├─ /vocabulary/832/index.html (+1ms) 
23:44:31   ├─ /vocabulary/833/index.html (+1ms) 
23:44:31   ├─ /vocabulary/834/index.html (+1ms) 
23:44:31   ├─ /vocabulary/835/index.html (+1ms) 
23:44:31   ├─ /vocabulary/836/index.html (+2ms) 
23:44:31   ├─ /vocabulary/837/index.html (+1ms) 
23:44:31   ├─ /vocabulary/838/index.html (+1ms) 
23:44:31   ├─ /vocabulary/839/index.html (+1ms) 
23:44:31   ├─ /vocabulary/840/index.html (+1ms) 
23:44:31   ├─ /vocabulary/841/index.html (+1ms) 
23:44:31   ├─ /vocabulary/842/index.html (+1ms) 
23:44:31   ├─ /vocabulary/843/index.html (+1ms) 
23:44:31   ├─ /vocabulary/844/index.html (+1ms) 
23:44:31   ├─ /vocabulary/845/index.html (+1ms) 
23:44:31   ├─ /vocabulary/846/index.html (+1ms) 
23:44:31   ├─ /vocabulary/847/index.html (+1ms) 
23:44:31   ├─ /vocabulary/848/index.html (+1ms) 
23:44:31   ├─ /vocabulary/849/index.html (+1ms) 
23:44:31   ├─ /vocabulary/850/index.html (+1ms) 
23:44:31   ├─ /vocabulary/851/index.html (+3ms) 
23:44:31   ├─ /vocabulary/852/index.html (+1ms) 
23:44:31   ├─ /vocabulary/853/index.html (+1ms) 
23:44:31   ├─ /vocabulary/854/index.html (+1ms) 
23:44:31   ├─ /vocabulary/855/index.html (+1ms) 
23:44:31   ├─ /vocabulary/856/index.html (+1ms) 
23:44:31   ├─ /vocabulary/857/index.html (+1ms) 
23:44:31   ├─ /vocabulary/858/index.html (+1ms) 
23:44:31   ├─ /vocabulary/859/index.html (+1ms) 
23:44:31   ├─ /vocabulary/860/index.html (+1ms) 
23:44:31   ├─ /vocabulary/861/index.html (+1ms) 
23:44:31   ├─ /vocabulary/862/index.html (+1ms) 
23:44:31   ├─ /vocabulary/863/index.html (+1ms) 
23:44:31   ├─ /vocabulary/864/index.html (+1ms) 
23:44:31   ├─ /vocabulary/865/index.html (+1ms) 
23:44:31   ├─ /vocabulary/866/index.html (+1ms) 
23:44:31   ├─ /vocabulary/867/index.html (+1ms) 
23:44:31   ├─ /vocabulary/868/index.html (+1ms) 
23:44:31   ├─ /vocabulary/869/index.html (+1ms) 
23:44:31   ├─ /vocabulary/870/index.html (+1ms) 
23:44:31   ├─ /vocabulary/871/index.html (+1ms) 
23:44:31   ├─ /vocabulary/872/index.html (+1ms) 
23:44:31   ├─ /vocabulary/873/index.html (+1ms) 
23:44:31   ├─ /vocabulary/874/index.html (+1ms) 
23:44:31   ├─ /vocabulary/875/index.html (+1ms) 
23:44:31   ├─ /vocabulary/876/index.html (+1ms) 
23:44:31   ├─ /vocabulary/877/index.html (+1ms) 
23:44:31   ├─ /vocabulary/878/index.html (+1ms) 
23:44:31   ├─ /vocabulary/879/index.html (+2ms) 
23:44:31   ├─ /vocabulary/880/index.html (+1ms) 
23:44:31   ├─ /vocabulary/881/index.html (+1ms) 
23:44:31   ├─ /vocabulary/882/index.html (+1ms) 
23:44:31   ├─ /vocabulary/883/index.html (+1ms) 
23:44:31   ├─ /vocabulary/884/index.html (+1ms) 
23:44:31   ├─ /vocabulary/885/index.html (+1ms) 
23:44:31   ├─ /vocabulary/886/index.html (+1ms) 
23:44:31   ├─ /vocabulary/887/index.html (+1ms) 
23:44:31   ├─ /vocabulary/888/index.html (+1ms) 
23:44:31   ├─ /vocabulary/889/index.html (+1ms) 
23:44:31   ├─ /vocabulary/890/index.html (+1ms) 
23:44:31   ├─ /vocabulary/891/index.html (+1ms) 
23:44:31   ├─ /vocabulary/892/index.html (+1ms) 
23:44:31   ├─ /vocabulary/893/index.html (+1ms) 
23:44:31   ├─ /vocabulary/894/index.html (+1ms) 
23:44:31   ├─ /vocabulary/895/index.html (+1ms) 
23:44:31   ├─ /vocabulary/896/index.html (+1ms) 
23:44:31   ├─ /vocabulary/897/index.html (+1ms) 
23:44:31   ├─ /vocabulary/898/index.html (+1ms) 
23:44:31   ├─ /vocabulary/899/index.html (+1ms) 
23:44:31   ├─ /vocabulary/900/index.html (+1ms) 
23:44:31   ├─ /vocabulary/901/index.html (+1ms) 
23:44:31   ├─ /vocabulary/902/index.html (+1ms) 
23:44:31   ├─ /vocabulary/903/index.html (+1ms) 
23:44:31   ├─ /vocabulary/904/index.html (+1ms) 
23:44:31   ├─ /vocabulary/905/index.html (+1ms) 
23:44:31   ├─ /vocabulary/906/index.html (+1ms) 
23:44:31   ├─ /vocabulary/907/index.html (+1ms) 
23:44:31   ├─ /vocabulary/908/index.html (+1ms) 
23:44:31   ├─ /vocabulary/909/index.html (+1ms) 
23:44:31   ├─ /vocabulary/910/index.html (+1ms) 
23:44:31   ├─ /vocabulary/911/index.html (+1ms) 
23:44:31   ├─ /vocabulary/912/index.html (+1ms) 
23:44:31   ├─ /vocabulary/913/index.html (+1ms) 
23:44:31   ├─ /vocabulary/914/index.html (+1ms) 
23:44:31   ├─ /vocabulary/915/index.html (+1ms) 
23:44:31   ├─ /vocabulary/916/index.html (+1ms) 
23:44:31   ├─ /vocabulary/917/index.html (+1ms) 
23:44:31   ├─ /vocabulary/918/index.html (+1ms) 
23:44:31   ├─ /vocabulary/919/index.html (+1ms) 
23:44:31   ├─ /vocabulary/920/index.html (+1ms) 
23:44:31   ├─ /vocabulary/921/index.html (+1ms) 
23:44:31   ├─ /vocabulary/922/index.html (+1ms) 
23:44:31   ├─ /vocabulary/923/index.html (+1ms) 
23:44:31   ├─ /vocabulary/924/index.html (+1ms) 
23:44:31   ├─ /vocabulary/925/index.html (+1ms) 
23:44:31   ├─ /vocabulary/926/index.html (+1ms) 
23:44:31   ├─ /vocabulary/927/index.html (+1ms) 
23:44:31   ├─ /vocabulary/928/index.html (+1ms) 
23:44:31   ├─ /vocabulary/929/index.html (+1ms) 
23:44:31   ├─ /vocabulary/930/index.html (+1ms) 
23:44:31   ├─ /vocabulary/931/index.html (+1ms) 
23:44:31   ├─ /vocabulary/932/index.html (+1ms) 
23:44:31   ├─ /vocabulary/933/index.html (+1ms) 
23:44:31   ├─ /vocabulary/934/index.html (+1ms) 
23:44:31   ├─ /vocabulary/935/index.html (+1ms) 
23:44:31   ├─ /vocabulary/936/index.html (+1ms) 
23:44:31   ├─ /vocabulary/937/index.html (+1ms) 
23:44:31   ├─ /vocabulary/938/index.html (+1ms) 
23:44:31   ├─ /vocabulary/939/index.html (+1ms) 
23:44:31   ├─ /vocabulary/940/index.html (+1ms) 
23:44:31   ├─ /vocabulary/941/index.html (+2ms) 
23:44:31   ├─ /vocabulary/942/index.html (+1ms) 
23:44:31   ├─ /vocabulary/943/index.html (+1ms) 
23:44:31   ├─ /vocabulary/944/index.html (+1ms) 
23:44:31   ├─ /vocabulary/945/index.html (+1ms) 
23:44:31   ├─ /vocabulary/946/index.html (+1ms) 
23:44:31   ├─ /vocabulary/947/index.html (+1ms) 
23:44:31   ├─ /vocabulary/948/index.html (+1ms) 
23:44:31   ├─ /vocabulary/949/index.html (+1ms) 
23:44:31   ├─ /vocabulary/950/index.html (+2ms) 
23:44:31   ├─ /vocabulary/951/index.html (+1ms) 
23:44:31   ├─ /vocabulary/952/index.html (+1ms) 
23:44:31   ├─ /vocabulary/953/index.html (+1ms) 
23:44:31   ├─ /vocabulary/954/index.html (+1ms) 
23:44:31   ├─ /vocabulary/955/index.html (+1ms) 
23:44:31   ├─ /vocabulary/956/index.html (+1ms) 
23:44:31   ├─ /vocabulary/957/index.html (+1ms) 
23:44:31   ├─ /vocabulary/958/index.html (+1ms) 
23:44:31   ├─ /vocabulary/959/index.html (+1ms) 
23:44:31   ├─ /vocabulary/960/index.html (+1ms) 
23:44:31   ├─ /vocabulary/961/index.html (+1ms) 
23:44:31   ├─ /vocabulary/962/index.html (+1ms) 
23:44:31   ├─ /vocabulary/963/index.html (+1ms) 
23:44:31   ├─ /vocabulary/964/index.html (+1ms) 
23:44:31   ├─ /vocabulary/965/index.html (+1ms) 
23:44:31   ├─ /vocabulary/966/index.html (+1ms) 
23:44:31   ├─ /vocabulary/967/index.html (+1ms) 
23:44:31   ├─ /vocabulary/968/index.html (+1ms) 
23:44:31   ├─ /vocabulary/969/index.html (+1ms) 
23:44:31   ├─ /vocabulary/970/index.html (+1ms) 
23:44:31   ├─ /vocabulary/971/index.html (+1ms) 
23:44:31   ├─ /vocabulary/972/index.html (+1ms) 
23:44:31   ├─ /vocabulary/973/index.html (+1ms) 
23:44:31   ├─ /vocabulary/974/index.html (+1ms) 
23:44:31   ├─ /vocabulary/975/index.html (+1ms) 
23:44:31   ├─ /vocabulary/976/index.html (+1ms) 
23:44:31   ├─ /vocabulary/977/index.html (+1ms) 
23:44:31   ├─ /vocabulary/978/index.html (+1ms) 
23:44:31   ├─ /vocabulary/979/index.html (+1ms) 
23:44:31   ├─ /vocabulary/980/index.html (+1ms) 
23:44:31   ├─ /vocabulary/981/index.html (+1ms) 
23:44:31   ├─ /vocabulary/982/index.html (+1ms) 
23:44:31   ├─ /vocabulary/983/index.html (+1ms) 
23:44:31   ├─ /vocabulary/984/index.html (+1ms) 
23:44:31   ├─ /vocabulary/985/index.html (+1ms) 
23:44:31   ├─ /vocabulary/986/index.html (+1ms) 
23:44:31   ├─ /vocabulary/987/index.html (+1ms) 
23:44:31   ├─ /vocabulary/988/index.html (+1ms) 
23:44:31   ├─ /vocabulary/989/index.html (+1ms) 
23:44:31   ├─ /vocabulary/990/index.html (+1ms) 
23:44:31   ├─ /vocabulary/991/index.html (+1ms) 
23:44:31   ├─ /vocabulary/992/index.html (+1ms) 
23:44:31   ├─ /vocabulary/993/index.html (+1ms) 
23:44:31   ├─ /vocabulary/994/index.html (+1ms) 
23:44:31   ├─ /vocabulary/995/index.html (+1ms) 
23:44:31   ├─ /vocabulary/996/index.html (+1ms) 
23:44:31   ├─ /vocabulary/997/index.html (+1ms) 
23:44:31   ├─ /vocabulary/998/index.html (+1ms) 
23:44:31   ├─ /vocabulary/999/index.html (+1ms) 
23:44:31   ├─ /vocabulary/1000/index.html (+1ms) 
23:44:31   ├─ /vocabulary/1001/index.html (+1ms) 
23:44:31   ├─ /vocabulary/1002/index.html (+3ms) 
23:44:31   ├─ /vocabulary/1003/index.html (+1ms) 
23:44:31   ├─ /vocabulary/1004/index.html (+1ms) 
23:44:31   ├─ /vocabulary/1005/index.html (+1ms) 
23:44:31   ├─ /vocabulary/1006/index.html (+1ms) 
23:44:31   ├─ /vocabulary/1007/index.html (+1ms) 
23:44:31   ├─ /vocabulary/1008/index.html (+1ms) 
23:44:31   ├─ /vocabulary/1009/index.html (+1ms) 
23:44:31   ├─ /vocabulary/1010/index.html (+1ms) 
23:44:31   ├─ /vocabulary/1011/index.html (+1ms) 
23:44:31   ├─ /vocabulary/1012/index.html (+1ms) 
23:44:31   ├─ /vocabulary/1013/index.html (+1ms) 
23:44:31   ├─ /vocabulary/1014/index.html (+1ms) 
23:44:31   ├─ /vocabulary/1015/index.html (+1ms) 
23:44:31   ├─ /vocabulary/1016/index.html (+1ms) 
23:44:31   ├─ /vocabulary/1017/index.html (+1ms) 
23:44:31   ├─ /vocabulary/1018/index.html (+1ms) 
23:44:31   ├─ /vocabulary/1019/index.html (+1ms) 
23:44:31   ├─ /vocabulary/1020/index.html (+1ms) 
23:44:31   ├─ /vocabulary/1021/index.html (+1ms) 
23:44:31   ├─ /vocabulary/1022/index.html (+1ms) 
23:44:31   ├─ /vocabulary/1023/index.html (+1ms) 
23:44:31   ├─ /vocabulary/1024/index.html (+1ms) 
23:44:31   ├─ /vocabulary/1025/index.html (+1ms) 
23:44:31   ├─ /vocabulary/1026/index.html (+1ms) 
23:44:31   ├─ /vocabulary/1027/index.html (+1ms) 
23:44:31   ├─ /vocabulary/1028/index.html (+4ms) 
23:44:31   ├─ /vocabulary/1029/index.html (+2ms) 
23:44:31   ├─ /vocabulary/1030/index.html (+1ms) 
23:44:31   ├─ /vocabulary/1031/index.html (+1ms) 
23:44:31   ├─ /vocabulary/1032/index.html (+1ms) 
23:44:31   ├─ /vocabulary/1033/index.html (+1ms) 
23:44:31   ├─ /vocabulary/1034/index.html (+1ms) 
23:44:31   ├─ /vocabulary/1035/index.html (+4ms) 
23:44:31   ├─ /vocabulary/1036/index.html (+1ms) 
23:44:31   ├─ /vocabulary/1037/index.html (+2ms) 
23:44:31   ├─ /vocabulary/1038/index.html (+3ms) 
23:44:31   ├─ /vocabulary/1039/index.html (+1ms) 
23:44:31   ├─ /vocabulary/1040/index.html (+2ms) 
23:44:31   ├─ /vocabulary/1041/index.html (+2ms) 
23:44:31   ├─ /vocabulary/1042/index.html (+1ms) 
23:44:31   ├─ /vocabulary/1043/index.html (+1ms) 
23:44:31   ├─ /vocabulary/1044/index.html (+1ms) 
23:44:31   ├─ /vocabulary/1045/index.html (+1ms) 
23:44:31   ├─ /vocabulary/1046/index.html (+1ms) 
23:44:31   ├─ /vocabulary/1047/index.html (+1ms) 
23:44:31   ├─ /vocabulary/1048/index.html (+1ms) 
23:44:31   ├─ /vocabulary/1049/index.html (+1ms) 
23:44:31   ├─ /vocabulary/1050/index.html (+1ms) 
23:44:31   ├─ /vocabulary/1051/index.html (+1ms) 
23:44:31   ├─ /vocabulary/1052/index.html (+1ms) 
23:44:31   ├─ /vocabulary/1053/index.html (+1ms) 
23:44:31   ├─ /vocabulary/1054/index.html (+1ms) 
23:44:31   ├─ /vocabulary/1055/index.html (+1ms) 
23:44:31   ├─ /vocabulary/1056/index.html (+1ms) 
23:44:31   ├─ /vocabulary/1057/index.html (+1ms) 
23:44:31   ├─ /vocabulary/1058/index.html (+1ms) 
23:44:31   ├─ /vocabulary/1059/index.html (+1ms) 
23:44:31   ├─ /vocabulary/1060/index.html (+1ms) 
23:44:31   ├─ /vocabulary/1061/index.html (+1ms) 
23:44:31   ├─ /vocabulary/1062/index.html (+1ms) 
23:44:31   ├─ /vocabulary/1063/index.html (+1ms) 
23:44:31   ├─ /vocabulary/1064/index.html (+1ms) 
23:44:31   ├─ /vocabulary/1065/index.html (+1ms) 
23:44:31   ├─ /vocabulary/1066/index.html (+1ms) 
23:44:31   ├─ /vocabulary/1067/index.html (+1ms) 
23:44:31   ├─ /vocabulary/1068/index.html (+1ms) 
23:44:31   ├─ /vocabulary/1069/index.html (+1ms) 
23:44:31   ├─ /vocabulary/1070/index.html (+1ms) 
23:44:31   ├─ /vocabulary/1071/index.html (+1ms) 
23:44:31   ├─ /vocabulary/1072/index.html (+1ms) 
23:44:31   ├─ /vocabulary/1073/index.html (+1ms) 
23:44:31   ├─ /vocabulary/1074/index.html (+1ms) 
23:44:31   ├─ /vocabulary/1075/index.html (+1ms) 
23:44:31   ├─ /vocabulary/1076/index.html (+1ms) 
23:44:31   ├─ /vocabulary/1077/index.html (+1ms) 
23:44:31   ├─ /vocabulary/1078/index.html (+2ms) 
23:44:31   ├─ /vocabulary/1079/index.html (+1ms) 
23:44:31   ├─ /vocabulary/1080/index.html (+1ms) 
23:44:31   ├─ /vocabulary/1081/index.html (+1ms) 
23:44:31   ├─ /vocabulary/1082/index.html (+1ms) 
23:44:31   ├─ /vocabulary/1083/index.html (+1ms) 
23:44:31   ├─ /vocabulary/1084/index.html (+1ms) 
23:44:31   ├─ /vocabulary/1085/index.html (+1ms) 
23:44:31   ├─ /vocabulary/1086/index.html (+1ms) 
23:44:31   ├─ /vocabulary/1087/index.html (+1ms) 
23:44:31   ├─ /vocabulary/1088/index.html (+1ms) 
23:44:31   ├─ /vocabulary/1089/index.html (+1ms) 
23:44:31   ├─ /vocabulary/1090/index.html (+1ms) 
23:44:31   ├─ /vocabulary/1091/index.html (+1ms) 
23:44:31   ├─ /vocabulary/1092/index.html (+1ms) 
23:44:31   ├─ /vocabulary/1093/index.html (+1ms) 
23:44:31   ├─ /vocabulary/1094/index.html (+1ms) 
23:44:31   ├─ /vocabulary/1095/index.html (+1ms) 
23:44:31   ├─ /vocabulary/1096/index.html (+1ms) 
23:44:31   ├─ /vocabulary/1097/index.html (+1ms) 
23:44:31   ├─ /vocabulary/1098/index.html (+1ms) 
23:44:31   ├─ /vocabulary/1099/index.html (+1ms) 
23:44:31   ├─ /vocabulary/1100/index.html (+1ms) 
23:44:31   ├─ /vocabulary/1101/index.html (+1ms) 
23:44:31   ├─ /vocabulary/1102/index.html (+1ms) 
23:44:31   ├─ /vocabulary/1103/index.html (+1ms) 
23:44:31   ├─ /vocabulary/1104/index.html (+1ms) 
23:44:32   ├─ /vocabulary/1105/index.html (+1ms) 
23:44:32   ├─ /vocabulary/1106/index.html (+1ms) 
23:44:32   ├─ /vocabulary/1107/index.html (+1ms) 
23:44:32   ├─ /vocabulary/1108/index.html (+2ms) 
23:44:32   ├─ /vocabulary/1109/index.html (+1ms) 
23:44:32   ├─ /vocabulary/1110/index.html (+1ms) 
23:44:32   ├─ /vocabulary/1111/index.html (+2ms) 
23:44:32   ├─ /vocabulary/1112/index.html (+1ms) 
23:44:32   ├─ /vocabulary/1113/index.html (+1ms) 
23:44:32   ├─ /vocabulary/1114/index.html (+1ms) 
23:44:32   ├─ /vocabulary/1115/index.html (+1ms) 
23:44:32   ├─ /vocabulary/1116/index.html (+1ms) 
23:44:32   ├─ /vocabulary/1117/index.html (+1ms) 
23:44:32   ├─ /vocabulary/1118/index.html (+1ms) 
23:44:32   ├─ /vocabulary/1119/index.html (+1ms) 
23:44:32   ├─ /vocabulary/1120/index.html (+1ms) 
23:44:32   ├─ /vocabulary/1121/index.html (+1ms) 
23:44:32   ├─ /vocabulary/1122/index.html (+1ms) 
23:44:32   ├─ /vocabulary/1123/index.html (+1ms) 
23:44:32   ├─ /vocabulary/1124/index.html (+1ms) 
23:44:32   ├─ /vocabulary/1125/index.html (+1ms) 
23:44:32   ├─ /vocabulary/1126/index.html (+1ms) 
23:44:32   ├─ /vocabulary/1127/index.html (+5ms) 
23:44:32   ├─ /vocabulary/1128/index.html (+2ms) 
23:44:32   ├─ /vocabulary/1129/index.html (+1ms) 
23:44:32   ├─ /vocabulary/1130/index.html (+1ms) 
23:44:32   ├─ /vocabulary/1131/index.html (+1ms) 
23:44:32   ├─ /vocabulary/1132/index.html (+1ms) 
23:44:32   ├─ /vocabulary/1133/index.html (+1ms) 
23:44:32   ├─ /vocabulary/1134/index.html (+1ms) 
23:44:32   ├─ /vocabulary/1135/index.html (+1ms) 
23:44:32   ├─ /vocabulary/1136/index.html (+1ms) 
23:44:32   ├─ /vocabulary/1137/index.html (+3ms) 
23:44:32   ├─ /vocabulary/1138/index.html (+1ms) 
23:44:32   ├─ /vocabulary/1139/index.html (+1ms) 
23:44:32   ├─ /vocabulary/1140/index.html (+1ms) 
23:44:32   ├─ /vocabulary/1141/index.html (+1ms) 
23:44:32   ├─ /vocabulary/1142/index.html (+2ms) 
23:44:32   ├─ /vocabulary/1143/index.html (+1ms) 
23:44:32   ├─ /vocabulary/1144/index.html (+1ms) 
23:44:32   ├─ /vocabulary/1145/index.html (+1ms) 
23:44:32   ├─ /vocabulary/1146/index.html (+1ms) 
23:44:32   ├─ /vocabulary/1147/index.html (+1ms) 
23:44:32   ├─ /vocabulary/1148/index.html (+1ms) 
23:44:32   ├─ /vocabulary/1149/index.html (+1ms) 
23:44:32   ├─ /vocabulary/1150/index.html (+1ms) 
23:44:32   ├─ /vocabulary/1151/index.html (+2ms) 
23:44:32   ├─ /vocabulary/1152/index.html (+1ms) 
23:44:32   ├─ /vocabulary/1153/index.html (+1ms) 
23:44:32   ├─ /vocabulary/1154/index.html (+1ms) 
23:44:32   ├─ /vocabulary/1155/index.html (+1ms) 
23:44:32   ├─ /vocabulary/1156/index.html (+1ms) 
23:44:32   ├─ /vocabulary/1157/index.html (+1ms) 
23:44:32   ├─ /vocabulary/1158/index.html (+1ms) 
23:44:32   ├─ /vocabulary/1159/index.html (+1ms) 
23:44:32   ├─ /vocabulary/1160/index.html (+1ms) 
23:44:32   ├─ /vocabulary/1161/index.html (+1ms) 
23:44:32   ├─ /vocabulary/1162/index.html (+1ms) 
23:44:32   ├─ /vocabulary/1163/index.html (+1ms) 
23:44:32   ├─ /vocabulary/1164/index.html (+1ms) 
23:44:32   ├─ /vocabulary/1165/index.html (+1ms) 
23:44:32   ├─ /vocabulary/1166/index.html (+1ms) 
23:44:32   ├─ /vocabulary/1167/index.html (+1ms) 
23:44:32   ├─ /vocabulary/1168/index.html (+1ms) 
23:44:32   ├─ /vocabulary/1169/index.html (+1ms) 
23:44:32   ├─ /vocabulary/1170/index.html (+1ms) 
23:44:32   ├─ /vocabulary/1171/index.html (+1ms) 
23:44:32   ├─ /vocabulary/1172/index.html (+1ms) 
23:44:32   ├─ /vocabulary/1173/index.html (+1ms) 
23:44:32   ├─ /vocabulary/1174/index.html (+1ms) 
23:44:32   ├─ /vocabulary/1175/index.html (+15ms) 
23:44:32   ├─ /vocabulary/1176/index.html (+1ms) 
23:44:32   ├─ /vocabulary/1177/index.html (+1ms) 
23:44:32   ├─ /vocabulary/1178/index.html (+1ms) 
23:44:32   ├─ /vocabulary/1179/index.html (+1ms) 
23:44:32   ├─ /vocabulary/1180/index.html (+1ms) 
23:44:32   ├─ /vocabulary/1181/index.html (+1ms) 
23:44:32   ├─ /vocabulary/1182/index.html (+1ms) 
23:44:32   ├─ /vocabulary/1183/index.html (+4ms) 
23:44:32   ├─ /vocabulary/1184/index.html (+1ms) 
23:44:32   ├─ /vocabulary/1185/index.html (+3ms) 
23:44:32   ├─ /vocabulary/1186/index.html (+1ms) 
23:44:32   ├─ /vocabulary/1187/index.html (+1ms) 
23:44:32   ├─ /vocabulary/1188/index.html (+1ms) 
23:44:32   ├─ /vocabulary/1189/index.html (+1ms) 
23:44:32   ├─ /vocabulary/1190/index.html (+1ms) 
23:44:32   ├─ /vocabulary/1191/index.html (+1ms) 
23:44:32   ├─ /vocabulary/1192/index.html (+1ms) 
23:44:32   ├─ /vocabulary/1193/index.html (+1ms) 
23:44:32   ├─ /vocabulary/1194/index.html (+1ms) 
23:44:32   ├─ /vocabulary/1195/index.html (+1ms) 
23:44:32   ├─ /vocabulary/1196/index.html (+1ms) 
23:44:32   ├─ /vocabulary/1197/index.html (+1ms) 
23:44:32   ├─ /vocabulary/1198/index.html (+1ms) 
23:44:32   ├─ /vocabulary/1199/index.html (+1ms) 
23:44:32   ├─ /vocabulary/1200/index.html (+1ms) 
23:44:32   ├─ /vocabulary/1201/index.html (+1ms) 
23:44:32   ├─ /vocabulary/1202/index.html (+1ms) 
23:44:32   ├─ /vocabulary/1203/index.html (+1ms) 
23:44:32   ├─ /vocabulary/1204/index.html (+1ms) 
23:44:32   ├─ /vocabulary/1205/index.html (+1ms) 
23:44:32   ├─ /vocabulary/1206/index.html (+1ms) 
23:44:32   ├─ /vocabulary/1207/index.html (+1ms) 
23:44:32   ├─ /vocabulary/1208/index.html (+1ms) 
23:44:32   ├─ /vocabulary/1209/index.html (+1ms) 
23:44:32   ├─ /vocabulary/1210/index.html (+1ms) 
23:44:32   ├─ /vocabulary/1211/index.html (+1ms) 
23:44:32   ├─ /vocabulary/1212/index.html (+1ms) 
23:44:32   ├─ /vocabulary/1213/index.html (+1ms) 
23:44:32   ├─ /vocabulary/1214/index.html (+1ms) 
23:44:32   ├─ /vocabulary/1215/index.html (+1ms) 
23:44:32   ├─ /vocabulary/1216/index.html (+1ms) 
23:44:32   ├─ /vocabulary/1217/index.html (+1ms) 
23:44:32   ├─ /vocabulary/1218/index.html (+1ms) 
23:44:32   ├─ /vocabulary/1219/index.html (+1ms) 
23:44:32   ├─ /vocabulary/1220/index.html (+1ms) 
23:44:32   ├─ /vocabulary/1221/index.html (+1ms) 
23:44:32   ├─ /vocabulary/1222/index.html (+1ms) 
23:44:32   ├─ /vocabulary/1223/index.html (+3ms) 
23:44:32   ├─ /vocabulary/1224/index.html (+1ms) 
23:44:32   ├─ /vocabulary/1225/index.html (+1ms) 
23:44:32   ├─ /vocabulary/1226/index.html (+1ms) 
23:44:32   ├─ /vocabulary/1227/index.html (+1ms) 
23:44:32   ├─ /vocabulary/1228/index.html (+1ms) 
23:44:32   ├─ /vocabulary/1229/index.html (+1ms) 
23:44:32   ├─ /vocabulary/1230/index.html (+1ms) 
23:44:32   ├─ /vocabulary/1231/index.html (+1ms) 
23:44:32   ├─ /vocabulary/1232/index.html (+1ms) 
23:44:32   ├─ /vocabulary/1233/index.html (+1ms) 
23:44:32   ├─ /vocabulary/1234/index.html (+1ms) 
23:44:32   ├─ /vocabulary/1235/index.html (+1ms) 
23:44:32   ├─ /vocabulary/1236/index.html (+1ms) 
23:44:32   ├─ /vocabulary/1237/index.html (+1ms) 
23:44:32   ├─ /vocabulary/1238/index.html (+1ms) 
23:44:32   ├─ /vocabulary/1239/index.html (+1ms) 
23:44:32   ├─ /vocabulary/1240/index.html (+1ms) 
23:44:32   ├─ /vocabulary/1241/index.html (+1ms) 
23:44:32   ├─ /vocabulary/1242/index.html (+1ms) 
23:44:32   ├─ /vocabulary/1243/index.html (+1ms) 
23:44:32   ├─ /vocabulary/1244/index.html (+1ms) 
23:44:32   ├─ /vocabulary/1245/index.html (+2ms) 
23:44:32   ├─ /vocabulary/1246/index.html (+2ms) 
23:44:32   ├─ /vocabulary/1247/index.html (+2ms) 
23:44:32   ├─ /vocabulary/1248/index.html (+5ms) 
23:44:32   ├─ /vocabulary/1249/index.html (+2ms) 
23:44:32   ├─ /vocabulary/1250/index.html (+1ms) 
23:44:32   ├─ /vocabulary/1251/index.html (+1ms) 
23:44:32   ├─ /vocabulary/1252/index.html (+2ms) 
23:44:32   ├─ /vocabulary/1253/index.html (+1ms) 
23:44:32   ├─ /vocabulary/1254/index.html (+1ms) 
23:44:32   ├─ /vocabulary/1255/index.html (+1ms) 
23:44:32   ├─ /vocabulary/1256/index.html (+1ms) 
23:44:32   ├─ /vocabulary/1257/index.html (+1ms) 
23:44:32   ├─ /vocabulary/1258/index.html (+1ms) 
23:44:32   ├─ /vocabulary/1259/index.html (+1ms) 
23:44:32   ├─ /vocabulary/1260/index.html (+1ms) 
23:44:32   ├─ /vocabulary/1261/index.html (+1ms) 
23:44:32   ├─ /vocabulary/1262/index.html (+1ms) 
23:44:32   ├─ /vocabulary/1263/index.html (+1ms) 
23:44:32   ├─ /vocabulary/1264/index.html (+1ms) 
23:44:32   ├─ /vocabulary/1265/index.html (+1ms) 
23:44:32   ├─ /vocabulary/1266/index.html (+1ms) 
23:44:32   ├─ /vocabulary/1267/index.html (+1ms) 
23:44:32   ├─ /vocabulary/1268/index.html (+1ms) 
23:44:32   ├─ /vocabulary/1269/index.html (+1ms) 
23:44:32   ├─ /vocabulary/1270/index.html (+1ms) 
23:44:32   ├─ /vocabulary/1271/index.html (+1ms) 
23:44:32   ├─ /vocabulary/1272/index.html (+1ms) 
23:44:32   ├─ /vocabulary/1273/index.html (+1ms) 
23:44:32   ├─ /vocabulary/1274/index.html (+1ms) 
23:44:32   ├─ /vocabulary/1275/index.html (+1ms) 
23:44:32   ├─ /vocabulary/1276/index.html (+1ms) 
23:44:32   ├─ /vocabulary/1277/index.html (+1ms) 
23:44:32   ├─ /vocabulary/1278/index.html (+1ms) 
23:44:32   ├─ /vocabulary/1279/index.html (+1ms) 
23:44:32   ├─ /vocabulary/1280/index.html (+1ms) 
23:44:32   ├─ /vocabulary/1281/index.html (+1ms) 
23:44:32   ├─ /vocabulary/1282/index.html (+1ms) 
23:44:32   ├─ /vocabulary/1283/index.html (+1ms) 
23:44:32   ├─ /vocabulary/1284/index.html (+1ms) 
23:44:32   ├─ /vocabulary/1285/index.html (+1ms) 
23:44:32   ├─ /vocabulary/1286/index.html (+1ms) 
23:44:32   ├─ /vocabulary/1287/index.html (+1ms) 
23:44:32   ├─ /vocabulary/1288/index.html (+1ms) 
23:44:32   ├─ /vocabulary/1289/index.html (+1ms) 
23:44:32   ├─ /vocabulary/1290/index.html (+1ms) 
23:44:32   ├─ /vocabulary/1291/index.html (+1ms) 
23:44:32   ├─ /vocabulary/1292/index.html (+1ms) 
23:44:32   ├─ /vocabulary/1293/index.html (+1ms) 
23:44:32   ├─ /vocabulary/1294/index.html (+1ms) 
23:44:32   ├─ /vocabulary/1295/index.html (+1ms) 
23:44:32   ├─ /vocabulary/1296/index.html (+1ms) 
23:44:32   ├─ /vocabulary/1297/index.html (+1ms) 
23:44:32   ├─ /vocabulary/1298/index.html (+1ms) 
23:44:32   ├─ /vocabulary/1299/index.html (+2ms) 
23:44:32   ├─ /vocabulary/1300/index.html (+1ms) 
23:44:32   ├─ /vocabulary/1301/index.html (+1ms) 
23:44:32   ├─ /vocabulary/1302/index.html (+1ms) 
23:44:32   ├─ /vocabulary/1303/index.html (+1ms) 
23:44:32   ├─ /vocabulary/1304/index.html (+1ms) 
23:44:32   ├─ /vocabulary/1305/index.html (+1ms) 
23:44:32   ├─ /vocabulary/1306/index.html (+1ms) 
23:44:32   ├─ /vocabulary/1307/index.html (+1ms) 
23:44:32   ├─ /vocabulary/1308/index.html (+1ms) 
23:44:32   ├─ /vocabulary/1309/index.html (+1ms) 
23:44:32   ├─ /vocabulary/1310/index.html (+1ms) 
23:44:32   ├─ /vocabulary/1311/index.html (+1ms) 
23:44:32   ├─ /vocabulary/1312/index.html (+1ms) 
23:44:32   ├─ /vocabulary/1313/index.html (+1ms) 
23:44:32   ├─ /vocabulary/1314/index.html (+1ms) 
23:44:32   ├─ /vocabulary/1315/index.html (+1ms) 
23:44:32   ├─ /vocabulary/1316/index.html (+1ms) 
23:44:32   ├─ /vocabulary/1317/index.html (+1ms) 
23:44:32   ├─ /vocabulary/1318/index.html (+1ms) 
23:44:32   ├─ /vocabulary/1319/index.html (+1ms) 
23:44:32   ├─ /vocabulary/1320/index.html (+2ms) 
23:44:32   ├─ /vocabulary/1321/index.html (+1ms) 
23:44:32   ├─ /vocabulary/1322/index.html (+1ms) 
23:44:32   ├─ /vocabulary/1323/index.html (+1ms) 
23:44:32   ├─ /vocabulary/1324/index.html (+3ms) 
23:44:32   ├─ /vocabulary/1325/index.html (+1ms) 
23:44:32   ├─ /vocabulary/1326/index.html (+1ms) 
23:44:32   ├─ /vocabulary/1327/index.html (+1ms) 
23:44:32   ├─ /vocabulary/1328/index.html (+1ms) 
23:44:32   ├─ /vocabulary/1329/index.html (+1ms) 
23:44:32   ├─ /vocabulary/1330/index.html (+1ms) 
23:44:32   ├─ /vocabulary/1331/index.html (+1ms) 
23:44:32   ├─ /vocabulary/1332/index.html (+1ms) 
23:44:32   ├─ /vocabulary/1333/index.html (+1ms) 
23:44:32   ├─ /vocabulary/1334/index.html (+1ms) 
23:44:32   ├─ /vocabulary/1335/index.html (+2ms) 
23:44:32   ├─ /vocabulary/1336/index.html (+1ms) 
23:44:32   ├─ /vocabulary/1337/index.html (+1ms) 
23:44:32   ├─ /vocabulary/1338/index.html (+1ms) 
23:44:32   ├─ /vocabulary/1339/index.html (+1ms) 
23:44:32   ├─ /vocabulary/1340/index.html (+1ms) 
23:44:32   ├─ /vocabulary/1341/index.html (+1ms) 
23:44:32   ├─ /vocabulary/1342/index.html (+1ms) 
23:44:32   ├─ /vocabulary/1343/index.html (+1ms) 
23:44:32   ├─ /vocabulary/1344/index.html (+1ms) 
23:44:32   ├─ /vocabulary/1345/index.html (+1ms) 
23:44:32   ├─ /vocabulary/1346/index.html (+1ms) 
23:44:32   ├─ /vocabulary/1347/index.html (+1ms) 
23:44:32   ├─ /vocabulary/1348/index.html (+1ms) 
23:44:32   ├─ /vocabulary/1349/index.html (+1ms) 
23:44:32   ├─ /vocabulary/1350/index.html (+1ms) 
23:44:32   ├─ /vocabulary/1351/index.html (+1ms) 
23:44:32   ├─ /vocabulary/1352/index.html (+1ms) 
23:44:32   ├─ /vocabulary/1353/index.html (+1ms) 
23:44:32   ├─ /vocabulary/1354/index.html (+1ms) 
23:44:32   ├─ /vocabulary/1355/index.html (+1ms) 
23:44:32   ├─ /vocabulary/1356/index.html (+1ms) 
23:44:32   ├─ /vocabulary/1357/index.html (+1ms) 
23:44:32   ├─ /vocabulary/1358/index.html (+1ms) 
23:44:32   ├─ /vocabulary/1359/index.html (+1ms) 
23:44:32   ├─ /vocabulary/1360/index.html (+1ms) 
23:44:32   ├─ /vocabulary/1361/index.html (+1ms) 
23:44:32   ├─ /vocabulary/1362/index.html (+1ms) 
23:44:32   ├─ /vocabulary/1363/index.html (+1ms) 
23:44:32   ├─ /vocabulary/1364/index.html (+1ms) 
23:44:32   ├─ /vocabulary/1365/index.html (+1ms) 
23:44:32   ├─ /vocabulary/1366/index.html (+1ms) 
23:44:32   ├─ /vocabulary/1367/index.html (+1ms) 
23:44:32   ├─ /vocabulary/1368/index.html (+1ms) 
23:44:32   ├─ /vocabulary/1369/index.html (+1ms) 
23:44:32   ├─ /vocabulary/1370/index.html (+1ms) 
23:44:32   ├─ /vocabulary/1371/index.html (+1ms) 
23:44:32   ├─ /vocabulary/1372/index.html (+1ms) 
23:44:32   ├─ /vocabulary/1373/index.html (+1ms) 
23:44:32   ├─ /vocabulary/1374/index.html (+1ms) 
23:44:32   ├─ /vocabulary/1375/index.html (+1ms) 
23:44:32   ├─ /vocabulary/1376/index.html (+1ms) 
23:44:32   ├─ /vocabulary/1377/index.html (+1ms) 
23:44:32   ├─ /vocabulary/1378/index.html (+1ms) 
23:44:32   ├─ /vocabulary/1379/index.html (+1ms) 
23:44:32   ├─ /vocabulary/1380/index.html (+1ms) 
23:44:32   ├─ /vocabulary/1381/index.html (+1ms) 
23:44:32   ├─ /vocabulary/1382/index.html (+1ms) 
23:44:32   ├─ /vocabulary/1383/index.html (+1ms) 
23:44:32   ├─ /vocabulary/1384/index.html (+1ms) 
23:44:32   ├─ /vocabulary/1385/index.html (+1ms) 
23:44:32   ├─ /vocabulary/1386/index.html (+1ms) 
23:44:32   ├─ /vocabulary/1387/index.html (+1ms) 
23:44:32   ├─ /vocabulary/1388/index.html (+1ms) 
23:44:32   ├─ /vocabulary/1389/index.html (+1ms) 
23:44:32   ├─ /vocabulary/1390/index.html (+1ms) 
23:44:32   ├─ /vocabulary/1391/index.html (+1ms) 
23:44:32   ├─ /vocabulary/1392/index.html (+1ms) 
23:44:32   ├─ /vocabulary/1393/index.html (+1ms) 
23:44:32   ├─ /vocabulary/1394/index.html (+1ms) 
23:44:32   ├─ /vocabulary/1395/index.html (+1ms) 
23:44:32   ├─ /vocabulary/1396/index.html (+1ms) 
23:44:32   ├─ /vocabulary/1397/index.html (+1ms) 
23:44:32   ├─ /vocabulary/1398/index.html (+1ms) 
23:44:32   ├─ /vocabulary/1399/index.html (+1ms) 
23:44:32   ├─ /vocabulary/1400/index.html (+1ms) 
23:44:32   ├─ /vocabulary/1401/index.html (+1ms) 
23:44:32   ├─ /vocabulary/1402/index.html (+1ms) 
23:44:32   ├─ /vocabulary/1403/index.html (+1ms) 
23:44:32   ├─ /vocabulary/1404/index.html (+1ms) 
23:44:32   ├─ /vocabulary/1405/index.html (+1ms) 
23:44:32   ├─ /vocabulary/1406/index.html (+1ms) 
23:44:32   ├─ /vocabulary/1407/index.html (+1ms) 
23:44:32   ├─ /vocabulary/1408/index.html (+1ms) 
23:44:32   ├─ /vocabulary/1409/index.html (+1ms) 
23:44:32   ├─ /vocabulary/1410/index.html (+1ms) 
23:44:32   ├─ /vocabulary/1411/index.html (+1ms) 
23:44:32   ├─ /vocabulary/1412/index.html (+1ms) 
23:44:32   ├─ /vocabulary/1413/index.html (+1ms) 
23:44:32   ├─ /vocabulary/1414/index.html (+1ms) 
23:44:32   ├─ /vocabulary/1415/index.html (+1ms) 
23:44:32   ├─ /vocabulary/1416/index.html (+1ms) 
23:44:32   ├─ /vocabulary/1417/index.html (+1ms) 
23:44:32   ├─ /vocabulary/1418/index.html (+1ms) 
23:44:32   ├─ /vocabulary/1419/index.html (+1ms) 
23:44:32   ├─ /vocabulary/1420/index.html (+1ms) 
23:44:32   ├─ /vocabulary/1421/index.html (+1ms) 
23:44:32   ├─ /vocabulary/1422/index.html (+1ms) 
23:44:32   ├─ /vocabulary/1423/index.html (+1ms) 
23:44:32   ├─ /vocabulary/1424/index.html (+1ms) 
23:44:32   ├─ /vocabulary/1425/index.html (+1ms) 
23:44:32   ├─ /vocabulary/1426/index.html (+1ms) 
23:44:32   ├─ /vocabulary/1427/index.html (+1ms) 
23:44:32   ├─ /vocabulary/1428/index.html (+1ms) 
23:44:32   ├─ /vocabulary/1429/index.html (+1ms) 
23:44:32   ├─ /vocabulary/1430/index.html (+1ms) 
23:44:32   ├─ /vocabulary/1431/index.html (+1ms) 
23:44:32   ├─ /vocabulary/1432/index.html (+1ms) 
23:44:32   ├─ /vocabulary/1433/index.html (+1ms) 
23:44:32   ├─ /vocabulary/1434/index.html (+1ms) 
23:44:32   ├─ /vocabulary/1435/index.html (+2ms) 
23:44:32   ├─ /vocabulary/1436/index.html (+1ms) 
23:44:32   ├─ /vocabulary/1437/index.html (+1ms) 
23:44:32   ├─ /vocabulary/1438/index.html (+1ms) 
23:44:32   ├─ /vocabulary/1439/index.html (+1ms) 
23:44:32   ├─ /vocabulary/1440/index.html (+1ms) 
23:44:32   ├─ /vocabulary/1441/index.html (+1ms) 
23:44:32   ├─ /vocabulary/1442/index.html (+2ms) 
23:44:32   ├─ /vocabulary/1443/index.html (+1ms) 
23:44:32   ├─ /vocabulary/1444/index.html (+1ms) 
23:44:32   ├─ /vocabulary/1445/index.html (+1ms) 
23:44:32   ├─ /vocabulary/1446/index.html (+1ms) 
23:44:32   ├─ /vocabulary/1447/index.html (+1ms) 
23:44:32   ├─ /vocabulary/1448/index.html (+1ms) 
23:44:32   ├─ /vocabulary/1449/index.html (+1ms) 
23:44:32   ├─ /vocabulary/1450/index.html (+1ms) 
23:44:32   ├─ /vocabulary/1451/index.html (+1ms) 
23:44:32   ├─ /vocabulary/1452/index.html (+1ms) 
23:44:32   ├─ /vocabulary/1453/index.html (+2ms) 
23:44:32   ├─ /vocabulary/1454/index.html (+2ms) 
23:44:32   ├─ /vocabulary/1455/index.html (+2ms) 
23:44:32   ├─ /vocabulary/1456/index.html (+1ms) 
23:44:32   ├─ /vocabulary/1457/index.html (+1ms) 
23:44:32   ├─ /vocabulary/1458/index.html (+1ms) 
23:44:32   ├─ /vocabulary/1459/index.html (+1ms) 
23:44:32   ├─ /vocabulary/1460/index.html (+1ms) 
23:44:32   ├─ /vocabulary/1461/index.html (+1ms) 
23:44:32   ├─ /vocabulary/1462/index.html (+1ms) 
23:44:32   ├─ /vocabulary/1463/index.html (+1ms) 
23:44:32   ├─ /vocabulary/1464/index.html (+1ms) 
23:44:32   ├─ /vocabulary/1465/index.html (+1ms) 
23:44:32   ├─ /vocabulary/1466/index.html (+1ms) 
23:44:32   ├─ /vocabulary/1467/index.html (+1ms) 
23:44:32   ├─ /vocabulary/1468/index.html (+1ms) 
23:44:32   ├─ /vocabulary/1469/index.html (+1ms) 
23:44:32   ├─ /vocabulary/1470/index.html (+1ms) 
23:44:32   ├─ /vocabulary/1471/index.html (+1ms) 
23:44:32   ├─ /vocabulary/1472/index.html (+1ms) 
23:44:32   ├─ /vocabulary/1473/index.html (+1ms) 
23:44:32   ├─ /vocabulary/1474/index.html (+1ms) 
23:44:32   ├─ /vocabulary/1475/index.html (+1ms) 
23:44:32   ├─ /vocabulary/1476/index.html (+1ms) 
23:44:32   ├─ /vocabulary/1477/index.html (+3ms) 
23:44:32   ├─ /vocabulary/1478/index.html (+1ms) 
23:44:32   ├─ /vocabulary/1479/index.html (+1ms) 
23:44:32   ├─ /vocabulary/1480/index.html (+1ms) 
23:44:32   ├─ /vocabulary/1481/index.html (+1ms) 
23:44:32   ├─ /vocabulary/1482/index.html (+1ms) 
23:44:32   ├─ /vocabulary/1483/index.html (+1ms) 
23:44:32   ├─ /vocabulary/1484/index.html (+1ms) 
23:44:32   ├─ /vocabulary/1485/index.html (+1ms) 
23:44:32   ├─ /vocabulary/1486/index.html (+1ms) 
23:44:32   ├─ /vocabulary/1487/index.html (+1ms) 
23:44:32   ├─ /vocabulary/1488/index.html (+1ms) 
23:44:32   ├─ /vocabulary/1489/index.html (+1ms) 
23:44:32   ├─ /vocabulary/1490/index.html (+1ms) 
23:44:32   ├─ /vocabulary/1491/index.html (+1ms) 
23:44:32   ├─ /vocabulary/1492/index.html (+1ms) 
23:44:32   ├─ /vocabulary/1493/index.html (+1ms) 
23:44:32   ├─ /vocabulary/1494/index.html (+1ms) 
23:44:32   ├─ /vocabulary/1495/index.html (+1ms) 
23:44:32   ├─ /vocabulary/1496/index.html (+1ms) 
23:44:32   ├─ /vocabulary/1497/index.html (+1ms) 
23:44:32   ├─ /vocabulary/1498/index.html (+1ms) 
23:44:32   ├─ /vocabulary/1499/index.html (+1ms) 
23:44:32   ├─ /vocabulary/1500/index.html (+1ms) 
23:44:32   ├─ /vocabulary/1501/index.html (+1ms) 
23:44:32   ├─ /vocabulary/1502/index.html (+1ms) 
23:44:32   ├─ /vocabulary/1503/index.html (+1ms) 
23:44:32   ├─ /vocabulary/1504/index.html (+1ms) 
23:44:32   ├─ /vocabulary/1505/index.html (+1ms) 
23:44:32   ├─ /vocabulary/1506/index.html (+1ms) 
23:44:32   ├─ /vocabulary/1507/index.html (+1ms) 
23:44:32   ├─ /vocabulary/1508/index.html (+1ms) 
23:44:32   ├─ /vocabulary/1509/index.html (+1ms) 
23:44:32   ├─ /vocabulary/1510/index.html (+1ms) 
23:44:32   ├─ /vocabulary/1511/index.html (+1ms) 
23:44:32   ├─ /vocabulary/1512/index.html (+1ms) 
23:44:32   ├─ /vocabulary/1513/index.html (+2ms) 
23:44:32   ├─ /vocabulary/1514/index.html (+1ms) 
23:44:32   ├─ /vocabulary/1515/index.html (+1ms) 
23:44:32   ├─ /vocabulary/1516/index.html (+1ms) 
23:44:32   ├─ /vocabulary/1517/index.html (+1ms) 
23:44:32   ├─ /vocabulary/1518/index.html (+1ms) 
23:44:32   ├─ /vocabulary/1519/index.html (+1ms) 
23:44:32   ├─ /vocabulary/1520/index.html (+1ms) 
23:44:32   ├─ /vocabulary/1521/index.html (+1ms) 
23:44:32   ├─ /vocabulary/1522/index.html (+1ms) 
23:44:32   ├─ /vocabulary/1523/index.html (+1ms) 
23:44:32   ├─ /vocabulary/1524/index.html (+1ms) 
23:44:32   ├─ /vocabulary/1525/index.html (+1ms) 
23:44:32   ├─ /vocabulary/1526/index.html (+1ms) 
23:44:32   ├─ /vocabulary/1527/index.html (+1ms) 
23:44:32   ├─ /vocabulary/1528/index.html (+1ms) 
23:44:32   ├─ /vocabulary/1529/index.html (+1ms) 
23:44:32   ├─ /vocabulary/1530/index.html (+1ms) 
23:44:32   ├─ /vocabulary/1531/index.html (+1ms) 
23:44:32   ├─ /vocabulary/1532/index.html (+1ms) 
23:44:32   ├─ /vocabulary/1533/index.html (+1ms) 
23:44:32   ├─ /vocabulary/1534/index.html (+1ms) 
23:44:32   ├─ /vocabulary/1535/index.html (+1ms) 
23:44:32   ├─ /vocabulary/1536/index.html (+1ms) 
23:44:32   ├─ /vocabulary/1537/index.html (+1ms) 
23:44:32   ├─ /vocabulary/1538/index.html (+1ms) 
23:44:32   ├─ /vocabulary/1539/index.html (+1ms) 
23:44:32   ├─ /vocabulary/1540/index.html (+1ms) 
23:44:32   ├─ /vocabulary/1541/index.html (+1ms) 
23:44:32   ├─ /vocabulary/1542/index.html (+1ms) 
23:44:32   ├─ /vocabulary/1543/index.html (+2ms) 
23:44:32   ├─ /vocabulary/1544/index.html (+1ms) 
23:44:32   ├─ /vocabulary/1545/index.html (+1ms) 
23:44:32   ├─ /vocabulary/1546/index.html (+1ms) 
23:44:32   ├─ /vocabulary/1547/index.html (+1ms) 
23:44:32   ├─ /vocabulary/1548/index.html (+1ms) 
23:44:32   ├─ /vocabulary/1549/index.html (+1ms) 
23:44:32   ├─ /vocabulary/1550/index.html (+1ms) 
23:44:32   ├─ /vocabulary/1551/index.html (+1ms) 
23:44:32   ├─ /vocabulary/1552/index.html (+1ms) 
23:44:32   ├─ /vocabulary/1553/index.html (+1ms) 
23:44:32   ├─ /vocabulary/1554/index.html (+1ms) 
23:44:32   ├─ /vocabulary/1555/index.html (+1ms) 
23:44:32   ├─ /vocabulary/1556/index.html (+1ms) 
23:44:32   ├─ /vocabulary/1557/index.html (+1ms) 
23:44:32   ├─ /vocabulary/1558/index.html (+1ms) 
23:44:32   ├─ /vocabulary/1559/index.html (+1ms) 
23:44:32   ├─ /vocabulary/1560/index.html (+1ms) 
23:44:32   ├─ /vocabulary/1561/index.html (+1ms) 
23:44:32   ├─ /vocabulary/1562/index.html (+2ms) 
23:44:32   ├─ /vocabulary/1563/index.html (+2ms) 
23:44:32   ├─ /vocabulary/1564/index.html (+1ms) 
23:44:32   ├─ /vocabulary/1565/index.html (+1ms) 
23:44:32   ├─ /vocabulary/1566/index.html (+1ms) 
23:44:32   ├─ /vocabulary/1567/index.html (+1ms) 
23:44:32   ├─ /vocabulary/1568/index.html (+1ms) 
23:44:32   ├─ /vocabulary/1569/index.html (+1ms) 
23:44:32   ├─ /vocabulary/1570/index.html (+1ms) 
23:44:32   ├─ /vocabulary/1571/index.html (+1ms) 
23:44:32   ├─ /vocabulary/1572/index.html (+1ms) 
23:44:32   ├─ /vocabulary/1573/index.html (+1ms) 
23:44:32   ├─ /vocabulary/1574/index.html (+1ms) 
23:44:32   ├─ /vocabulary/1575/index.html (+1ms) 
23:44:32   ├─ /vocabulary/1576/index.html (+1ms) 
23:44:32   ├─ /vocabulary/1577/index.html (+1ms) 
23:44:32   ├─ /vocabulary/1578/index.html (+1ms) 
23:44:32   ├─ /vocabulary/1579/index.html (+1ms) 
23:44:32   ├─ /vocabulary/1580/index.html (+1ms) 
23:44:32   ├─ /vocabulary/1581/index.html (+1ms) 
23:44:32   ├─ /vocabulary/1582/index.html (+1ms) 
23:44:32   ├─ /vocabulary/1583/index.html (+1ms) 
23:44:32   ├─ /vocabulary/1584/index.html (+1ms) 
23:44:32   ├─ /vocabulary/1585/index.html (+1ms) 
23:44:32   ├─ /vocabulary/1586/index.html (+1ms) 
23:44:32   ├─ /vocabulary/1587/index.html (+1ms) 
23:44:32   ├─ /vocabulary/1588/index.html (+1ms) 
23:44:32   ├─ /vocabulary/1589/index.html (+1ms) 
23:44:32   ├─ /vocabulary/1590/index.html (+1ms) 
23:44:32   ├─ /vocabulary/1591/index.html (+1ms) 
23:44:32   ├─ /vocabulary/1592/index.html (+1ms) 
23:44:32   ├─ /vocabulary/1593/index.html (+1ms) 
23:44:32   ├─ /vocabulary/1594/index.html (+1ms) 
23:44:32   ├─ /vocabulary/1595/index.html (+1ms) 
23:44:32   ├─ /vocabulary/1596/index.html (+1ms) 
23:44:32   ├─ /vocabulary/1597/index.html (+1ms) 
23:44:32   ├─ /vocabulary/1598/index.html (+1ms) 
23:44:32   ├─ /vocabulary/1599/index.html (+1ms) 
23:44:32   ├─ /vocabulary/1600/index.html (+1ms) 
23:44:32   ├─ /vocabulary/1601/index.html (+1ms) 
23:44:32   ├─ /vocabulary/1602/index.html (+1ms) 
23:44:32   ├─ /vocabulary/1603/index.html (+1ms) 
23:44:32   ├─ /vocabulary/1604/index.html (+1ms) 
23:44:32   ├─ /vocabulary/1605/index.html (+1ms) 
23:44:32   ├─ /vocabulary/1606/index.html (+1ms) 
23:44:32   ├─ /vocabulary/1607/index.html (+1ms) 
23:44:32   ├─ /vocabulary/1608/index.html (+1ms) 
23:44:32   ├─ /vocabulary/1609/index.html (+1ms) 
23:44:32   ├─ /vocabulary/1610/index.html (+1ms) 
23:44:32   ├─ /vocabulary/1611/index.html (+1ms) 
23:44:32   ├─ /vocabulary/1612/index.html (+1ms) 
23:44:32   ├─ /vocabulary/1613/index.html (+1ms) 
23:44:32   ├─ /vocabulary/1614/index.html (+1ms) 
23:44:32   ├─ /vocabulary/1615/index.html (+1ms) 
23:44:32   ├─ /vocabulary/1616/index.html (+1ms) 
23:44:32   ├─ /vocabulary/1617/index.html (+1ms) 
23:44:32   ├─ /vocabulary/1618/index.html (+1ms) 
23:44:32   ├─ /vocabulary/1619/index.html (+1ms) 
23:44:32   ├─ /vocabulary/1620/index.html (+1ms) 
23:44:32   ├─ /vocabulary/1621/index.html (+1ms) 
23:44:32   ├─ /vocabulary/1622/index.html (+1ms) 
23:44:32   ├─ /vocabulary/1623/index.html (+1ms) 
23:44:32   ├─ /vocabulary/1624/index.html (+1ms) 
23:44:32   ├─ /vocabulary/1625/index.html (+1ms) 
23:44:32   ├─ /vocabulary/1626/index.html (+1ms) 
23:44:32   ├─ /vocabulary/1627/index.html (+1ms) 
23:44:32   ├─ /vocabulary/1628/index.html (+3ms) 
23:44:32   ├─ /vocabulary/1629/index.html (+2ms) 
23:44:32   ├─ /vocabulary/1630/index.html (+1ms) 
23:44:32   ├─ /vocabulary/1631/index.html (+1ms) 
23:44:32   ├─ /vocabulary/1632/index.html (+1ms) 
23:44:32   ├─ /vocabulary/1633/index.html (+1ms) 
23:44:32   ├─ /vocabulary/1634/index.html (+1ms) 
23:44:32   ├─ /vocabulary/1635/index.html (+1ms) 
23:44:32   ├─ /vocabulary/1636/index.html (+1ms) 
23:44:32   ├─ /vocabulary/1637/index.html (+1ms) 
23:44:32   ├─ /vocabulary/1638/index.html (+2ms) 
23:44:32   ├─ /vocabulary/1639/index.html (+1ms) 
23:44:32   ├─ /vocabulary/1640/index.html (+1ms) 
23:44:32   ├─ /vocabulary/1641/index.html (+1ms) 
23:44:32   ├─ /vocabulary/1642/index.html (+1ms) 
23:44:32   ├─ /vocabulary/1643/index.html (+1ms) 
23:44:32   ├─ /vocabulary/1644/index.html (+1ms) 
23:44:32   ├─ /vocabulary/1645/index.html (+1ms) 
23:44:32   ├─ /vocabulary/1646/index.html (+1ms) 
23:44:32   ├─ /vocabulary/1647/index.html (+1ms) 
23:44:32   ├─ /vocabulary/1648/index.html (+1ms) 
23:44:32   ├─ /vocabulary/1649/index.html (+1ms) 
23:44:32   ├─ /vocabulary/1650/index.html (+1ms) 
23:44:32   ├─ /vocabulary/1651/index.html (+1ms) 
23:44:32   ├─ /vocabulary/1652/index.html (+1ms) 
23:44:32   ├─ /vocabulary/1653/index.html (+1ms) 
23:44:32   ├─ /vocabulary/1654/index.html (+1ms) 
23:44:32   ├─ /vocabulary/1655/index.html (+1ms) 
23:44:32   ├─ /vocabulary/1656/index.html (+1ms) 
23:44:32   ├─ /vocabulary/1657/index.html (+1ms) 
23:44:32   ├─ /vocabulary/1658/index.html (+1ms) 
23:44:32   ├─ /vocabulary/1659/index.html (+1ms) 
23:44:32   ├─ /vocabulary/1660/index.html (+1ms) 
23:44:32   ├─ /vocabulary/1661/index.html (+1ms) 
23:44:32   ├─ /vocabulary/1662/index.html (+1ms) 
23:44:32   ├─ /vocabulary/1663/index.html (+1ms) 
23:44:32   ├─ /vocabulary/1664/index.html (+1ms) 
23:44:32   ├─ /vocabulary/1665/index.html (+1ms) 
23:44:32   ├─ /vocabulary/1666/index.html (+1ms) 
23:44:32   ├─ /vocabulary/1667/index.html (+1ms) 
23:44:32   ├─ /vocabulary/1668/index.html (+1ms) 
23:44:32   ├─ /vocabulary/1669/index.html (+1ms) 
23:44:32   ├─ /vocabulary/1670/index.html (+1ms) 
23:44:32   ├─ /vocabulary/1671/index.html (+1ms) 
23:44:32   ├─ /vocabulary/1672/index.html (+1ms) 
23:44:32   ├─ /vocabulary/1673/index.html (+1ms) 
23:44:32   ├─ /vocabulary/1674/index.html (+1ms) 
23:44:32   ├─ /vocabulary/1675/index.html (+1ms) 
23:44:32   ├─ /vocabulary/1676/index.html (+1ms) 
23:44:32   ├─ /vocabulary/1677/index.html (+1ms) 
23:44:32   ├─ /vocabulary/1678/index.html (+1ms) 
23:44:32   ├─ /vocabulary/1679/index.html (+1ms) 
23:44:32   ├─ /vocabulary/1680/index.html (+1ms) 
23:44:32   ├─ /vocabulary/1681/index.html (+1ms) 
23:44:32   ├─ /vocabulary/1682/index.html (+1ms) 
23:44:32   ├─ /vocabulary/1683/index.html (+1ms) 
23:44:32   ├─ /vocabulary/1684/index.html (+1ms) 
23:44:32   ├─ /vocabulary/1685/index.html (+1ms) 
23:44:32   ├─ /vocabulary/1686/index.html (+1ms) 
23:44:32   ├─ /vocabulary/1687/index.html (+1ms) 
23:44:32   ├─ /vocabulary/1688/index.html (+1ms) 
23:44:32   ├─ /vocabulary/1689/index.html (+1ms) 
23:44:32   ├─ /vocabulary/1690/index.html (+1ms) 
23:44:32   ├─ /vocabulary/1691/index.html (+1ms) 
23:44:32   ├─ /vocabulary/1692/index.html (+1ms) 
23:44:32   ├─ /vocabulary/1693/index.html (+1ms) 
23:44:32   ├─ /vocabulary/1694/index.html (+1ms) 
23:44:32   ├─ /vocabulary/1695/index.html (+1ms) 
23:44:32   ├─ /vocabulary/1696/index.html (+1ms) 
23:44:32   ├─ /vocabulary/1697/index.html (+1ms) 
23:44:32   ├─ /vocabulary/1698/index.html (+1ms) 
23:44:32   ├─ /vocabulary/1699/index.html (+1ms) 
23:44:32   ├─ /vocabulary/1700/index.html (+1ms) 
23:44:32   ├─ /vocabulary/1701/index.html (+1ms) 
23:44:32   ├─ /vocabulary/1702/index.html (+1ms) 
23:44:32   ├─ /vocabulary/1703/index.html (+1ms) 
23:44:32   ├─ /vocabulary/1704/index.html (+1ms) 
23:44:32   ├─ /vocabulary/1705/index.html (+1ms) 
23:44:32   ├─ /vocabulary/1706/index.html (+1ms) 
23:44:32   ├─ /vocabulary/1707/index.html (+1ms) 
23:44:32   ├─ /vocabulary/1708/index.html (+1ms) 
23:44:32   ├─ /vocabulary/1709/index.html (+3ms) 
23:44:32   ├─ /vocabulary/1710/index.html (+1ms) 
23:44:32   ├─ /vocabulary/1711/index.html (+1ms) 
23:44:32   ├─ /vocabulary/1712/index.html (+2ms) 
23:44:32   ├─ /vocabulary/1713/index.html (+2ms) 
23:44:32   ├─ /vocabulary/1714/index.html (+1ms) 
23:44:32   ├─ /vocabulary/1715/index.html (+1ms) 
23:44:32   ├─ /vocabulary/1716/index.html (+1ms) 
23:44:32   ├─ /vocabulary/1717/index.html (+1ms) 
23:44:32   ├─ /vocabulary/1718/index.html (+1ms) 
23:44:32   ├─ /vocabulary/1719/index.html (+1ms) 
23:44:32   ├─ /vocabulary/1720/index.html (+1ms) 
23:44:32   ├─ /vocabulary/1721/index.html (+1ms) 
23:44:32   ├─ /vocabulary/1722/index.html (+1ms) 
23:44:32   ├─ /vocabulary/1723/index.html (+1ms) 
23:44:32   ├─ /vocabulary/1724/index.html (+1ms) 
23:44:32   ├─ /vocabulary/1725/index.html (+1ms) 
23:44:32   ├─ /vocabulary/1726/index.html (+1ms) 
23:44:32   ├─ /vocabulary/1727/index.html (+1ms) 
23:44:32   ├─ /vocabulary/1728/index.html (+1ms) 
23:44:32   ├─ /vocabulary/1729/index.html (+2ms) 
23:44:32   ├─ /vocabulary/1730/index.html (+1ms) 
23:44:32   ├─ /vocabulary/1731/index.html (+1ms) 
23:44:32   ├─ /vocabulary/1732/index.html (+1ms) 
23:44:32   ├─ /vocabulary/1733/index.html (+1ms) 
23:44:32   ├─ /vocabulary/1734/index.html (+1ms) 
23:44:32   ├─ /vocabulary/1735/index.html (+1ms) 
23:44:32   ├─ /vocabulary/1736/index.html (+1ms) 
23:44:32   ├─ /vocabulary/1737/index.html (+1ms) 
23:44:32   ├─ /vocabulary/1738/index.html (+1ms) 
23:44:32   ├─ /vocabulary/1739/index.html (+1ms) 
23:44:32   ├─ /vocabulary/1740/index.html (+1ms) 
23:44:32   ├─ /vocabulary/1741/index.html (+1ms) 
23:44:32   ├─ /vocabulary/1742/index.html (+1ms) 
23:44:32   ├─ /vocabulary/1743/index.html (+1ms) 
23:44:32   ├─ /vocabulary/1744/index.html (+1ms) 
23:44:32   ├─ /vocabulary/1745/index.html (+1ms) 
23:44:32   ├─ /vocabulary/1746/index.html (+1ms) 
23:44:32   ├─ /vocabulary/1747/index.html (+2ms) 
23:44:32   ├─ /vocabulary/1748/index.html (+1ms) 
23:44:32   ├─ /vocabulary/1749/index.html (+1ms) 
23:44:32   ├─ /vocabulary/1750/index.html (+1ms) 
23:44:32   ├─ /vocabulary/1751/index.html (+1ms) 
23:44:32   ├─ /vocabulary/1752/index.html (+1ms) 
23:44:32   ├─ /vocabulary/1753/index.html (+1ms) 
23:44:32   ├─ /vocabulary/1754/index.html (+1ms) 
23:44:32   ├─ /vocabulary/1755/index.html (+1ms) 
23:44:32   ├─ /vocabulary/1756/index.html (+1ms) 
23:44:32   ├─ /vocabulary/1757/index.html (+1ms) 
23:44:32   ├─ /vocabulary/1758/index.html (+1ms) 
23:44:32   ├─ /vocabulary/1759/index.html (+1ms) 
23:44:32   ├─ /vocabulary/1760/index.html (+1ms) 
23:44:32   ├─ /vocabulary/1761/index.html (+1ms) 
23:44:32   ├─ /vocabulary/1762/index.html (+1ms) 
23:44:32   ├─ /vocabulary/1763/index.html (+1ms) 
23:44:32   ├─ /vocabulary/1764/index.html (+1ms) 
23:44:32   ├─ /vocabulary/1765/index.html (+1ms) 
23:44:32   ├─ /vocabulary/1766/index.html (+1ms) 
23:44:32   ├─ /vocabulary/1767/index.html (+1ms) 
23:44:32   ├─ /vocabulary/1768/index.html (+1ms) 
23:44:32   ├─ /vocabulary/1769/index.html (+1ms) 
23:44:32   ├─ /vocabulary/1770/index.html (+1ms) 
23:44:32   ├─ /vocabulary/1771/index.html (+1ms) 
23:44:32   ├─ /vocabulary/1772/index.html (+1ms) 
23:44:32   ├─ /vocabulary/1773/index.html (+1ms) 
23:44:32   ├─ /vocabulary/1774/index.html (+1ms) 
23:44:32   ├─ /vocabulary/1775/index.html (+1ms) 
23:44:32   ├─ /vocabulary/1776/index.html (+1ms) 
23:44:32   ├─ /vocabulary/1777/index.html (+1ms) 
23:44:32   ├─ /vocabulary/1778/index.html (+1ms) 
23:44:32   ├─ /vocabulary/1779/index.html (+1ms) 
23:44:32   ├─ /vocabulary/1780/index.html (+1ms) 
23:44:32   ├─ /vocabulary/1781/index.html (+1ms) 
23:44:32   ├─ /vocabulary/1782/index.html (+3ms) 
23:44:32   ├─ /vocabulary/1783/index.html (+1ms) 
23:44:32   ├─ /vocabulary/1784/index.html (+1ms) 
23:44:32   ├─ /vocabulary/1785/index.html (+1ms) 
23:44:32   ├─ /vocabulary/1786/index.html (+1ms) 
23:44:32   ├─ /vocabulary/1787/index.html (+1ms) 
23:44:32   ├─ /vocabulary/1788/index.html (+1ms) 
23:44:32   ├─ /vocabulary/1789/index.html (+1ms) 
23:44:32   ├─ /vocabulary/1790/index.html (+4ms) 
23:44:32   ├─ /vocabulary/1791/index.html (+1ms) 
23:44:32   ├─ /vocabulary/1792/index.html (+1ms) 
23:44:32   ├─ /vocabulary/1793/index.html (+1ms) 
23:44:32   ├─ /vocabulary/1794/index.html (+1ms) 
23:44:32   ├─ /vocabulary/1795/index.html (+1ms) 
23:44:32   ├─ /vocabulary/1796/index.html (+2ms) 
23:44:32   ├─ /vocabulary/1797/index.html (+1ms) 
23:44:32   ├─ /vocabulary/1798/index.html (+1ms) 
23:44:32   ├─ /vocabulary/1799/index.html (+1ms) 
23:44:32   ├─ /vocabulary/1800/index.html (+1ms) 
23:44:32   ├─ /vocabulary/1801/index.html (+1ms) 
23:44:32   ├─ /vocabulary/1802/index.html (+1ms) 
23:44:32   ├─ /vocabulary/1803/index.html (+1ms) 
23:44:32   ├─ /vocabulary/1804/index.html (+1ms) 
23:44:32   ├─ /vocabulary/1805/index.html (+1ms) 
23:44:32   ├─ /vocabulary/1806/index.html (+1ms) 
23:44:32   ├─ /vocabulary/1807/index.html (+1ms) 
23:44:32   ├─ /vocabulary/1808/index.html (+1ms) 
23:44:32   ├─ /vocabulary/1809/index.html (+1ms) 
23:44:32   ├─ /vocabulary/1810/index.html (+1ms) 
23:44:32   ├─ /vocabulary/1811/index.html (+1ms) 
23:44:32   ├─ /vocabulary/1812/index.html (+1ms) 
23:44:32   ├─ /vocabulary/1813/index.html (+2ms) 
23:44:32   ├─ /vocabulary/1814/index.html (+1ms) 
23:44:32   ├─ /vocabulary/1815/index.html (+1ms) 
23:44:32   ├─ /vocabulary/1816/index.html (+1ms) 
23:44:32   ├─ /vocabulary/1817/index.html (+1ms) 
23:44:32   ├─ /vocabulary/1818/index.html (+1ms) 
23:44:32   ├─ /vocabulary/1819/index.html (+1ms) 
23:44:32   ├─ /vocabulary/1820/index.html (+1ms) 
23:44:32   ├─ /vocabulary/1821/index.html (+1ms) 
23:44:32   ├─ /vocabulary/1822/index.html (+1ms) 
23:44:32   ├─ /vocabulary/1823/index.html (+1ms) 
23:44:32   ├─ /vocabulary/1824/index.html (+1ms) 
23:44:32   ├─ /vocabulary/1825/index.html (+1ms) 
23:44:32   ├─ /vocabulary/1826/index.html (+1ms) 
23:44:32   ├─ /vocabulary/1827/index.html (+1ms) 
23:44:32   ├─ /vocabulary/1828/index.html (+1ms) 
23:44:32   ├─ /vocabulary/1829/index.html (+1ms) 
23:44:32   ├─ /vocabulary/1830/index.html (+1ms) 
23:44:32   ├─ /vocabulary/1831/index.html (+1ms) 
23:44:32   ├─ /vocabulary/1832/index.html (+1ms) 
23:44:32   ├─ /vocabulary/1833/index.html (+1ms) 
23:44:32   ├─ /vocabulary/1834/index.html (+1ms) 
23:44:32   ├─ /vocabulary/1835/index.html (+1ms) 
23:44:32   ├─ /vocabulary/1836/index.html (+1ms) 
23:44:32   ├─ /vocabulary/1837/index.html (+1ms) 
23:44:32   ├─ /vocabulary/1838/index.html (+1ms) 
23:44:32   ├─ /vocabulary/1839/index.html (+1ms) 
23:44:32   ├─ /vocabulary/1840/index.html (+1ms) 
23:44:32   ├─ /vocabulary/1841/index.html (+1ms) 
23:44:32   ├─ /vocabulary/1842/index.html (+1ms) 
23:44:32   ├─ /vocabulary/1843/index.html (+1ms) 
23:44:32   ├─ /vocabulary/1844/index.html (+1ms) 
23:44:32   ├─ /vocabulary/1845/index.html (+1ms) 
23:44:32   ├─ /vocabulary/1846/index.html (+1ms) 
23:44:32   ├─ /vocabulary/1847/index.html (+1ms) 
23:44:32   ├─ /vocabulary/1848/index.html (+1ms) 
23:44:32   ├─ /vocabulary/1849/index.html (+1ms) 
23:44:32   ├─ /vocabulary/1850/index.html (+1ms) 
23:44:32   ├─ /vocabulary/1851/index.html (+1ms) 
23:44:32   ├─ /vocabulary/1852/index.html (+1ms) 
23:44:32   ├─ /vocabulary/1853/index.html (+1ms) 
23:44:32   ├─ /vocabulary/1854/index.html (+1ms) 
23:44:32   ├─ /vocabulary/1855/index.html (+1ms) 
23:44:32   ├─ /vocabulary/1856/index.html (+1ms) 
23:44:32   ├─ /vocabulary/1857/index.html (+1ms) 
23:44:32   ├─ /vocabulary/1858/index.html (+1ms) 
23:44:32   ├─ /vocabulary/1859/index.html (+1ms) 
23:44:32   ├─ /vocabulary/1860/index.html (+1ms) 
23:44:32   ├─ /vocabulary/1861/index.html (+1ms) 
23:44:32   ├─ /vocabulary/1862/index.html (+1ms) 
23:44:32   ├─ /vocabulary/1863/index.html (+1ms) 
23:44:32   ├─ /vocabulary/1864/index.html (+1ms) 
23:44:32   ├─ /vocabulary/1865/index.html (+1ms) 
23:44:32   ├─ /vocabulary/1866/index.html (+1ms) 
23:44:32   ├─ /vocabulary/1867/index.html (+1ms) 
23:44:32   ├─ /vocabulary/1868/index.html (+1ms) 
23:44:32   ├─ /vocabulary/1869/index.html (+1ms) 
23:44:32   ├─ /vocabulary/1870/index.html (+1ms) 
23:44:32   ├─ /vocabulary/1871/index.html (+1ms) 
23:44:32   ├─ /vocabulary/1872/index.html (+1ms) 
23:44:32   ├─ /vocabulary/1873/index.html (+1ms) 
23:44:32   ├─ /vocabulary/1874/index.html (+1ms) 
23:44:32   ├─ /vocabulary/1875/index.html (+1ms) 
23:44:32   ├─ /vocabulary/1876/index.html (+1ms) 
23:44:32   ├─ /vocabulary/1877/index.html (+1ms) 
23:44:32   ├─ /vocabulary/1878/index.html (+1ms) 
23:44:32   ├─ /vocabulary/1879/index.html (+1ms) 
23:44:32   ├─ /vocabulary/1880/index.html (+1ms) 
23:44:32   ├─ /vocabulary/1881/index.html (+1ms) 
23:44:32   ├─ /vocabulary/1882/index.html (+1ms) 
23:44:32   ├─ /vocabulary/1883/index.html (+1ms) 
23:44:32   ├─ /vocabulary/1884/index.html (+1ms) 
23:44:32   ├─ /vocabulary/1885/index.html (+1ms) 
23:44:32   ├─ /vocabulary/1886/index.html (+1ms) 
23:44:32   ├─ /vocabulary/1887/index.html (+1ms) 
23:44:32   ├─ /vocabulary/1888/index.html (+1ms) 
23:44:32   ├─ /vocabulary/1889/index.html (+1ms) 
23:44:32   ├─ /vocabulary/1890/index.html (+1ms) 
23:44:32   ├─ /vocabulary/1891/index.html (+1ms) 
23:44:32   ├─ /vocabulary/1892/index.html (+1ms) 
23:44:32   ├─ /vocabulary/1893/index.html (+1ms) 
23:44:32   ├─ /vocabulary/1894/index.html (+1ms) 
23:44:32   ├─ /vocabulary/1895/index.html (+1ms) 
23:44:32   ├─ /vocabulary/1896/index.html (+2ms) 
23:44:32   ├─ /vocabulary/1897/index.html (+2ms) 
23:44:32   ├─ /vocabulary/1898/index.html (+1ms) 
23:44:32   ├─ /vocabulary/1899/index.html (+1ms) 
23:44:32   ├─ /vocabulary/1900/index.html (+1ms) 
23:44:32   ├─ /vocabulary/1901/index.html (+1ms) 
23:44:32   ├─ /vocabulary/1902/index.html (+1ms) 
23:44:32   ├─ /vocabulary/1903/index.html (+1ms) 
23:44:32   ├─ /vocabulary/1904/index.html (+1ms) 
23:44:32   ├─ /vocabulary/1905/index.html (+1ms) 
23:44:32   ├─ /vocabulary/1906/index.html (+1ms) 
23:44:32   ├─ /vocabulary/1907/index.html (+1ms) 
23:44:32   ├─ /vocabulary/1908/index.html (+1ms) 
23:44:32   ├─ /vocabulary/1909/index.html (+1ms) 
23:44:32   ├─ /vocabulary/1910/index.html (+1ms) 
23:44:32   ├─ /vocabulary/1911/index.html (+1ms) 
23:44:32   ├─ /vocabulary/1912/index.html (+1ms) 
23:44:32   ├─ /vocabulary/1913/index.html (+1ms) 
23:44:32   ├─ /vocabulary/1914/index.html (+1ms) 
23:44:32   ├─ /vocabulary/1915/index.html (+1ms) 
23:44:32   ├─ /vocabulary/1916/index.html (+1ms) 
23:44:32   ├─ /vocabulary/1917/index.html (+1ms) 
23:44:32   ├─ /vocabulary/1918/index.html (+1ms) 
23:44:32   ├─ /vocabulary/1919/index.html (+1ms) 
23:44:32   ├─ /vocabulary/1920/index.html (+1ms) 
23:44:32   ├─ /vocabulary/1921/index.html (+1ms) 
23:44:32   ├─ /vocabulary/1922/index.html (+1ms) 
23:44:32   ├─ /vocabulary/1923/index.html (+1ms) 
23:44:32   ├─ /vocabulary/1924/index.html (+1ms) 
23:44:32   ├─ /vocabulary/1925/index.html (+1ms) 
23:44:32   ├─ /vocabulary/1926/index.html (+1ms) 
23:44:32   ├─ /vocabulary/1927/index.html (+1ms) 
23:44:32   ├─ /vocabulary/1928/index.html (+3ms) 
23:44:32   ├─ /vocabulary/1929/index.html (+2ms) 
23:44:32   ├─ /vocabulary/1930/index.html (+1ms) 
23:44:32   ├─ /vocabulary/1931/index.html (+1ms) 
23:44:32   ├─ /vocabulary/1932/index.html (+1ms) 
23:44:32   ├─ /vocabulary/1933/index.html (+1ms) 
23:44:32   ├─ /vocabulary/1934/index.html (+1ms) 
23:44:32   ├─ /vocabulary/1935/index.html (+1ms) 
23:44:32   ├─ /vocabulary/1936/index.html (+1ms) 
23:44:32   ├─ /vocabulary/1937/index.html (+1ms) 
23:44:32   ├─ /vocabulary/1938/index.html (+1ms) 
23:44:32   ├─ /vocabulary/1939/index.html (+1ms) 
23:44:32   ├─ /vocabulary/1940/index.html (+1ms) 
23:44:32   ├─ /vocabulary/1941/index.html (+1ms) 
23:44:32   ├─ /vocabulary/1942/index.html (+2ms) 
23:44:32   ├─ /vocabulary/1943/index.html (+1ms) 
23:44:32   ├─ /vocabulary/1944/index.html (+1ms) 
23:44:32   ├─ /vocabulary/1945/index.html (+1ms) 
23:44:32   ├─ /vocabulary/1946/index.html (+1ms) 
23:44:32   ├─ /vocabulary/1947/index.html (+3ms) 
23:44:32   ├─ /vocabulary/1948/index.html (+1ms) 
23:44:32   ├─ /vocabulary/1949/index.html (+1ms) 
23:44:32   ├─ /vocabulary/1950/index.html (+1ms) 
23:44:32   ├─ /vocabulary/1951/index.html (+1ms) 
23:44:32   ├─ /vocabulary/1952/index.html (+1ms) 
23:44:32   ├─ /vocabulary/1953/index.html (+1ms) 
23:44:32   ├─ /vocabulary/1954/index.html (+1ms) 
23:44:32   ├─ /vocabulary/1955/index.html (+1ms) 
23:44:32   ├─ /vocabulary/1956/index.html (+2ms) 
23:44:32   ├─ /vocabulary/1957/index.html (+2ms) 
23:44:32   ├─ /vocabulary/1958/index.html (+1ms) 
23:44:32   ├─ /vocabulary/1959/index.html (+1ms) 
23:44:32   ├─ /vocabulary/1960/index.html (+1ms) 
23:44:32   ├─ /vocabulary/1961/index.html (+1ms) 
23:44:32   ├─ /vocabulary/1962/index.html (+1ms) 
23:44:32   ├─ /vocabulary/1963/index.html (+1ms) 
23:44:32   ├─ /vocabulary/1964/index.html (+1ms) 
23:44:32   ├─ /vocabulary/1965/index.html (+1ms) 
23:44:32   ├─ /vocabulary/1966/index.html (+1ms) 
23:44:32   ├─ /vocabulary/1967/index.html (+1ms) 
23:44:32   ├─ /vocabulary/1968/index.html (+1ms) 
23:44:32   ├─ /vocabulary/1969/index.html (+1ms) 
23:44:32   ├─ /vocabulary/1970/index.html (+1ms) 
23:44:32   ├─ /vocabulary/1971/index.html (+1ms) 
23:44:32   ├─ /vocabulary/1972/index.html (+1ms) 
23:44:32   ├─ /vocabulary/1973/index.html (+1ms) 
23:44:32   ├─ /vocabulary/1974/index.html (+1ms) 
23:44:32   ├─ /vocabulary/1975/index.html (+2ms) 
23:44:32   ├─ /vocabulary/1976/index.html (+1ms) 
23:44:32   ├─ /vocabulary/1977/index.html (+1ms) 
23:44:32   ├─ /vocabulary/1978/index.html (+1ms) 
23:44:32   ├─ /vocabulary/1979/index.html (+1ms) 
23:44:32   ├─ /vocabulary/1980/index.html (+1ms) 
23:44:32   ├─ /vocabulary/1981/index.html (+3ms) 
23:44:32   ├─ /vocabulary/1982/index.html (+2ms) 
23:44:32   ├─ /vocabulary/1983/index.html (+1ms) 
23:44:32   ├─ /vocabulary/1984/index.html (+1ms) 
23:44:32   ├─ /vocabulary/1985/index.html (+1ms) 
23:44:32   ├─ /vocabulary/1986/index.html (+1ms) 
23:44:32   ├─ /vocabulary/1987/index.html (+1ms) 
23:44:32   ├─ /vocabulary/1988/index.html (+1ms) 
23:44:32   ├─ /vocabulary/1989/index.html (+2ms) 
23:44:32   ├─ /vocabulary/1990/index.html (+1ms) 
23:44:32   ├─ /vocabulary/1991/index.html (+1ms) 
23:44:32   ├─ /vocabulary/1992/index.html (+1ms) 
23:44:32   ├─ /vocabulary/1993/index.html (+1ms) 
23:44:32   ├─ /vocabulary/1994/index.html (+1ms) 
23:44:32   ├─ /vocabulary/1995/index.html (+1ms) 
23:44:32   ├─ /vocabulary/1996/index.html (+1ms) 
23:44:32   ├─ /vocabulary/1997/index.html (+1ms) 
23:44:32   ├─ /vocabulary/1998/index.html (+1ms) 
23:44:32   ├─ /vocabulary/1999/index.html (+1ms) 
23:44:32   ├─ /vocabulary/2000/index.html (+1ms) 
23:44:32   ├─ /vocabulary/2001/index.html (+1ms) 
23:44:32   ├─ /vocabulary/2002/index.html (+1ms) 
23:44:32   ├─ /vocabulary/2003/index.html (+1ms) 
23:44:32   ├─ /vocabulary/2004/index.html (+1ms) 
23:44:32   ├─ /vocabulary/2005/index.html (+1ms) 
23:44:32   ├─ /vocabulary/2006/index.html (+1ms) 
23:44:32   ├─ /vocabulary/2007/index.html (+1ms) 
23:44:32   ├─ /vocabulary/2008/index.html (+1ms) 
23:44:32   ├─ /vocabulary/2009/index.html (+1ms) 
23:44:32   ├─ /vocabulary/2010/index.html (+1ms) 
23:44:32   ├─ /vocabulary/2011/index.html (+1ms) 
23:44:32   ├─ /vocabulary/2012/index.html (+1ms) 
23:44:32   ├─ /vocabulary/2013/index.html (+1ms) 
23:44:32   ├─ /vocabulary/2014/index.html (+1ms) 
23:44:32   ├─ /vocabulary/2015/index.html (+1ms) 
23:44:32   ├─ /vocabulary/2016/index.html (+1ms) 
23:44:32   ├─ /vocabulary/2017/index.html (+1ms) 
23:44:32   ├─ /vocabulary/2018/index.html (+1ms) 
23:44:32   ├─ /vocabulary/2019/index.html (+1ms) 
23:44:32   ├─ /vocabulary/2020/index.html (+1ms) 
23:44:32   ├─ /vocabulary/2021/index.html (+1ms) 
23:44:32   ├─ /vocabulary/2022/index.html (+1ms) 
23:44:32   ├─ /vocabulary/2023/index.html (+1ms) 
23:44:32   ├─ /vocabulary/2024/index.html (+1ms) 
23:44:32   ├─ /vocabulary/2025/index.html (+1ms) 
23:44:32   ├─ /vocabulary/2026/index.html (+1ms) 
23:44:32   ├─ /vocabulary/2027/index.html (+1ms) 
23:44:32   ├─ /vocabulary/2028/index.html (+1ms) 
23:44:32   ├─ /vocabulary/2029/index.html (+1ms) 
23:44:32   ├─ /vocabulary/2030/index.html (+1ms) 
23:44:32   ├─ /vocabulary/2031/index.html (+1ms) 
23:44:32   ├─ /vocabulary/2032/index.html (+1ms) 
23:44:32   ├─ /vocabulary/2033/index.html (+1ms) 
23:44:32   ├─ /vocabulary/2034/index.html (+1ms) 
23:44:32   ├─ /vocabulary/2035/index.html (+1ms) 
23:44:32   ├─ /vocabulary/2036/index.html (+1ms) 
23:44:32   ├─ /vocabulary/2037/index.html (+1ms) 
23:44:32   ├─ /vocabulary/2038/index.html (+1ms) 
23:44:32   ├─ /vocabulary/2039/index.html (+1ms) 
23:44:32   ├─ /vocabulary/2040/index.html (+1ms) 
23:44:32   ├─ /vocabulary/2041/index.html (+1ms) 
23:44:32   ├─ /vocabulary/2042/index.html (+1ms) 
23:44:32   ├─ /vocabulary/2043/index.html (+1ms) 
23:44:32   ├─ /vocabulary/2044/index.html (+1ms) 
23:44:32   ├─ /vocabulary/2045/index.html (+1ms) 
23:44:32   ├─ /vocabulary/2046/index.html (+2ms) 
23:44:32   ├─ /vocabulary/2047/index.html (+3ms) 
23:44:32   ├─ /vocabulary/2048/index.html (+1ms) 
23:44:32   ├─ /vocabulary/2049/index.html (+1ms) 
23:44:32   ├─ /vocabulary/2050/index.html (+1ms) 
23:44:32   ├─ /vocabulary/2051/index.html (+1ms) 
23:44:32   ├─ /vocabulary/2052/index.html (+1ms) 
23:44:32   ├─ /vocabulary/2053/index.html (+1ms) 
23:44:32   ├─ /vocabulary/2054/index.html (+1ms) 
23:44:32   ├─ /vocabulary/2055/index.html (+1ms) 
23:44:32   ├─ /vocabulary/2056/index.html (+1ms) 
23:44:32   ├─ /vocabulary/2057/index.html (+1ms) 
23:44:32   ├─ /vocabulary/2058/index.html (+1ms) 
23:44:32   ├─ /vocabulary/2059/index.html (+1ms) 
23:44:32   ├─ /vocabulary/2060/index.html (+1ms) 
23:44:32   ├─ /vocabulary/2061/index.html (+1ms) 
23:44:32   ├─ /vocabulary/2062/index.html (+1ms) 
23:44:32   ├─ /vocabulary/2063/index.html (+1ms) 
23:44:32   ├─ /vocabulary/2064/index.html (+1ms) 
23:44:32   ├─ /vocabulary/2065/index.html (+1ms) 
23:44:32   ├─ /vocabulary/2066/index.html (+1ms) 
23:44:32   ├─ /vocabulary/2067/index.html (+1ms) 
23:44:32   ├─ /vocabulary/2068/index.html (+1ms) 
23:44:32   ├─ /vocabulary/2069/index.html (+1ms) 
23:44:32   ├─ /vocabulary/2070/index.html (+1ms) 
23:44:32   ├─ /vocabulary/2071/index.html (+1ms) 
23:44:32   ├─ /vocabulary/2072/index.html (+1ms) 
23:44:32   ├─ /vocabulary/2073/index.html (+1ms) 
23:44:32   ├─ /vocabulary/2074/index.html (+1ms) 
23:44:32   ├─ /vocabulary/2075/index.html (+4ms) 
23:44:32   ├─ /vocabulary/2076/index.html (+1ms) 
23:44:32   ├─ /vocabulary/2077/index.html (+1ms) 
23:44:32   ├─ /vocabulary/2078/index.html (+1ms) 
23:44:32   ├─ /vocabulary/2079/index.html (+4ms) 
23:44:32   ├─ /vocabulary/2080/index.html (+3ms) 
23:44:32   ├─ /vocabulary/2081/index.html (+1ms) 
23:44:32   ├─ /vocabulary/2082/index.html (+1ms) 
23:44:32   ├─ /vocabulary/2083/index.html (+1ms) 
23:44:32   ├─ /vocabulary/2084/index.html (+1ms) 
23:44:32   ├─ /vocabulary/2085/index.html (+1ms) 
23:44:32   ├─ /vocabulary/2086/index.html (+1ms) 
23:44:32   ├─ /vocabulary/2087/index.html (+1ms) 
23:44:32   ├─ /vocabulary/2088/index.html (+1ms) 
23:44:32   ├─ /vocabulary/2089/index.html (+1ms) 
23:44:32   ├─ /vocabulary/2090/index.html (+2ms) 
23:44:32   ├─ /vocabulary/2091/index.html (+1ms) 
23:44:32   ├─ /vocabulary/2092/index.html (+3ms) 
23:44:32   ├─ /vocabulary/2093/index.html (+1ms) 
23:44:32   ├─ /vocabulary/2094/index.html (+1ms) 
23:44:32   ├─ /vocabulary/2095/index.html (+1ms) 
23:44:32   ├─ /vocabulary/2096/index.html (+1ms) 
23:44:32   ├─ /vocabulary/2097/index.html (+1ms) 
23:44:32   ├─ /vocabulary/2098/index.html (+1ms) 
23:44:32   ├─ /vocabulary/2099/index.html (+1ms) 
23:44:32   ├─ /vocabulary/2100/index.html (+1ms) 
23:44:32   ├─ /vocabulary/2101/index.html (+1ms) 
23:44:32   ├─ /vocabulary/2102/index.html (+1ms) 
23:44:32   ├─ /vocabulary/2103/index.html (+1ms) 
23:44:32   ├─ /vocabulary/2104/index.html (+1ms) 
23:44:32   ├─ /vocabulary/2105/index.html (+3ms) 
23:44:32   ├─ /vocabulary/2106/index.html (+1ms) 
23:44:32   ├─ /vocabulary/2107/index.html (+1ms) 
23:44:32   ├─ /vocabulary/2108/index.html (+1ms) 
23:44:32   ├─ /vocabulary/2109/index.html (+1ms) 
23:44:32   ├─ /vocabulary/2110/index.html (+1ms) 
23:44:32   ├─ /vocabulary/2111/index.html (+1ms) 
23:44:32   ├─ /vocabulary/2112/index.html (+1ms) 
23:44:32   ├─ /vocabulary/2113/index.html (+1ms) 
23:44:32   ├─ /vocabulary/2114/index.html (+1ms) 
23:44:32   ├─ /vocabulary/2115/index.html (+1ms) 
23:44:32   ├─ /vocabulary/2116/index.html (+1ms) 
23:44:32   ├─ /vocabulary/2117/index.html (+1ms) 
23:44:32   ├─ /vocabulary/2118/index.html (+1ms) 
23:44:32   ├─ /vocabulary/2119/index.html (+3ms) 
23:44:32   ├─ /vocabulary/2120/index.html (+2ms) 
23:44:32   ├─ /vocabulary/2121/index.html (+1ms) 
23:44:32   ├─ /vocabulary/2122/index.html (+1ms) 
23:44:32   ├─ /vocabulary/2123/index.html (+1ms) 
23:44:32   ├─ /vocabulary/2124/index.html (+1ms) 
23:44:32   ├─ /vocabulary/2125/index.html (+1ms) 
23:44:32   ├─ /vocabulary/2126/index.html (+1ms) 
23:44:33   ├─ /vocabulary/2127/index.html (+2ms) 
23:44:33   ├─ /vocabulary/2128/index.html (+4ms) 
23:44:33   ├─ /vocabulary/2129/index.html (+3ms) 
23:44:33   ├─ /vocabulary/2130/index.html (+2ms) 
23:44:33   ├─ /vocabulary/2131/index.html (+1ms) 
23:44:33   ├─ /vocabulary/2132/index.html (+1ms) 
23:44:33   ├─ /vocabulary/2133/index.html (+1ms) 
23:44:33   ├─ /vocabulary/2134/index.html (+1ms) 
23:44:33   ├─ /vocabulary/2135/index.html (+1ms) 
23:44:33   ├─ /vocabulary/2136/index.html (+1ms) 
23:44:33   ├─ /vocabulary/2137/index.html (+1ms) 
23:44:33   ├─ /vocabulary/2138/index.html (+1ms) 
23:44:33   ├─ /vocabulary/2139/index.html (+1ms) 
23:44:33   ├─ /vocabulary/2140/index.html (+1ms) 
23:44:33   ├─ /vocabulary/2141/index.html (+1ms) 
23:44:33   ├─ /vocabulary/2142/index.html (+1ms) 
23:44:33   ├─ /vocabulary/2143/index.html (+1ms) 
23:44:33   ├─ /vocabulary/2144/index.html (+1ms) 
23:44:33   ├─ /vocabulary/2145/index.html (+1ms) 
23:44:33   ├─ /vocabulary/2146/index.html (+1ms) 
23:44:33   ├─ /vocabulary/2147/index.html (+1ms) 
23:44:33   ├─ /vocabulary/2148/index.html (+1ms) 
23:44:33   ├─ /vocabulary/2149/index.html (+1ms) 
23:44:33   ├─ /vocabulary/2150/index.html (+1ms) 
23:44:33   ├─ /vocabulary/2151/index.html (+1ms) 
23:44:33   ├─ /vocabulary/2152/index.html (+1ms) 
23:44:33   ├─ /vocabulary/2153/index.html (+1ms) 
23:44:33   ├─ /vocabulary/2154/index.html (+1ms) 
23:44:33   ├─ /vocabulary/2155/index.html (+1ms) 
23:44:33   ├─ /vocabulary/2156/index.html (+1ms) 
23:44:33   ├─ /vocabulary/2157/index.html (+1ms) 
23:44:33   ├─ /vocabulary/2158/index.html (+1ms) 
23:44:33   ├─ /vocabulary/2159/index.html (+1ms) 
23:44:33   ├─ /vocabulary/2160/index.html (+1ms) 
23:44:33   ├─ /vocabulary/2161/index.html (+1ms) 
23:44:33   ├─ /vocabulary/2162/index.html (+1ms) 
23:44:33   ├─ /vocabulary/2163/index.html (+1ms) 
23:44:33   ├─ /vocabulary/2164/index.html (+1ms) 
23:44:33   ├─ /vocabulary/2165/index.html (+2ms) 
23:44:33   ├─ /vocabulary/2166/index.html (+2ms) 
23:44:33   ├─ /vocabulary/2167/index.html (+1ms) 
23:44:33   ├─ /vocabulary/2168/index.html (+2ms) 
23:44:33   ├─ /vocabulary/2169/index.html (+1ms) 
23:44:33   ├─ /vocabulary/2170/index.html (+2ms) 
23:44:33   ├─ /vocabulary/2171/index.html (+2ms) 
23:44:33   ├─ /vocabulary/2172/index.html (+2ms) 
23:44:33   ├─ /vocabulary/2173/index.html (+3ms) 
23:44:33   ├─ /vocabulary/2174/index.html (+1ms) 
23:44:33   ├─ /vocabulary/2175/index.html (+1ms) 
23:44:33   ├─ /vocabulary/2176/index.html (+1ms) 
23:44:33   ├─ /vocabulary/2177/index.html (+1ms) 
23:44:33   ├─ /vocabulary/2178/index.html (+1ms) 
23:44:33   ├─ /vocabulary/2179/index.html (+1ms) 
23:44:33   ├─ /vocabulary/2180/index.html (+1ms) 
23:44:33   ├─ /vocabulary/2181/index.html (+1ms) 
23:44:33   ├─ /vocabulary/2182/index.html (+1ms) 
23:44:33   ├─ /vocabulary/2183/index.html (+1ms) 
23:44:33   ├─ /vocabulary/2184/index.html (+1ms) 
23:44:33   ├─ /vocabulary/2185/index.html (+1ms) 
23:44:33   ├─ /vocabulary/2186/index.html (+1ms) 
23:44:33   ├─ /vocabulary/2187/index.html (+1ms) 
23:44:33   ├─ /vocabulary/2188/index.html (+1ms) 
23:44:33   ├─ /vocabulary/2189/index.html (+1ms) 
23:44:33   ├─ /vocabulary/2190/index.html (+1ms) 
23:44:33   ├─ /vocabulary/2191/index.html (+1ms) 
23:44:33   ├─ /vocabulary/2192/index.html (+1ms) 
23:44:33   ├─ /vocabulary/2193/index.html (+1ms) 
23:44:33   ├─ /vocabulary/2194/index.html (+1ms) 
23:44:33   ├─ /vocabulary/2195/index.html (+1ms) 
23:44:33   ├─ /vocabulary/2196/index.html (+1ms) 
23:44:33   ├─ /vocabulary/2197/index.html (+1ms) 
23:44:33   ├─ /vocabulary/2198/index.html (+2ms) 
23:44:33   ├─ /vocabulary/2199/index.html (+2ms) 
23:44:33   ├─ /vocabulary/2200/index.html (+1ms) 
23:44:33   ├─ /vocabulary/2201/index.html (+1ms) 
23:44:33   ├─ /vocabulary/2202/index.html (+1ms) 
23:44:33   ├─ /vocabulary/2203/index.html (+1ms) 
23:44:33   ├─ /vocabulary/2204/index.html (+1ms) 
23:44:33   ├─ /vocabulary/2205/index.html (+1ms) 
23:44:33   ├─ /vocabulary/2206/index.html (+1ms) 
23:44:33   ├─ /vocabulary/2207/index.html (+1ms) 
23:44:33   ├─ /vocabulary/2208/index.html (+1ms) 
23:44:33   ├─ /vocabulary/2209/index.html (+1ms) 
23:44:33   ├─ /vocabulary/2210/index.html (+1ms) 
23:44:33   ├─ /vocabulary/2211/index.html (+1ms) 
23:44:33   ├─ /vocabulary/2212/index.html (+1ms) 
23:44:33   ├─ /vocabulary/2213/index.html (+1ms) 
23:44:33   ├─ /vocabulary/2214/index.html (+1ms) 
23:44:33   ├─ /vocabulary/2215/index.html (+1ms) 
23:44:33   ├─ /vocabulary/2216/index.html (+1ms) 
23:44:33   ├─ /vocabulary/2217/index.html (+1ms) 
23:44:33   ├─ /vocabulary/2218/index.html (+1ms) 
23:44:33   ├─ /vocabulary/2219/index.html (+1ms) 
23:44:33   ├─ /vocabulary/2220/index.html (+1ms) 
23:44:33   ├─ /vocabulary/2221/index.html (+1ms) 
23:44:33   ├─ /vocabulary/2222/index.html (+1ms) 
23:44:33   ├─ /vocabulary/2223/index.html (+1ms) 
23:44:33   ├─ /vocabulary/2224/index.html (+1ms) 
23:44:33   ├─ /vocabulary/2225/index.html (+1ms) 
23:44:33   ├─ /vocabulary/2226/index.html (+1ms) 
23:44:33   ├─ /vocabulary/2227/index.html (+5ms) 
23:44:33   ├─ /vocabulary/2228/index.html (+1ms) 
23:44:33   ├─ /vocabulary/2229/index.html (+1ms) 
23:44:33   ├─ /vocabulary/2230/index.html (+1ms) 
23:44:33   ├─ /vocabulary/2231/index.html (+1ms) 
23:44:33   ├─ /vocabulary/2232/index.html (+1ms) 
23:44:33   ├─ /vocabulary/2233/index.html (+1ms) 
23:44:33   ├─ /vocabulary/2234/index.html (+1ms) 
23:44:33   ├─ /vocabulary/2235/index.html (+1ms) 
23:44:33   ├─ /vocabulary/2236/index.html (+2ms) 
23:44:33   ├─ /vocabulary/2237/index.html (+1ms) 
23:44:33   ├─ /vocabulary/2238/index.html (+1ms) 
23:44:33   ├─ /vocabulary/2239/index.html (+1ms) 
23:44:33   ├─ /vocabulary/2240/index.html (+1ms) 
23:44:33   ├─ /vocabulary/2241/index.html (+1ms) 
23:44:33   ├─ /vocabulary/2242/index.html (+1ms) 
23:44:33   ├─ /vocabulary/2243/index.html (+1ms) 
23:44:33   ├─ /vocabulary/2244/index.html (+1ms) 
23:44:33   ├─ /vocabulary/2245/index.html (+1ms) 
23:44:33   ├─ /vocabulary/2246/index.html (+1ms) 
23:44:33   ├─ /vocabulary/2247/index.html (+1ms) 
23:44:33   ├─ /vocabulary/2248/index.html (+1ms) 
23:44:33   ├─ /vocabulary/2249/index.html (+1ms) 
23:44:33   ├─ /vocabulary/2250/index.html (+1ms) 
23:44:33   ├─ /vocabulary/2251/index.html (+1ms) 
23:44:33   ├─ /vocabulary/2252/index.html (+1ms) 
23:44:33   ├─ /vocabulary/2253/index.html (+1ms) 
23:44:33   ├─ /vocabulary/2254/index.html (+1ms) 
23:44:33   ├─ /vocabulary/2255/index.html (+1ms) 
23:44:33   ├─ /vocabulary/2256/index.html (+1ms) 
23:44:33   ├─ /vocabulary/2257/index.html (+1ms) 
23:44:33   ├─ /vocabulary/2258/index.html (+1ms) 
23:44:33   ├─ /vocabulary/2259/index.html (+1ms) 
23:44:33   ├─ /vocabulary/2260/index.html (+1ms) 
23:44:33   ├─ /vocabulary/2261/index.html (+1ms) 
23:44:33   ├─ /vocabulary/2262/index.html (+1ms) 
23:44:33   ├─ /vocabulary/2263/index.html (+1ms) 
23:44:33   ├─ /vocabulary/2264/index.html (+1ms) 
23:44:33   ├─ /vocabulary/2265/index.html (+1ms) 
23:44:33   ├─ /vocabulary/2266/index.html (+1ms) 
23:44:33   ├─ /vocabulary/2267/index.html (+1ms) 
23:44:33   ├─ /vocabulary/2268/index.html (+1ms) 
23:44:33   ├─ /vocabulary/2269/index.html (+1ms) 
23:44:33   ├─ /vocabulary/2270/index.html (+1ms) 
23:44:33   ├─ /vocabulary/2271/index.html (+1ms) 
23:44:33   ├─ /vocabulary/2272/index.html (+1ms) 
23:44:33   ├─ /vocabulary/2273/index.html (+1ms) 
23:44:33   ├─ /vocabulary/2274/index.html (+1ms) 
23:44:33   ├─ /vocabulary/2275/index.html (+1ms) 
23:44:33   ├─ /vocabulary/2276/index.html (+1ms) 
23:44:33   ├─ /vocabulary/2277/index.html (+1ms) 
23:44:33   ├─ /vocabulary/2278/index.html (+1ms) 
23:44:33   ├─ /vocabulary/2279/index.html (+1ms) 
23:44:33   ├─ /vocabulary/2280/index.html (+1ms) 
23:44:33   ├─ /vocabulary/2281/index.html (+1ms) 
23:44:33   ├─ /vocabulary/2282/index.html (+1ms) 
23:44:33   ├─ /vocabulary/2283/index.html (+1ms) 
23:44:33   ├─ /vocabulary/2284/index.html (+1ms) 
23:44:33   ├─ /vocabulary/2285/index.html (+1ms) 
23:44:33   ├─ /vocabulary/2286/index.html (+1ms) 
23:44:33   ├─ /vocabulary/2287/index.html (+1ms) 
23:44:33   ├─ /vocabulary/2288/index.html (+1ms) 
23:44:33   ├─ /vocabulary/2289/index.html (+1ms) 
23:44:33   ├─ /vocabulary/2290/index.html (+1ms) 
23:44:33   ├─ /vocabulary/2291/index.html (+1ms) 
23:44:33   ├─ /vocabulary/2292/index.html (+1ms) 
23:44:33   ├─ /vocabulary/2293/index.html (+1ms) 
23:44:33   ├─ /vocabulary/2294/index.html (+1ms) 
23:44:33   ├─ /vocabulary/2295/index.html (+1ms) 
23:44:33   ├─ /vocabulary/2296/index.html (+1ms) 
23:44:33   ├─ /vocabulary/2297/index.html (+1ms) 
23:44:33   ├─ /vocabulary/2298/index.html (+1ms) 
23:44:33   ├─ /vocabulary/2299/index.html (+1ms) 
23:44:33   ├─ /vocabulary/2300/index.html (+1ms) 
23:44:33   ├─ /vocabulary/2301/index.html (+2ms) 
23:44:33   ├─ /vocabulary/2302/index.html (+4ms) 
23:44:33   ├─ /vocabulary/2303/index.html (+2ms) 
23:44:33   ├─ /vocabulary/2304/index.html (+1ms) 
23:44:33   ├─ /vocabulary/2305/index.html (+1ms) 
23:44:33   ├─ /vocabulary/2306/index.html (+1ms) 
23:44:33   ├─ /vocabulary/2307/index.html (+1ms) 
23:44:33   ├─ /vocabulary/2308/index.html (+1ms) 
23:44:33   ├─ /vocabulary/2309/index.html (+1ms) 
23:44:33   ├─ /vocabulary/2310/index.html (+1ms) 
23:44:33   ├─ /vocabulary/2311/index.html (+1ms) 
23:44:33   ├─ /vocabulary/2312/index.html (+1ms) 
23:44:33   ├─ /vocabulary/2313/index.html (+1ms) 
23:44:33   ├─ /vocabulary/2314/index.html (+2ms) 
23:44:33   ├─ /vocabulary/2315/index.html (+1ms) 
23:44:33   ├─ /vocabulary/2316/index.html (+1ms) 
23:44:33   ├─ /vocabulary/2317/index.html (+1ms) 
23:44:33   ├─ /vocabulary/2318/index.html (+1ms) 
23:44:33   ├─ /vocabulary/2319/index.html (+1ms) 
23:44:33   ├─ /vocabulary/2320/index.html (+1ms) 
23:44:33   ├─ /vocabulary/2321/index.html (+1ms) 
23:44:33   ├─ /vocabulary/2322/index.html (+1ms) 
23:44:33   ├─ /vocabulary/2323/index.html (+1ms) 
23:44:33   ├─ /vocabulary/2324/index.html (+1ms) 
23:44:33   ├─ /vocabulary/2325/index.html (+1ms) 
23:44:33   ├─ /vocabulary/2326/index.html (+1ms) 
23:44:33   ├─ /vocabulary/2327/index.html (+1ms) 
23:44:33   ├─ /vocabulary/2328/index.html (+1ms) 
23:44:33   ├─ /vocabulary/2329/index.html (+1ms) 
23:44:33   ├─ /vocabulary/2330/index.html (+1ms) 
23:44:33   ├─ /vocabulary/2331/index.html (+1ms) 
23:44:33   ├─ /vocabulary/2332/index.html (+1ms) 
23:44:33   ├─ /vocabulary/2333/index.html (+1ms) 
23:44:33   ├─ /vocabulary/2334/index.html (+1ms) 
23:44:33   ├─ /vocabulary/2335/index.html (+1ms) 
23:44:33   ├─ /vocabulary/2336/index.html (+1ms) 
23:44:33   ├─ /vocabulary/2337/index.html (+1ms) 
23:44:33   ├─ /vocabulary/2338/index.html (+1ms) 
23:44:33   ├─ /vocabulary/2339/index.html (+1ms) 
23:44:33   ├─ /vocabulary/2340/index.html (+1ms) 
23:44:33   ├─ /vocabulary/2341/index.html (+1ms) 
23:44:33   ├─ /vocabulary/2342/index.html (+1ms) 
23:44:33   ├─ /vocabulary/2343/index.html (+1ms) 
23:44:33   ├─ /vocabulary/2344/index.html (+1ms) 
23:44:33   ├─ /vocabulary/2345/index.html (+1ms) 
23:44:33   ├─ /vocabulary/2346/index.html (+1ms) 
23:44:33   ├─ /vocabulary/2347/index.html (+1ms) 
23:44:33   ├─ /vocabulary/2348/index.html (+3ms) 
23:44:33   ├─ /vocabulary/2349/index.html (+1ms) 
23:44:33   ├─ /vocabulary/2350/index.html (+1ms) 
23:44:33   ├─ /vocabulary/2351/index.html (+1ms) 
23:44:33   ├─ /vocabulary/2352/index.html (+1ms) 
23:44:33   ├─ /vocabulary/2353/index.html (+1ms) 
23:44:33   ├─ /vocabulary/2354/index.html (+1ms) 
23:44:33   ├─ /vocabulary/2355/index.html (+1ms) 
23:44:33   ├─ /vocabulary/2356/index.html (+1ms) 
23:44:33   ├─ /vocabulary/2357/index.html (+1ms) 
23:44:33   ├─ /vocabulary/2358/index.html (+1ms) 
23:44:33   ├─ /vocabulary/2359/index.html (+1ms) 
23:44:33   ├─ /vocabulary/2360/index.html (+1ms) 
23:44:33   ├─ /vocabulary/2361/index.html (+1ms) 
23:44:33   ├─ /vocabulary/2362/index.html (+1ms) 
23:44:33   ├─ /vocabulary/2363/index.html (+1ms) 
23:44:33   ├─ /vocabulary/2364/index.html (+1ms) 
23:44:33   ├─ /vocabulary/2365/index.html (+1ms) 
23:44:33   ├─ /vocabulary/2366/index.html (+1ms) 
23:44:33   ├─ /vocabulary/2367/index.html (+1ms) 
23:44:33   ├─ /vocabulary/2368/index.html (+1ms) 
23:44:33   ├─ /vocabulary/2369/index.html (+1ms) 
23:44:33   ├─ /vocabulary/2370/index.html (+1ms) 
23:44:33   ├─ /vocabulary/2371/index.html (+1ms) 
23:44:33   ├─ /vocabulary/2372/index.html (+1ms) 
23:44:33   ├─ /vocabulary/2373/index.html (+1ms) 
23:44:33   ├─ /vocabulary/2374/index.html (+1ms) 
23:44:33   ├─ /vocabulary/2375/index.html (+1ms) 
23:44:33   ├─ /vocabulary/2376/index.html (+1ms) 
23:44:33   ├─ /vocabulary/2377/index.html (+1ms) 
23:44:33   ├─ /vocabulary/2378/index.html (+1ms) 
23:44:33   ├─ /vocabulary/2379/index.html (+1ms) 
23:44:33   ├─ /vocabulary/2380/index.html (+1ms) 
23:44:33   ├─ /vocabulary/2381/index.html (+3ms) 
23:44:33   ├─ /vocabulary/2382/index.html (+1ms) 
23:44:33   ├─ /vocabulary/2383/index.html (+1ms) 
23:44:33   ├─ /vocabulary/2384/index.html (+1ms) 
23:44:33   ├─ /vocabulary/2385/index.html (+1ms) 
23:44:33   ├─ /vocabulary/2386/index.html (+1ms) 
23:44:33   ├─ /vocabulary/2387/index.html (+1ms) 
23:44:33   ├─ /vocabulary/2388/index.html (+1ms) 
23:44:33   ├─ /vocabulary/2389/index.html (+1ms) 
23:44:33   ├─ /vocabulary/2390/index.html (+1ms) 
23:44:33   ├─ /vocabulary/2391/index.html (+1ms) 
23:44:33   ├─ /vocabulary/2392/index.html (+1ms) 
23:44:33   ├─ /vocabulary/2393/index.html (+2ms) 
23:44:33   ├─ /vocabulary/2394/index.html (+2ms) 
23:44:33   ├─ /vocabulary/2395/index.html (+2ms) 
23:44:33   ├─ /vocabulary/2396/index.html (+4ms) 
23:44:33   ├─ /vocabulary/2397/index.html (+2ms) 
23:44:33   ├─ /vocabulary/2398/index.html (+1ms) 
23:44:33   ├─ /vocabulary/2399/index.html (+1ms) 
23:44:33   ├─ /vocabulary/2400/index.html (+1ms) 
23:44:33   ├─ /vocabulary/2401/index.html (+1ms) 
23:44:33   ├─ /vocabulary/2402/index.html (+1ms) 
23:44:33   ├─ /vocabulary/2403/index.html (+1ms) 
23:44:33   ├─ /vocabulary/2404/index.html (+1ms) 
23:44:33   ├─ /vocabulary/2405/index.html (+1ms) 
23:44:33   ├─ /vocabulary/2406/index.html (+1ms) 
23:44:33   ├─ /vocabulary/2407/index.html (+1ms) 
23:44:33   ├─ /vocabulary/2408/index.html (+1ms) 
23:44:33   ├─ /vocabulary/2409/index.html (+1ms) 
23:44:33   ├─ /vocabulary/2410/index.html (+1ms) 
23:44:33   ├─ /vocabulary/2411/index.html (+1ms) 
23:44:33   ├─ /vocabulary/2412/index.html (+1ms) 
23:44:33   ├─ /vocabulary/2413/index.html (+1ms) 
23:44:33   ├─ /vocabulary/2414/index.html (+1ms) 
23:44:33   ├─ /vocabulary/2415/index.html (+1ms) 
23:44:33   ├─ /vocabulary/2416/index.html (+1ms) 
23:44:33   ├─ /vocabulary/2417/index.html (+1ms) 
23:44:33   ├─ /vocabulary/2418/index.html (+1ms) 
23:44:33   ├─ /vocabulary/2419/index.html (+2ms) 
23:44:33   ├─ /vocabulary/2420/index.html (+2ms) 
23:44:33   ├─ /vocabulary/2421/index.html (+2ms) 
23:44:33   ├─ /vocabulary/2422/index.html (+1ms) 
23:44:33   ├─ /vocabulary/2423/index.html (+1ms) 
23:44:33   ├─ /vocabulary/2424/index.html (+1ms) 
23:44:33   ├─ /vocabulary/2425/index.html (+1ms) 
23:44:33   ├─ /vocabulary/2426/index.html (+1ms) 
23:44:33   ├─ /vocabulary/2427/index.html (+1ms) 
23:44:33   ├─ /vocabulary/2428/index.html (+1ms) 
23:44:33   ├─ /vocabulary/2429/index.html (+1ms) 
23:44:33   ├─ /vocabulary/2430/index.html (+1ms) 
23:44:33   ├─ /vocabulary/2431/index.html (+1ms) 
23:44:33   ├─ /vocabulary/2432/index.html (+1ms) 
23:44:33   ├─ /vocabulary/2433/index.html (+1ms) 
23:44:33   ├─ /vocabulary/2434/index.html (+1ms) 
23:44:33   ├─ /vocabulary/2435/index.html (+1ms) 
23:44:33   ├─ /vocabulary/2436/index.html (+1ms) 
23:44:33   ├─ /vocabulary/2437/index.html (+1ms) 
23:44:33   ├─ /vocabulary/2438/index.html (+1ms) 
23:44:33   ├─ /vocabulary/2439/index.html (+1ms) 
23:44:33   ├─ /vocabulary/2440/index.html (+1ms) 
23:44:33   ├─ /vocabulary/2441/index.html (+1ms) 
23:44:33   ├─ /vocabulary/2442/index.html (+1ms) 
23:44:33   ├─ /vocabulary/2443/index.html (+1ms) 
23:44:33   ├─ /vocabulary/2444/index.html (+1ms) 
23:44:33   ├─ /vocabulary/2445/index.html (+1ms) 
23:44:33   ├─ /vocabulary/2446/index.html (+1ms) 
23:44:33   ├─ /vocabulary/2447/index.html (+1ms) 
23:44:33   ├─ /vocabulary/2448/index.html (+1ms) 
23:44:33   ├─ /vocabulary/2449/index.html (+1ms) 
23:44:33   ├─ /vocabulary/2450/index.html (+1ms) 
23:44:33   ├─ /vocabulary/2451/index.html (+1ms) 
23:44:33   ├─ /vocabulary/2452/index.html (+1ms) 
23:44:33   ├─ /vocabulary/2453/index.html (+1ms) 
23:44:33   ├─ /vocabulary/2454/index.html (+1ms) 
23:44:33   ├─ /vocabulary/2455/index.html (+1ms) 
23:44:33   ├─ /vocabulary/2456/index.html (+1ms) 
23:44:33   ├─ /vocabulary/2457/index.html (+1ms) 
23:44:33   ├─ /vocabulary/2458/index.html (+1ms) 
23:44:33   ├─ /vocabulary/2459/index.html (+1ms) 
23:44:33   ├─ /vocabulary/2460/index.html (+1ms) 
23:44:33   ├─ /vocabulary/2461/index.html (+1ms) 
23:44:33   ├─ /vocabulary/2462/index.html (+1ms) 
23:44:33   ├─ /vocabulary/2463/index.html (+1ms) 
23:44:33   ├─ /vocabulary/2464/index.html (+1ms) 
23:44:33   ├─ /vocabulary/2465/index.html (+1ms) 
23:44:33   ├─ /vocabulary/2466/index.html (+1ms) 
23:44:33   ├─ /vocabulary/2467/index.html (+1ms) 
23:44:33   ├─ /vocabulary/2468/index.html (+1ms) 
23:44:33   ├─ /vocabulary/2469/index.html (+1ms) 
23:44:33   ├─ /vocabulary/2470/index.html (+1ms) 
23:44:33   ├─ /vocabulary/2471/index.html (+1ms) 
23:44:33   ├─ /vocabulary/2472/index.html (+1ms) 
23:44:33   ├─ /vocabulary/2473/index.html (+1ms) 
23:44:33   ├─ /vocabulary/2474/index.html (+1ms) 
23:44:33   ├─ /vocabulary/2475/index.html (+1ms) 
23:44:33   ├─ /vocabulary/2476/index.html (+1ms) 
23:44:33   ├─ /vocabulary/2477/index.html (+1ms) 
23:44:33   ├─ /vocabulary/2478/index.html (+1ms) 
23:44:33   ├─ /vocabulary/2479/index.html (+1ms) 
23:44:33   ├─ /vocabulary/2480/index.html (+1ms) 
23:44:33   ├─ /vocabulary/2481/index.html (+1ms) 
23:44:33   ├─ /vocabulary/2482/index.html (+1ms) 
23:44:33   ├─ /vocabulary/2483/index.html (+1ms) 
23:44:33   ├─ /vocabulary/2484/index.html (+1ms) 
23:44:33   ├─ /vocabulary/2485/index.html (+1ms) 
23:44:33   ├─ /vocabulary/2486/index.html (+1ms) 
23:44:33   ├─ /vocabulary/2487/index.html (+3ms) 
23:44:33   ├─ /vocabulary/2488/index.html (+2ms) 
23:44:33   ├─ /vocabulary/2489/index.html (+2ms) 
23:44:33   ├─ /vocabulary/2490/index.html (+1ms) 
23:44:33   ├─ /vocabulary/2491/index.html (+2ms) 
23:44:33   ├─ /vocabulary/2492/index.html (+1ms) 
23:44:33   ├─ /vocabulary/2493/index.html (+1ms) 
23:44:33   ├─ /vocabulary/2494/index.html (+1ms) 
23:44:33   ├─ /vocabulary/2495/index.html (+1ms) 
23:44:33   ├─ /vocabulary/2496/index.html (+1ms) 
23:44:33   ├─ /vocabulary/2497/index.html (+1ms) 
23:44:33   ├─ /vocabulary/2498/index.html (+1ms) 
23:44:33   ├─ /vocabulary/2499/index.html (+1ms) 
23:44:33   ├─ /vocabulary/2500/index.html (+1ms) 
23:44:33   ├─ /vocabulary/2501/index.html (+1ms) 
23:44:33   ├─ /vocabulary/2502/index.html (+1ms) 
23:44:33   ├─ /vocabulary/2503/index.html (+2ms) 
23:44:33   ├─ /vocabulary/2504/index.html (+1ms) 
23:44:33   ├─ /vocabulary/2505/index.html (+1ms) 
23:44:33   ├─ /vocabulary/2506/index.html (+1ms) 
23:44:33   ├─ /vocabulary/2507/index.html (+1ms) 
23:44:33   ├─ /vocabulary/2508/index.html (+1ms) 
23:44:33   ├─ /vocabulary/2509/index.html (+1ms) 
23:44:33   ├─ /vocabulary/2510/index.html (+1ms) 
23:44:33   ├─ /vocabulary/2511/index.html (+1ms) 
23:44:33   ├─ /vocabulary/2512/index.html (+1ms) 
23:44:33   ├─ /vocabulary/2513/index.html (+1ms) 
23:44:33   ├─ /vocabulary/2514/index.html (+1ms) 
23:44:33   ├─ /vocabulary/2515/index.html (+1ms) 
23:44:33   ├─ /vocabulary/2516/index.html (+1ms) 
23:44:33   ├─ /vocabulary/2517/index.html (+1ms) 
23:44:33   ├─ /vocabulary/2518/index.html (+1ms) 
23:44:33   ├─ /vocabulary/2519/index.html (+1ms) 
23:44:33   ├─ /vocabulary/2520/index.html (+1ms) 
23:44:33   ├─ /vocabulary/2521/index.html (+1ms) 
23:44:33   ├─ /vocabulary/2522/index.html (+1ms) 
23:44:33   ├─ /vocabulary/2523/index.html (+1ms) 
23:44:33   ├─ /vocabulary/2524/index.html (+1ms) 
23:44:33   ├─ /vocabulary/2525/index.html (+1ms) 
23:44:33   ├─ /vocabulary/2526/index.html (+1ms) 
23:44:33   ├─ /vocabulary/2527/index.html (+1ms) 
23:44:33   ├─ /vocabulary/2528/index.html (+1ms) 
23:44:33   ├─ /vocabulary/2529/index.html (+1ms) 
23:44:33   ├─ /vocabulary/2530/index.html (+1ms) 
23:44:33   ├─ /vocabulary/2531/index.html (+1ms) 
23:44:33   ├─ /vocabulary/2532/index.html (+1ms) 
23:44:33   ├─ /vocabulary/2533/index.html (+1ms) 
23:44:33   ├─ /vocabulary/2534/index.html (+1ms) 
23:44:33   ├─ /vocabulary/2535/index.html (+1ms) 
23:44:33   ├─ /vocabulary/2536/index.html (+3ms) 
23:44:33   ├─ /vocabulary/2537/index.html (+1ms) 
23:44:33   ├─ /vocabulary/2538/index.html (+1ms) 
23:44:33   ├─ /vocabulary/2539/index.html (+1ms) 
23:44:33   ├─ /vocabulary/2540/index.html (+1ms) 
23:44:33   ├─ /vocabulary/2541/index.html (+1ms) 
23:44:33   ├─ /vocabulary/2542/index.html (+1ms) 
23:44:33   ├─ /vocabulary/2543/index.html (+1ms) 
23:44:33   ├─ /vocabulary/2544/index.html (+2ms) 
23:44:33   ├─ /vocabulary/2545/index.html (+1ms) 
23:44:33   ├─ /vocabulary/2546/index.html (+1ms) 
23:44:33   ├─ /vocabulary/2547/index.html (+1ms) 
23:44:33   ├─ /vocabulary/2548/index.html (+1ms) 
23:44:33   ├─ /vocabulary/2549/index.html (+1ms) 
23:44:33   ├─ /vocabulary/2550/index.html (+1ms) 
23:44:33   ├─ /vocabulary/2551/index.html (+1ms) 
23:44:33   ├─ /vocabulary/2552/index.html (+1ms) 
23:44:33   ├─ /vocabulary/2553/index.html (+1ms) 
23:44:33   ├─ /vocabulary/2554/index.html (+1ms) 
23:44:33   ├─ /vocabulary/2555/index.html (+1ms) 
23:44:33   ├─ /vocabulary/2556/index.html (+1ms) 
23:44:33   ├─ /vocabulary/2557/index.html (+1ms) 
23:44:33   ├─ /vocabulary/2558/index.html (+3ms) 
23:44:33   ├─ /vocabulary/2559/index.html (+1ms) 
23:44:33   ├─ /vocabulary/2560/index.html (+1ms) 
23:44:33   ├─ /vocabulary/2561/index.html (+1ms) 
23:44:33   ├─ /vocabulary/2562/index.html (+1ms) 
23:44:33   ├─ /vocabulary/2563/index.html (+1ms) 
23:44:33   ├─ /vocabulary/2564/index.html (+1ms) 
23:44:33   ├─ /vocabulary/2565/index.html (+1ms) 
23:44:33   ├─ /vocabulary/2566/index.html (+1ms) 
23:44:33   ├─ /vocabulary/2567/index.html (+1ms) 
23:44:33   ├─ /vocabulary/2568/index.html (+1ms) 
23:44:33   ├─ /vocabulary/2569/index.html (+1ms) 
23:44:33   ├─ /vocabulary/2570/index.html (+1ms) 
23:44:33   ├─ /vocabulary/2571/index.html (+1ms) 
23:44:33   ├─ /vocabulary/2572/index.html (+1ms) 
23:44:33   ├─ /vocabulary/2573/index.html (+1ms) 
23:44:33   ├─ /vocabulary/2574/index.html (+1ms) 
23:44:33   ├─ /vocabulary/2575/index.html (+1ms) 
23:44:33   ├─ /vocabulary/2576/index.html (+1ms) 
23:44:33   ├─ /vocabulary/2577/index.html (+2ms) 
23:44:33   ├─ /vocabulary/2578/index.html (+2ms) 
23:44:33   ├─ /vocabulary/2579/index.html (+1ms) 
23:44:33   ├─ /vocabulary/2580/index.html (+1ms) 
23:44:33   ├─ /vocabulary/2581/index.html (+1ms) 
23:44:33   ├─ /vocabulary/2582/index.html (+1ms) 
23:44:33   ├─ /vocabulary/2583/index.html (+1ms) 
23:44:33   ├─ /vocabulary/2584/index.html (+1ms) 
23:44:33   ├─ /vocabulary/2585/index.html (+1ms) 
23:44:33   ├─ /vocabulary/2586/index.html (+1ms) 
23:44:33   ├─ /vocabulary/2587/index.html (+1ms) 
23:44:33   ├─ /vocabulary/2588/index.html (+1ms) 
23:44:33   ├─ /vocabulary/2589/index.html (+1ms) 
23:44:33   ├─ /vocabulary/2590/index.html (+1ms) 
23:44:33   ├─ /vocabulary/2591/index.html (+1ms) 
23:44:33   ├─ /vocabulary/2592/index.html (+1ms) 
23:44:33   ├─ /vocabulary/2593/index.html (+1ms) 
23:44:33   ├─ /vocabulary/2594/index.html (+1ms) 
23:44:33   ├─ /vocabulary/2595/index.html (+1ms) 
23:44:33   ├─ /vocabulary/2596/index.html (+1ms) 
23:44:33   ├─ /vocabulary/2597/index.html (+1ms) 
23:44:33   ├─ /vocabulary/2598/index.html (+2ms) 
23:44:33   ├─ /vocabulary/2599/index.html (+1ms) 
23:44:33   ├─ /vocabulary/2600/index.html (+1ms) 
23:44:33   ├─ /vocabulary/2601/index.html (+1ms) 
23:44:33   ├─ /vocabulary/2602/index.html (+1ms) 
23:44:33   ├─ /vocabulary/2603/index.html (+1ms) 
23:44:33   ├─ /vocabulary/2604/index.html (+1ms) 
23:44:33   ├─ /vocabulary/2605/index.html (+1ms) 
23:44:33   ├─ /vocabulary/2606/index.html (+1ms) 
23:44:33   ├─ /vocabulary/2607/index.html (+1ms) 
23:44:33   ├─ /vocabulary/2608/index.html (+1ms) 
23:44:33   ├─ /vocabulary/2609/index.html (+1ms) 
23:44:33   ├─ /vocabulary/2610/index.html (+1ms) 
23:44:33   ├─ /vocabulary/2611/index.html (+1ms) 
23:44:33   ├─ /vocabulary/2612/index.html (+1ms) 
23:44:33   ├─ /vocabulary/2613/index.html (+1ms) 
23:44:33   ├─ /vocabulary/2614/index.html (+1ms) 
23:44:33   ├─ /vocabulary/2615/index.html (+1ms) 
23:44:33   ├─ /vocabulary/2616/index.html (+1ms) 
23:44:33   ├─ /vocabulary/2617/index.html (+1ms) 
23:44:33   ├─ /vocabulary/2618/index.html (+1ms) 
23:44:33   ├─ /vocabulary/2619/index.html (+1ms) 
23:44:33   ├─ /vocabulary/2620/index.html (+1ms) 
23:44:33   ├─ /vocabulary/2621/index.html (+1ms) 
23:44:33   ├─ /vocabulary/2622/index.html (+1ms) 
23:44:33   ├─ /vocabulary/2623/index.html (+1ms) 
23:44:33   ├─ /vocabulary/2624/index.html (+1ms) 
23:44:33   ├─ /vocabulary/2625/index.html (+1ms) 
23:44:33   ├─ /vocabulary/2626/index.html (+1ms) 
23:44:33   ├─ /vocabulary/2627/index.html (+1ms) 
23:44:33   ├─ /vocabulary/2628/index.html (+1ms) 
23:44:33   ├─ /vocabulary/2629/index.html (+1ms) 
23:44:33   ├─ /vocabulary/2630/index.html (+1ms) 
23:44:33   ├─ /vocabulary/2631/index.html (+1ms) 
23:44:33   ├─ /vocabulary/2632/index.html (+1ms) 
23:44:33   ├─ /vocabulary/2633/index.html (+1ms) 
23:44:33   ├─ /vocabulary/2634/index.html (+1ms) 
23:44:33   ├─ /vocabulary/2635/index.html (+1ms) 
23:44:33   ├─ /vocabulary/2636/index.html (+1ms) 
23:44:33   ├─ /vocabulary/2637/index.html (+1ms) 
23:44:33   ├─ /vocabulary/2638/index.html (+1ms) 
23:44:33   ├─ /vocabulary/2639/index.html (+1ms) 
23:44:33   ├─ /vocabulary/2640/index.html (+1ms) 
23:44:33   ├─ /vocabulary/2641/index.html (+1ms) 
23:44:33   ├─ /vocabulary/2642/index.html (+1ms) 
23:44:33   ├─ /vocabulary/2643/index.html (+1ms) 
23:44:33   ├─ /vocabulary/2644/index.html (+1ms) 
23:44:33   ├─ /vocabulary/2645/index.html (+1ms) 
23:44:33   ├─ /vocabulary/2646/index.html (+1ms) 
23:44:33   ├─ /vocabulary/2647/index.html (+1ms) 
23:44:33   ├─ /vocabulary/2648/index.html (+1ms) 
23:44:33   ├─ /vocabulary/2649/index.html (+1ms) 
23:44:33   ├─ /vocabulary/2650/index.html (+1ms) 
23:44:33   ├─ /vocabulary/2651/index.html (+1ms) 
23:44:33   ├─ /vocabulary/2652/index.html (+1ms) 
23:44:33   ├─ /vocabulary/2653/index.html (+1ms) 
23:44:33   ├─ /vocabulary/2654/index.html (+1ms) 
23:44:33   ├─ /vocabulary/2655/index.html (+1ms) 
23:44:33   ├─ /vocabulary/2656/index.html (+1ms) 
23:44:33   ├─ /vocabulary/2657/index.html (+1ms) 
23:44:33   ├─ /vocabulary/2658/index.html (+1ms) 
23:44:33   ├─ /vocabulary/2659/index.html (+1ms) 
23:44:33   ├─ /vocabulary/2660/index.html (+1ms) 
23:44:33   ├─ /vocabulary/2661/index.html (+1ms) 
23:44:33   ├─ /vocabulary/2662/index.html (+1ms) 
23:44:33   ├─ /vocabulary/2663/index.html (+1ms) 
23:44:33   ├─ /vocabulary/2664/index.html (+1ms) 
23:44:33   ├─ /vocabulary/2665/index.html (+1ms) 
23:44:33   ├─ /vocabulary/2666/index.html (+1ms) 
23:44:33   ├─ /vocabulary/2667/index.html (+1ms) 
23:44:33   ├─ /vocabulary/2668/index.html (+1ms) 
23:44:33   ├─ /vocabulary/2669/index.html (+1ms) 
23:44:33   ├─ /vocabulary/2670/index.html (+1ms) 
23:44:33   ├─ /vocabulary/2671/index.html (+1ms) 
23:44:33   ├─ /vocabulary/2672/index.html (+1ms) 
23:44:33   ├─ /vocabulary/2673/index.html (+3ms) 
23:44:33   ├─ /vocabulary/2674/index.html (+1ms) 
23:44:33   ├─ /vocabulary/2675/index.html (+1ms) 
23:44:33   ├─ /vocabulary/2676/index.html (+1ms) 
23:44:33   ├─ /vocabulary/2677/index.html (+1ms) 
23:44:33   ├─ /vocabulary/2678/index.html (+2ms) 
23:44:33   ├─ /vocabulary/2679/index.html (+1ms) 
23:44:33   ├─ /vocabulary/2680/index.html (+1ms) 
23:44:33   ├─ /vocabulary/2681/index.html (+1ms) 
23:44:33   ├─ /vocabulary/2682/index.html (+1ms) 
23:44:33   ├─ /vocabulary/2683/index.html (+1ms) 
23:44:33   ├─ /vocabulary/2684/index.html (+1ms) 
23:44:33   ├─ /vocabulary/2685/index.html (+1ms) 
23:44:33   ├─ /vocabulary/2686/index.html (+1ms) 
23:44:33   ├─ /vocabulary/2687/index.html (+1ms) 
23:44:33   ├─ /vocabulary/2688/index.html (+3ms) 
23:44:33   ├─ /vocabulary/2689/index.html (+1ms) 
23:44:33   ├─ /vocabulary/2690/index.html (+1ms) 
23:44:33   ├─ /vocabulary/2691/index.html (+1ms) 
23:44:33   ├─ /vocabulary/2692/index.html (+1ms) 
23:44:33   ├─ /vocabulary/2693/index.html (+1ms) 
23:44:33   ├─ /vocabulary/2694/index.html (+1ms) 
23:44:33   ├─ /vocabulary/2695/index.html (+1ms) 
23:44:33   ├─ /vocabulary/2696/index.html (+1ms) 
23:44:33   ├─ /vocabulary/2697/index.html (+1ms) 
23:44:33   ├─ /vocabulary/2698/index.html (+1ms) 
23:44:33   ├─ /vocabulary/2699/index.html (+1ms) 
23:44:33   ├─ /vocabulary/2700/index.html (+1ms) 
23:44:33   ├─ /vocabulary/2701/index.html (+1ms) 
23:44:33   ├─ /vocabulary/2702/index.html (+1ms) 
23:44:33   ├─ /vocabulary/2703/index.html (+1ms) 
23:44:33   ├─ /vocabulary/2704/index.html (+1ms) 
23:44:33   ├─ /vocabulary/2705/index.html (+1ms) 
23:44:33   ├─ /vocabulary/2706/index.html (+1ms) 
23:44:33   ├─ /vocabulary/2707/index.html (+1ms) 
23:44:33   ├─ /vocabulary/2708/index.html (+1ms) 
23:44:33   ├─ /vocabulary/2709/index.html (+1ms) 
23:44:33   ├─ /vocabulary/2710/index.html (+1ms) 
23:44:33   ├─ /vocabulary/2711/index.html (+1ms) 
23:44:33   ├─ /vocabulary/2712/index.html (+1ms) 
23:44:33   ├─ /vocabulary/2713/index.html (+1ms) 
23:44:33   ├─ /vocabulary/2714/index.html (+1ms) 
23:44:33   ├─ /vocabulary/2715/index.html (+1ms) 
23:44:33   ├─ /vocabulary/2716/index.html (+1ms) 
23:44:33   ├─ /vocabulary/2717/index.html (+1ms) 
23:44:33   ├─ /vocabulary/2718/index.html (+1ms) 
23:44:33   ├─ /vocabulary/2719/index.html (+1ms) 
23:44:33   ├─ /vocabulary/2720/index.html (+1ms) 
23:44:33   ├─ /vocabulary/2721/index.html (+1ms) 
23:44:33   ├─ /vocabulary/2722/index.html (+1ms) 
23:44:33   ├─ /vocabulary/2723/index.html (+1ms) 
23:44:33   ├─ /vocabulary/2724/index.html (+1ms) 
23:44:33   ├─ /vocabulary/2725/index.html (+1ms) 
23:44:33   ├─ /vocabulary/2726/index.html (+1ms) 
23:44:33   ├─ /vocabulary/2727/index.html (+1ms) 
23:44:33   ├─ /vocabulary/2728/index.html (+1ms) 
23:44:33   ├─ /vocabulary/2729/index.html (+1ms) 
23:44:33   ├─ /vocabulary/2730/index.html (+1ms) 
23:44:33   ├─ /vocabulary/2731/index.html (+1ms) 
23:44:33   ├─ /vocabulary/2732/index.html (+1ms) 
23:44:33   ├─ /vocabulary/2733/index.html (+1ms) 
23:44:33   ├─ /vocabulary/2734/index.html (+1ms) 
23:44:33   ├─ /vocabulary/2735/index.html (+1ms) 
23:44:33   ├─ /vocabulary/2736/index.html (+1ms) 
23:44:33   ├─ /vocabulary/2737/index.html (+1ms) 
23:44:33   ├─ /vocabulary/2738/index.html (+1ms) 
23:44:33   ├─ /vocabulary/2739/index.html (+1ms) 
23:44:33   ├─ /vocabulary/2740/index.html (+1ms) 
23:44:33   ├─ /vocabulary/2741/index.html (+1ms) 
23:44:33   ├─ /vocabulary/2742/index.html (+1ms) 
23:44:33   ├─ /vocabulary/2743/index.html (+1ms) 
23:44:33   ├─ /vocabulary/2744/index.html (+1ms) 
23:44:33   ├─ /vocabulary/2745/index.html (+1ms) 
23:44:33   ├─ /vocabulary/2746/index.html (+1ms) 
23:44:33   ├─ /vocabulary/2747/index.html (+1ms) 
23:44:33   ├─ /vocabulary/2748/index.html (+1ms) 
23:44:33   ├─ /vocabulary/2749/index.html (+1ms) 
23:44:33   ├─ /vocabulary/2750/index.html (+1ms) 
23:44:33   ├─ /vocabulary/2751/index.html (+1ms) 
23:44:33   ├─ /vocabulary/2752/index.html (+1ms) 
23:44:33   ├─ /vocabulary/2753/index.html (+1ms) 
23:44:33   ├─ /vocabulary/2754/index.html (+1ms) 
23:44:33   ├─ /vocabulary/2755/index.html (+1ms) 
23:44:33   ├─ /vocabulary/2756/index.html (+1ms) 
23:44:33   ├─ /vocabulary/2757/index.html (+1ms) 
23:44:33   ├─ /vocabulary/2758/index.html (+1ms) 
23:44:33   ├─ /vocabulary/2759/index.html (+1ms) 
23:44:33   ├─ /vocabulary/2760/index.html (+1ms) 
23:44:33   ├─ /vocabulary/2761/index.html (+1ms) 
23:44:33   ├─ /vocabulary/2762/index.html (+1ms) 
23:44:33   ├─ /vocabulary/2763/index.html (+1ms) 
23:44:33   ├─ /vocabulary/2764/index.html (+1ms) 
23:44:33   ├─ /vocabulary/2765/index.html (+1ms) 
23:44:33   ├─ /vocabulary/2766/index.html (+1ms) 
23:44:33   ├─ /vocabulary/2767/index.html (+1ms) 
23:44:33   ├─ /vocabulary/2768/index.html (+1ms) 
23:44:33   ├─ /vocabulary/2769/index.html (+1ms) 
23:44:33   ├─ /vocabulary/2770/index.html (+1ms) 
23:44:33   ├─ /vocabulary/2771/index.html (+1ms) 
23:44:33   ├─ /vocabulary/2772/index.html (+1ms) 
23:44:33   ├─ /vocabulary/2773/index.html (+1ms) 
23:44:33   ├─ /vocabulary/2774/index.html (+1ms) 
23:44:33   ├─ /vocabulary/2775/index.html (+1ms) 
23:44:33   ├─ /vocabulary/2776/index.html (+1ms) 
23:44:33   ├─ /vocabulary/2777/index.html (+1ms) 
23:44:33   ├─ /vocabulary/2778/index.html (+1ms) 
23:44:33   ├─ /vocabulary/2779/index.html (+1ms) 
23:44:33   ├─ /vocabulary/2780/index.html (+1ms) 
23:44:33   ├─ /vocabulary/2781/index.html (+1ms) 
23:44:33   ├─ /vocabulary/2782/index.html (+1ms) 
23:44:33   ├─ /vocabulary/2783/index.html (+2ms) 
23:44:33   ├─ /vocabulary/2784/index.html (+1ms) 
23:44:33   ├─ /vocabulary/2785/index.html (+1ms) 
23:44:33   ├─ /vocabulary/2786/index.html (+1ms) 
23:44:33   ├─ /vocabulary/2787/index.html (+1ms) 
23:44:33   ├─ /vocabulary/2788/index.html (+1ms) 
23:44:33   ├─ /vocabulary/2789/index.html (+1ms) 
23:44:33   ├─ /vocabulary/2790/index.html (+1ms) 
23:44:33   ├─ /vocabulary/2791/index.html (+1ms) 
23:44:33   ├─ /vocabulary/2792/index.html (+1ms) 
23:44:33   ├─ /vocabulary/2793/index.html (+1ms) 
23:44:33   ├─ /vocabulary/2794/index.html (+1ms) 
23:44:33   ├─ /vocabulary/2795/index.html (+1ms) 
23:44:33   ├─ /vocabulary/2796/index.html (+1ms) 
23:44:33   ├─ /vocabulary/2797/index.html (+1ms) 
23:44:33   ├─ /vocabulary/2798/index.html (+1ms) 
23:44:33   ├─ /vocabulary/2799/index.html (+2ms) 
23:44:33   ├─ /vocabulary/2800/index.html (+1ms) 
23:44:33   ├─ /vocabulary/2801/index.html (+1ms) 
23:44:33   ├─ /vocabulary/2802/index.html (+1ms) 
23:44:33   ├─ /vocabulary/2803/index.html (+1ms) 
23:44:33   ├─ /vocabulary/2804/index.html (+1ms) 
23:44:33   ├─ /vocabulary/2805/index.html (+1ms) 
23:44:33   ├─ /vocabulary/2806/index.html (+1ms) 
23:44:33   ├─ /vocabulary/2807/index.html (+1ms) 
23:44:33   ├─ /vocabulary/2808/index.html (+1ms) 
23:44:33   ├─ /vocabulary/2809/index.html (+1ms) 
23:44:33   ├─ /vocabulary/2810/index.html (+1ms) 
23:44:33   ├─ /vocabulary/2811/index.html (+1ms) 
23:44:33   ├─ /vocabulary/2812/index.html (+1ms) 
23:44:33   ├─ /vocabulary/2813/index.html (+1ms) 
23:44:33   ├─ /vocabulary/2814/index.html (+1ms) 
23:44:33   ├─ /vocabulary/2815/index.html (+1ms) 
23:44:33   ├─ /vocabulary/2816/index.html (+1ms) 
23:44:33   ├─ /vocabulary/2817/index.html (+1ms) 
23:44:33   ├─ /vocabulary/2818/index.html (+1ms) 
23:44:33   ├─ /vocabulary/2819/index.html (+1ms) 
23:44:33   ├─ /vocabulary/2820/index.html (+1ms) 
23:44:33   ├─ /vocabulary/2821/index.html (+1ms) 
23:44:33   ├─ /vocabulary/2822/index.html (+1ms) 
23:44:33   ├─ /vocabulary/2823/index.html (+1ms) 
23:44:33   ├─ /vocabulary/2824/index.html (+1ms) 
23:44:33   ├─ /vocabulary/2825/index.html (+1ms) 
23:44:33   ├─ /vocabulary/2826/index.html (+1ms) 
23:44:33   ├─ /vocabulary/2827/index.html (+1ms) 
23:44:33   ├─ /vocabulary/2828/index.html (+1ms) 
23:44:33   ├─ /vocabulary/2829/index.html (+1ms) 
23:44:33   ├─ /vocabulary/2830/index.html (+1ms) 
23:44:33   ├─ /vocabulary/2831/index.html (+1ms) 
23:44:33   ├─ /vocabulary/2832/index.html (+1ms) 
23:44:33   ├─ /vocabulary/2833/index.html (+1ms) 
23:44:33   ├─ /vocabulary/2834/index.html (+1ms) 
23:44:33   ├─ /vocabulary/2835/index.html (+3ms) 
23:44:33   ├─ /vocabulary/2836/index.html (+1ms) 
23:44:33   ├─ /vocabulary/2837/index.html (+1ms) 
23:44:33   ├─ /vocabulary/2838/index.html (+1ms) 
23:44:33   ├─ /vocabulary/2839/index.html (+1ms) 
23:44:33   ├─ /vocabulary/2840/index.html (+1ms) 
23:44:33   ├─ /vocabulary/2841/index.html (+1ms) 
23:44:33   ├─ /vocabulary/2842/index.html (+1ms) 
23:44:33   ├─ /vocabulary/2843/index.html (+1ms) 
23:44:33   ├─ /vocabulary/2844/index.html (+1ms) 
23:44:33   ├─ /vocabulary/2845/index.html (+1ms) 
23:44:33   ├─ /vocabulary/2846/index.html (+1ms) 
23:44:33   ├─ /vocabulary/2847/index.html (+1ms) 
23:44:33   ├─ /vocabulary/2848/index.html (+1ms) 
23:44:33   ├─ /vocabulary/2849/index.html (+1ms) 
23:44:33   ├─ /vocabulary/2850/index.html (+1ms) 
23:44:33   ├─ /vocabulary/2851/index.html (+1ms) 
23:44:33   ├─ /vocabulary/2852/index.html (+1ms) 
23:44:33   ├─ /vocabulary/2853/index.html (+1ms) 
23:44:33   ├─ /vocabulary/2854/index.html (+1ms) 
23:44:33   ├─ /vocabulary/2855/index.html (+1ms) 
23:44:33   ├─ /vocabulary/2856/index.html (+1ms) 
23:44:33   ├─ /vocabulary/2857/index.html (+1ms) 
23:44:33   ├─ /vocabulary/2858/index.html (+1ms) 
23:44:33   ├─ /vocabulary/2859/index.html (+1ms) 
23:44:33   ├─ /vocabulary/2860/index.html (+1ms) 
23:44:33   ├─ /vocabulary/2861/index.html (+1ms) 
23:44:33   ├─ /vocabulary/2862/index.html (+1ms) 
23:44:33   ├─ /vocabulary/2863/index.html (+1ms) 
23:44:33   ├─ /vocabulary/2864/index.html (+1ms) 
23:44:33   ├─ /vocabulary/2865/index.html (+1ms) 
23:44:33   ├─ /vocabulary/2866/index.html (+1ms) 
23:44:33   ├─ /vocabulary/2867/index.html (+1ms) 
23:44:33   ├─ /vocabulary/2868/index.html (+1ms) 
23:44:33   ├─ /vocabulary/2869/index.html (+1ms) 
23:44:33   ├─ /vocabulary/2870/index.html (+1ms) 
23:44:33   ├─ /vocabulary/2871/index.html (+1ms) 
23:44:33   ├─ /vocabulary/2872/index.html (+1ms) 
23:44:33   ├─ /vocabulary/2873/index.html (+1ms) 
23:44:33   ├─ /vocabulary/2874/index.html (+1ms) 
23:44:33   ├─ /vocabulary/2875/index.html (+1ms) 
23:44:33   ├─ /vocabulary/2876/index.html (+1ms) 
23:44:33   ├─ /vocabulary/2877/index.html (+1ms) 
23:44:33   ├─ /vocabulary/2878/index.html (+1ms) 
23:44:33   ├─ /vocabulary/2879/index.html (+1ms) 
23:44:33   ├─ /vocabulary/2880/index.html (+1ms) 
23:44:33   ├─ /vocabulary/2881/index.html (+1ms) 
23:44:33   ├─ /vocabulary/2882/index.html (+1ms) 
23:44:33   ├─ /vocabulary/2883/index.html (+1ms) 
23:44:33   ├─ /vocabulary/2884/index.html (+1ms) 
23:44:33   ├─ /vocabulary/2885/index.html (+1ms) 
23:44:33   ├─ /vocabulary/2886/index.html (+1ms) 
23:44:33   ├─ /vocabulary/2887/index.html (+1ms) 
23:44:33   ├─ /vocabulary/2888/index.html (+1ms) 
23:44:33   ├─ /vocabulary/2889/index.html (+1ms) 
23:44:33   ├─ /vocabulary/2890/index.html (+1ms) 
23:44:33   ├─ /vocabulary/2891/index.html (+1ms) 
23:44:33   ├─ /vocabulary/2892/index.html (+1ms) 
23:44:33   ├─ /vocabulary/2893/index.html (+1ms) 
23:44:33   ├─ /vocabulary/2894/index.html (+1ms) 
23:44:33   ├─ /vocabulary/2895/index.html (+1ms) 
23:44:33   ├─ /vocabulary/2896/index.html (+1ms) 
23:44:33   ├─ /vocabulary/2897/index.html (+1ms) 
23:44:33   ├─ /vocabulary/2898/index.html (+1ms) 
23:44:33   ├─ /vocabulary/2899/index.html (+1ms) 
23:44:33   ├─ /vocabulary/2900/index.html (+1ms) 
23:44:33   ├─ /vocabulary/2901/index.html (+1ms) 
23:44:33   ├─ /vocabulary/2902/index.html (+1ms) 
23:44:33   ├─ /vocabulary/2903/index.html (+1ms) 
23:44:33   ├─ /vocabulary/2904/index.html (+1ms) 
23:44:33   ├─ /vocabulary/2905/index.html (+1ms) 
23:44:33   ├─ /vocabulary/2906/index.html (+1ms) 
23:44:33   ├─ /vocabulary/2907/index.html (+1ms) 
23:44:33   ├─ /vocabulary/2908/index.html (+1ms) 
23:44:33   ├─ /vocabulary/2909/index.html (+1ms) 
23:44:33   ├─ /vocabulary/2910/index.html (+1ms) 
23:44:33   ├─ /vocabulary/2911/index.html (+1ms) 
23:44:33   ├─ /vocabulary/2912/index.html (+1ms) 
23:44:33   ├─ /vocabulary/2913/index.html (+1ms) 
23:44:33   ├─ /vocabulary/2914/index.html (+1ms) 
23:44:33   ├─ /vocabulary/2915/index.html (+1ms) 
23:44:33   ├─ /vocabulary/2916/index.html (+1ms) 
23:44:33   ├─ /vocabulary/2917/index.html (+1ms) 
23:44:33   ├─ /vocabulary/2918/index.html (+1ms) 
23:44:33   ├─ /vocabulary/2919/index.html (+2ms) 
23:44:33   ├─ /vocabulary/2920/index.html (+1ms) 
23:44:33   ├─ /vocabulary/2921/index.html (+1ms) 
23:44:33   ├─ /vocabulary/2922/index.html (+1ms) 
23:44:33   ├─ /vocabulary/2923/index.html (+1ms) 
23:44:33   ├─ /vocabulary/2924/index.html (+1ms) 
23:44:33   ├─ /vocabulary/2925/index.html (+1ms) 
23:44:33   ├─ /vocabulary/2926/index.html (+1ms) 
23:44:33   ├─ /vocabulary/2927/index.html (+1ms) 
23:44:33   ├─ /vocabulary/2928/index.html (+4ms) 
23:44:33   ├─ /vocabulary/2929/index.html (+1ms) 
23:44:33   ├─ /vocabulary/2930/index.html (+1ms) 
23:44:33   ├─ /vocabulary/2931/index.html (+1ms) 
23:44:33   ├─ /vocabulary/2932/index.html (+1ms) 
23:44:33   ├─ /vocabulary/2933/index.html (+1ms) 
23:44:33   ├─ /vocabulary/2934/index.html (+1ms) 
23:44:33   ├─ /vocabulary/2935/index.html (+2ms) 
23:44:33   ├─ /vocabulary/2936/index.html (+1ms) 
23:44:33   ├─ /vocabulary/2937/index.html (+1ms) 
23:44:33   ├─ /vocabulary/2938/index.html (+1ms) 
23:44:33   ├─ /vocabulary/2939/index.html (+1ms) 
23:44:33   ├─ /vocabulary/2940/index.html (+1ms) 
23:44:33   ├─ /vocabulary/2941/index.html (+1ms) 
23:44:33   ├─ /vocabulary/2942/index.html (+1ms) 
23:44:33   ├─ /vocabulary/2943/index.html (+1ms) 
23:44:33   ├─ /vocabulary/2944/index.html (+1ms) 
23:44:33   ├─ /vocabulary/2945/index.html (+1ms) 
23:44:33   ├─ /vocabulary/2946/index.html (+1ms) 
23:44:33   ├─ /vocabulary/2947/index.html (+1ms) 
23:44:33   ├─ /vocabulary/2948/index.html (+1ms) 
23:44:33   ├─ /vocabulary/2949/index.html (+1ms) 
23:44:33   ├─ /vocabulary/2950/index.html (+1ms) 
23:44:33   ├─ /vocabulary/2951/index.html (+1ms) 
23:44:33   ├─ /vocabulary/2952/index.html (+1ms) 
23:44:33   ├─ /vocabulary/2953/index.html (+1ms) 
23:44:33   ├─ /vocabulary/2954/index.html (+1ms) 
23:44:33   ├─ /vocabulary/2955/index.html (+1ms) 
23:44:33   ├─ /vocabulary/2956/index.html (+1ms) 
23:44:33   ├─ /vocabulary/2957/index.html (+1ms) 
23:44:33   ├─ /vocabulary/2958/index.html (+1ms) 
23:44:33   ├─ /vocabulary/2959/index.html (+1ms) 
23:44:33   ├─ /vocabulary/2960/index.html (+1ms) 
23:44:33   ├─ /vocabulary/2961/index.html (+1ms) 
23:44:33   ├─ /vocabulary/2962/index.html (+1ms) 
23:44:33   ├─ /vocabulary/2963/index.html (+1ms) 
23:44:33   ├─ /vocabulary/2964/index.html (+1ms) 
23:44:33   ├─ /vocabulary/2965/index.html (+1ms) 
23:44:33   ├─ /vocabulary/2966/index.html (+1ms) 
23:44:33   ├─ /vocabulary/2967/index.html (+1ms) 
23:44:33   ├─ /vocabulary/2968/index.html (+1ms) 
23:44:33   ├─ /vocabulary/2969/index.html (+2ms) 
23:44:33   ├─ /vocabulary/2970/index.html (+1ms) 
23:44:33   ├─ /vocabulary/2971/index.html (+1ms) 
23:44:33   ├─ /vocabulary/2972/index.html (+1ms) 
23:44:33   ├─ /vocabulary/2973/index.html (+1ms) 
23:44:33   ├─ /vocabulary/2974/index.html (+1ms) 
23:44:33   ├─ /vocabulary/2975/index.html (+1ms) 
23:44:33   ├─ /vocabulary/2976/index.html (+1ms) 
23:44:33   ├─ /vocabulary/2977/index.html (+1ms) 
23:44:33   ├─ /vocabulary/2978/index.html (+1ms) 
23:44:33   ├─ /vocabulary/2979/index.html (+1ms) 
23:44:33   ├─ /vocabulary/2980/index.html (+1ms) 
23:44:33   ├─ /vocabulary/2981/index.html (+1ms) 
23:44:33   ├─ /vocabulary/2982/index.html (+1ms) 
23:44:33   ├─ /vocabulary/2983/index.html (+1ms) 
23:44:33   ├─ /vocabulary/2984/index.html (+3ms) 
23:44:33   ├─ /vocabulary/2985/index.html (+1ms) 
23:44:33   ├─ /vocabulary/2986/index.html (+1ms) 
23:44:33   ├─ /vocabulary/2987/index.html (+1ms) 
23:44:33   ├─ /vocabulary/2988/index.html (+1ms) 
23:44:33   ├─ /vocabulary/2989/index.html (+1ms) 
23:44:33   ├─ /vocabulary/2990/index.html (+1ms) 
23:44:33   ├─ /vocabulary/2991/index.html (+1ms) 
23:44:33   ├─ /vocabulary/2992/index.html (+1ms) 
23:44:33   ├─ /vocabulary/2993/index.html (+1ms) 
23:44:33   ├─ /vocabulary/2994/index.html (+1ms) 
23:44:33   ├─ /vocabulary/2995/index.html (+1ms) 
23:44:33   ├─ /vocabulary/2996/index.html (+1ms) 
23:44:33   ├─ /vocabulary/2997/index.html (+1ms) 
23:44:33   ├─ /vocabulary/2998/index.html (+1ms) 
23:44:33   ├─ /vocabulary/2999/index.html (+1ms) 
23:44:33   ├─ /vocabulary/3000/index.html (+1ms) 
23:44:33   ├─ /vocabulary/3001/index.html (+1ms) 
23:44:33   ├─ /vocabulary/3002/index.html (+1ms) 
23:44:33   ├─ /vocabulary/3003/index.html (+1ms) 
23:44:33   ├─ /vocabulary/3004/index.html (+1ms) 
23:44:33   ├─ /vocabulary/3005/index.html (+1ms) 
23:44:33   ├─ /vocabulary/3006/index.html (+1ms) 
23:44:33   ├─ /vocabulary/3007/index.html (+1ms) 
23:44:33   ├─ /vocabulary/3008/index.html (+1ms) 
23:44:33   ├─ /vocabulary/3009/index.html (+1ms) 
23:44:33   ├─ /vocabulary/3010/index.html (+1ms) 
23:44:33   ├─ /vocabulary/3011/index.html (+1ms) 
23:44:33   ├─ /vocabulary/3012/index.html (+1ms) 
23:44:33   ├─ /vocabulary/3013/index.html (+1ms) 
23:44:33   ├─ /vocabulary/3014/index.html (+1ms) 
23:44:33   ├─ /vocabulary/3015/index.html (+1ms) 
23:44:33   ├─ /vocabulary/3016/index.html (+1ms) 
23:44:33   ├─ /vocabulary/3017/index.html (+1ms) 
23:44:33   ├─ /vocabulary/3018/index.html (+2ms) 
23:44:33   ├─ /vocabulary/3019/index.html (+1ms) 
23:44:33   ├─ /vocabulary/3020/index.html (+1ms) 
23:44:33   ├─ /vocabulary/3021/index.html (+1ms) 
23:44:33   ├─ /vocabulary/3022/index.html (+1ms) 
23:44:33   ├─ /vocabulary/3023/index.html (+1ms) 
23:44:33   ├─ /vocabulary/3024/index.html (+1ms) 
23:44:33   ├─ /vocabulary/3025/index.html (+1ms) 
23:44:33   ├─ /vocabulary/3026/index.html (+1ms) 
23:44:33   ├─ /vocabulary/3027/index.html (+1ms) 
23:44:33   ├─ /vocabulary/3028/index.html (+1ms) 
23:44:33   ├─ /vocabulary/3029/index.html (+1ms) 
23:44:33   ├─ /vocabulary/3030/index.html (+1ms) 
23:44:33   ├─ /vocabulary/3031/index.html (+1ms) 
23:44:33   ├─ /vocabulary/3032/index.html (+1ms) 
23:44:33   ├─ /vocabulary/3033/index.html (+1ms) 
23:44:33   ├─ /vocabulary/3034/index.html (+1ms) 
23:44:33   ├─ /vocabulary/3035/index.html (+1ms) 
23:44:33   ├─ /vocabulary/3036/index.html (+1ms) 
23:44:33   ├─ /vocabulary/3037/index.html (+1ms) 
23:44:33   ├─ /vocabulary/3038/index.html (+1ms) 
23:44:33   ├─ /vocabulary/3039/index.html (+1ms) 
23:44:33   ├─ /vocabulary/3040/index.html (+1ms) 
23:44:33   ├─ /vocabulary/3041/index.html (+1ms) 
23:44:33   ├─ /vocabulary/3042/index.html (+1ms) 
23:44:33   ├─ /vocabulary/3043/index.html (+1ms) 
23:44:33   ├─ /vocabulary/3044/index.html (+1ms) 
23:44:33   ├─ /vocabulary/3045/index.html (+1ms) 
23:44:33   ├─ /vocabulary/3046/index.html (+1ms) 
23:44:33   ├─ /vocabulary/3047/index.html (+1ms) 
23:44:33   ├─ /vocabulary/3048/index.html (+1ms) 
23:44:33   ├─ /vocabulary/3049/index.html (+1ms) 
23:44:33   ├─ /vocabulary/3050/index.html (+1ms) 
23:44:33   ├─ /vocabulary/3051/index.html (+1ms) 
23:44:33   ├─ /vocabulary/3052/index.html (+1ms) 
23:44:33   ├─ /vocabulary/3053/index.html (+1ms) 
23:44:33   ├─ /vocabulary/3054/index.html (+1ms) 
23:44:33   ├─ /vocabulary/3055/index.html (+1ms) 
23:44:33   ├─ /vocabulary/3056/index.html (+1ms) 
23:44:33   ├─ /vocabulary/3057/index.html (+1ms) 
23:44:33   ├─ /vocabulary/3058/index.html (+1ms) 
23:44:33   ├─ /vocabulary/3059/index.html (+1ms) 
23:44:33   ├─ /vocabulary/3060/index.html (+1ms) 
23:44:33   ├─ /vocabulary/3061/index.html (+1ms) 
23:44:33   ├─ /vocabulary/3062/index.html (+1ms) 
23:44:33   ├─ /vocabulary/3063/index.html (+1ms) 
23:44:33   ├─ /vocabulary/3064/index.html (+1ms) 
23:44:33   ├─ /vocabulary/3065/index.html (+1ms) 
23:44:33   ├─ /vocabulary/3066/index.html (+1ms) 
23:44:33   ├─ /vocabulary/3067/index.html (+1ms) 
23:44:33   ├─ /vocabulary/3068/index.html (+1ms) 
23:44:33   ├─ /vocabulary/3069/index.html (+1ms) 
23:44:33   ├─ /vocabulary/3070/index.html (+1ms) 
23:44:33   ├─ /vocabulary/3071/index.html (+1ms) 
23:44:33   ├─ /vocabulary/3072/index.html (+1ms) 
23:44:33   ├─ /vocabulary/3073/index.html (+1ms) 
23:44:33   ├─ /vocabulary/3074/index.html (+1ms) 
23:44:33   ├─ /vocabulary/3075/index.html (+1ms) 
23:44:33   ├─ /vocabulary/3076/index.html (+1ms) 
23:44:33   ├─ /vocabulary/3077/index.html (+1ms) 
23:44:33   ├─ /vocabulary/3078/index.html (+1ms) 
23:44:33   ├─ /vocabulary/3079/index.html (+1ms) 
23:44:33   ├─ /vocabulary/3080/index.html (+1ms) 
23:44:33   ├─ /vocabulary/3081/index.html (+1ms) 
23:44:33   ├─ /vocabulary/3082/index.html (+1ms) 
23:44:33   ├─ /vocabulary/3083/index.html (+1ms) 
23:44:33   ├─ /vocabulary/3084/index.html (+1ms) 
23:44:33   ├─ /vocabulary/3085/index.html (+1ms) 
23:44:33   ├─ /vocabulary/3086/index.html (+1ms) 
23:44:33   ├─ /vocabulary/3087/index.html (+1ms) 
23:44:33   ├─ /vocabulary/3088/index.html (+1ms) 
23:44:33   ├─ /vocabulary/3089/index.html (+1ms) 
23:44:33   ├─ /vocabulary/3090/index.html (+1ms) 
23:44:33   ├─ /vocabulary/3091/index.html (+1ms) 
23:44:33   ├─ /vocabulary/3092/index.html (+1ms) 
23:44:33   ├─ /vocabulary/3093/index.html (+1ms) 
23:44:33   ├─ /vocabulary/3094/index.html (+1ms) 
23:44:33   ├─ /vocabulary/3095/index.html (+1ms) 
23:44:33   ├─ /vocabulary/3096/index.html (+1ms) 
23:44:33   ├─ /vocabulary/3097/index.html (+1ms) 
23:44:33   ├─ /vocabulary/3098/index.html (+1ms) 
23:44:33   ├─ /vocabulary/3099/index.html (+1ms) 
23:44:33   ├─ /vocabulary/3100/index.html (+1ms) 
23:44:33   ├─ /vocabulary/3101/index.html (+1ms) 
23:44:33   ├─ /vocabulary/3102/index.html (+1ms) 
23:44:33   ├─ /vocabulary/3103/index.html (+1ms) 
23:44:33   ├─ /vocabulary/3104/index.html (+1ms) 
23:44:33   ├─ /vocabulary/3105/index.html (+1ms) 
23:44:33   ├─ /vocabulary/3106/index.html (+1ms) 
23:44:33   ├─ /vocabulary/3107/index.html (+1ms) 
23:44:33   ├─ /vocabulary/3108/index.html (+1ms) 
23:44:33   ├─ /vocabulary/3109/index.html (+1ms) 
23:44:33   ├─ /vocabulary/3110/index.html (+1ms) 
23:44:33   ├─ /vocabulary/3111/index.html (+1ms) 
23:44:33   ├─ /vocabulary/3112/index.html (+1ms) 
23:44:33   ├─ /vocabulary/3113/index.html (+1ms) 
23:44:33   ├─ /vocabulary/3114/index.html (+1ms) 
23:44:33   ├─ /vocabulary/3115/index.html (+1ms) 
23:44:33   ├─ /vocabulary/3116/index.html (+1ms) 
23:44:33   ├─ /vocabulary/3117/index.html (+1ms) 
23:44:33   ├─ /vocabulary/3118/index.html (+1ms) 
23:44:33   ├─ /vocabulary/3119/index.html (+1ms) 
23:44:33   ├─ /vocabulary/3120/index.html (+1ms) 
23:44:33   ├─ /vocabulary/3121/index.html (+1ms) 
23:44:33   ├─ /vocabulary/3122/index.html (+1ms) 
23:44:33   ├─ /vocabulary/3123/index.html (+1ms) 
23:44:33   ├─ /vocabulary/3124/index.html (+1ms) 
23:44:33   ├─ /vocabulary/3125/index.html (+1ms) 
23:44:33   ├─ /vocabulary/3126/index.html (+1ms) 
23:44:33   ├─ /vocabulary/3127/index.html (+1ms) 
23:44:33   ├─ /vocabulary/3128/index.html (+1ms) 
23:44:33   ├─ /vocabulary/3129/index.html (+1ms) 
23:44:33   ├─ /vocabulary/3130/index.html (+1ms) 
23:44:33   ├─ /vocabulary/3131/index.html (+1ms) 
23:44:33   ├─ /vocabulary/3132/index.html (+1ms) 
23:44:33   ├─ /vocabulary/3133/index.html (+1ms) 
23:44:33   ├─ /vocabulary/3134/index.html (+1ms) 
23:44:33   ├─ /vocabulary/3135/index.html (+1ms) 
23:44:33   ├─ /vocabulary/3136/index.html (+1ms) 
23:44:33   ├─ /vocabulary/3137/index.html (+1ms) 
23:44:33   ├─ /vocabulary/3138/index.html (+1ms) 
23:44:33   ├─ /vocabulary/3139/index.html (+1ms) 
23:44:33   ├─ /vocabulary/3140/index.html (+1ms) 
23:44:33   ├─ /vocabulary/3141/index.html (+15ms) 
23:44:33   ├─ /vocabulary/3142/index.html (+1ms) 
23:44:33   ├─ /vocabulary/3143/index.html (+1ms) 
23:44:33   ├─ /vocabulary/3144/index.html (+1ms) 
23:44:33   ├─ /vocabulary/3145/index.html (+1ms) 
23:44:33   ├─ /vocabulary/3146/index.html (+1ms) 
23:44:33   ├─ /vocabulary/3147/index.html (+1ms) 
23:44:33   ├─ /vocabulary/3148/index.html (+1ms) 
23:44:33   ├─ /vocabulary/3149/index.html (+1ms) 
23:44:33   ├─ /vocabulary/3150/index.html (+1ms) 
23:44:33   ├─ /vocabulary/3151/index.html (+1ms) 
23:44:33   ├─ /vocabulary/3152/index.html (+1ms) 
23:44:33   ├─ /vocabulary/3153/index.html (+1ms) 
23:44:33   ├─ /vocabulary/3154/index.html (+1ms) 
23:44:33   ├─ /vocabulary/3155/index.html (+1ms) 
23:44:33   ├─ /vocabulary/3156/index.html (+1ms) 
23:44:33   ├─ /vocabulary/3157/index.html (+1ms) 
23:44:33   ├─ /vocabulary/3158/index.html (+1ms) 
23:44:33   ├─ /vocabulary/3159/index.html (+1ms) 
23:44:33   ├─ /vocabulary/3160/index.html (+1ms) 
23:44:33   ├─ /vocabulary/3161/index.html (+1ms) 
23:44:33   ├─ /vocabulary/3162/index.html (+1ms) 
23:44:33   ├─ /vocabulary/3163/index.html (+1ms) 
23:44:33   ├─ /vocabulary/3164/index.html (+1ms) 
23:44:33   ├─ /vocabulary/3165/index.html (+1ms) 
23:44:33   ├─ /vocabulary/3166/index.html (+1ms) 
23:44:33   ├─ /vocabulary/3167/index.html (+1ms) 
23:44:33   ├─ /vocabulary/3168/index.html (+1ms) 
23:44:33   ├─ /vocabulary/3169/index.html (+2ms) 
23:44:33   ├─ /vocabulary/3170/index.html (+1ms) 
23:44:33   ├─ /vocabulary/3171/index.html (+1ms) 
23:44:33   ├─ /vocabulary/3172/index.html (+1ms) 
23:44:33   ├─ /vocabulary/3173/index.html (+1ms) 
23:44:33   ├─ /vocabulary/3174/index.html (+1ms) 
23:44:33   ├─ /vocabulary/3175/index.html (+1ms) 
23:44:33   ├─ /vocabulary/3176/index.html (+1ms) 
23:44:33   ├─ /vocabulary/3177/index.html (+1ms) 
23:44:33   ├─ /vocabulary/3178/index.html (+1ms) 
23:44:33   ├─ /vocabulary/3179/index.html (+1ms) 
23:44:33   ├─ /vocabulary/3180/index.html (+1ms) 
23:44:33   ├─ /vocabulary/3181/index.html (+1ms) 
23:44:33   ├─ /vocabulary/3182/index.html (+1ms) 
23:44:33   ├─ /vocabulary/3183/index.html (+1ms) 
23:44:33   ├─ /vocabulary/3184/index.html (+1ms) 
23:44:33   ├─ /vocabulary/3185/index.html (+1ms) 
23:44:33   ├─ /vocabulary/3186/index.html (+1ms) 
23:44:33   ├─ /vocabulary/3187/index.html (+1ms) 
23:44:33   ├─ /vocabulary/3188/index.html (+1ms) 
23:44:33   ├─ /vocabulary/3189/index.html (+1ms) 
23:44:33   ├─ /vocabulary/3190/index.html (+1ms) 
23:44:33   ├─ /vocabulary/3191/index.html (+1ms) 
23:44:33   ├─ /vocabulary/3192/index.html (+1ms) 
23:44:33   ├─ /vocabulary/3193/index.html (+1ms) 
23:44:33   ├─ /vocabulary/3194/index.html (+1ms) 
23:44:33   ├─ /vocabulary/3195/index.html (+1ms) 
23:44:33   ├─ /vocabulary/3196/index.html (+1ms) 
23:44:33   ├─ /vocabulary/3197/index.html (+1ms) 
23:44:33   ├─ /vocabulary/3198/index.html (+1ms) 
23:44:33   ├─ /vocabulary/3199/index.html (+1ms) 
23:44:33   ├─ /vocabulary/3200/index.html (+1ms) 
23:44:33   ├─ /vocabulary/3201/index.html (+1ms) 
23:44:33   ├─ /vocabulary/3202/index.html (+1ms) 
23:44:33   ├─ /vocabulary/3203/index.html (+1ms) 
23:44:33   ├─ /vocabulary/3204/index.html (+1ms) 
23:44:33   ├─ /vocabulary/3205/index.html (+1ms) 
23:44:33   ├─ /vocabulary/3206/index.html (+1ms) 
23:44:33   ├─ /vocabulary/3207/index.html (+1ms) 
23:44:33   ├─ /vocabulary/3208/index.html (+1ms) 
23:44:33   ├─ /vocabulary/3209/index.html (+1ms) 
23:44:33   ├─ /vocabulary/3210/index.html (+1ms) 
23:44:33   ├─ /vocabulary/3211/index.html (+1ms) 
23:44:33   ├─ /vocabulary/3212/index.html (+1ms) 
23:44:33   ├─ /vocabulary/3213/index.html (+1ms) 
23:44:33   ├─ /vocabulary/3214/index.html (+1ms) 
23:44:33   ├─ /vocabulary/3215/index.html (+1ms) 
23:44:33   ├─ /vocabulary/3216/index.html (+1ms) 
23:44:33   ├─ /vocabulary/3217/index.html (+1ms) 
23:44:33   ├─ /vocabulary/3218/index.html (+1ms) 
23:44:33   ├─ /vocabulary/3219/index.html (+1ms) 
23:44:33   ├─ /vocabulary/3220/index.html (+1ms) 
23:44:33   ├─ /vocabulary/3221/index.html (+1ms) 
23:44:33   ├─ /vocabulary/3222/index.html (+1ms) 
23:44:33   ├─ /vocabulary/3223/index.html (+1ms) 
23:44:33   ├─ /vocabulary/3224/index.html (+1ms) 
23:44:33   ├─ /vocabulary/3225/index.html (+1ms) 
23:44:33   ├─ /vocabulary/3226/index.html (+1ms) 
23:44:33   ├─ /vocabulary/3227/index.html (+1ms) 
23:44:33   ├─ /vocabulary/3228/index.html (+1ms) 
23:44:33   ├─ /vocabulary/3229/index.html (+1ms) 
23:44:33   ├─ /vocabulary/3230/index.html (+1ms) 
23:44:33   ├─ /vocabulary/3231/index.html (+1ms) 
23:44:33   ├─ /vocabulary/3232/index.html (+1ms) 
23:44:33   ├─ /vocabulary/3233/index.html (+1ms) 
23:44:33   ├─ /vocabulary/3234/index.html (+1ms) 
23:44:33   ├─ /vocabulary/3235/index.html (+1ms) 
23:44:33   ├─ /vocabulary/3236/index.html (+1ms) 
23:44:33   ├─ /vocabulary/3237/index.html (+1ms) 
23:44:33   ├─ /vocabulary/3238/index.html (+1ms) 
23:44:33   ├─ /vocabulary/3239/index.html (+1ms) 
23:44:33   ├─ /vocabulary/3240/index.html (+1ms) 
23:44:33   ├─ /vocabulary/3241/index.html (+1ms) 
23:44:33   ├─ /vocabulary/3242/index.html (+1ms) 
23:44:33   ├─ /vocabulary/3243/index.html (+1ms) 
23:44:33   ├─ /vocabulary/3244/index.html (+1ms) 
23:44:33   ├─ /vocabulary/3245/index.html (+1ms) 
23:44:33   ├─ /vocabulary/3246/index.html (+1ms) 
23:44:33   ├─ /vocabulary/3247/index.html (+1ms) 
23:44:34   ├─ /vocabulary/3248/index.html (+1ms) 
23:44:34   ├─ /vocabulary/3249/index.html (+1ms) 
23:44:34   ├─ /vocabulary/3250/index.html (+1ms) 
23:44:34   ├─ /vocabulary/3251/index.html (+1ms) 
23:44:34   ├─ /vocabulary/3252/index.html (+1ms) 
23:44:34   ├─ /vocabulary/3253/index.html (+1ms) 
23:44:34   ├─ /vocabulary/3254/index.html (+1ms) 
23:44:34   ├─ /vocabulary/3255/index.html (+1ms) 
23:44:34   ├─ /vocabulary/3256/index.html (+1ms) 
23:44:34   ├─ /vocabulary/3257/index.html (+1ms) 
23:44:34   ├─ /vocabulary/3258/index.html (+1ms) 
23:44:34   ├─ /vocabulary/3259/index.html (+1ms) 
23:44:34   ├─ /vocabulary/3260/index.html (+1ms) 
23:44:34   ├─ /vocabulary/3261/index.html (+1ms) 
23:44:34   ├─ /vocabulary/3262/index.html (+1ms) 
23:44:34   ├─ /vocabulary/3263/index.html (+1ms) 
23:44:34   ├─ /vocabulary/3264/index.html (+1ms) 
23:44:34   ├─ /vocabulary/3265/index.html (+1ms) 
23:44:34   ├─ /vocabulary/3266/index.html (+1ms) 
23:44:34   ├─ /vocabulary/3267/index.html (+1ms) 
23:44:34   ├─ /vocabulary/3268/index.html (+1ms) 
23:44:34   ├─ /vocabulary/3269/index.html (+1ms) 
23:44:34   ├─ /vocabulary/3270/index.html (+1ms) 
23:44:34   ├─ /vocabulary/3271/index.html (+1ms) 
23:44:34   ├─ /vocabulary/3272/index.html (+1ms) 
23:44:34   ├─ /vocabulary/3273/index.html (+1ms) 
23:44:34   ├─ /vocabulary/3274/index.html (+1ms) 
23:44:34   ├─ /vocabulary/3275/index.html (+1ms) 
23:44:34   ├─ /vocabulary/3276/index.html (+1ms) 
23:44:34   ├─ /vocabulary/3277/index.html (+1ms) 
23:44:34   ├─ /vocabulary/3278/index.html (+1ms) 
23:44:34   ├─ /vocabulary/3279/index.html (+1ms) 
23:44:34   ├─ /vocabulary/3280/index.html (+1ms) 
23:44:34   ├─ /vocabulary/3281/index.html (+1ms) 
23:44:34   ├─ /vocabulary/3282/index.html (+2ms) 
23:44:34   ├─ /vocabulary/3283/index.html (+1ms) 
23:44:34   ├─ /vocabulary/3284/index.html (+2ms) 
23:44:34   ├─ /vocabulary/3285/index.html (+1ms) 
23:44:34   ├─ /vocabulary/3286/index.html (+1ms) 
23:44:34   ├─ /vocabulary/3287/index.html (+2ms) 
23:44:34   ├─ /vocabulary/3288/index.html (+3ms) 
23:44:34   ├─ /vocabulary/3289/index.html (+3ms) 
23:44:34   ├─ /vocabulary/3290/index.html (+1ms) 
23:44:34   ├─ /vocabulary/3291/index.html (+2ms) 
23:44:34   ├─ /vocabulary/3292/index.html (+1ms) 
23:44:34   ├─ /vocabulary/3293/index.html (+1ms) 
23:44:34   ├─ /vocabulary/3294/index.html (+1ms) 
23:44:34   ├─ /vocabulary/3295/index.html (+1ms) 
23:44:34   ├─ /vocabulary/3296/index.html (+1ms) 
23:44:34   ├─ /vocabulary/3297/index.html (+1ms) 
23:44:34   ├─ /vocabulary/3298/index.html (+3ms) 
23:44:34   ├─ /vocabulary/3299/index.html (+1ms) 
23:44:34   ├─ /vocabulary/3300/index.html (+1ms) 
23:44:34   ├─ /vocabulary/3301/index.html (+1ms) 
23:44:34   ├─ /vocabulary/3302/index.html (+1ms) 
23:44:34   ├─ /vocabulary/3303/index.html (+1ms) 
23:44:34   ├─ /vocabulary/3304/index.html (+1ms) 
23:44:34   ├─ /vocabulary/3305/index.html (+1ms) 
23:44:34   ├─ /vocabulary/3306/index.html (+1ms) 
23:44:34   ├─ /vocabulary/3307/index.html (+1ms) 
23:44:34   ├─ /vocabulary/3308/index.html (+1ms) 
23:44:34   ├─ /vocabulary/3309/index.html (+1ms) 
23:44:34   ├─ /vocabulary/3310/index.html (+1ms) 
23:44:34   ├─ /vocabulary/3311/index.html (+1ms) 
23:44:34   ├─ /vocabulary/3312/index.html (+1ms) 
23:44:34   ├─ /vocabulary/3313/index.html (+1ms) 
23:44:34   ├─ /vocabulary/3314/index.html (+1ms) 
23:44:34   ├─ /vocabulary/3315/index.html (+1ms) 
23:44:34   ├─ /vocabulary/3316/index.html (+1ms) 
23:44:34   ├─ /vocabulary/3317/index.html (+1ms) 
23:44:34   ├─ /vocabulary/3318/index.html (+1ms) 
23:44:34   ├─ /vocabulary/3319/index.html (+1ms) 
23:44:34   ├─ /vocabulary/3320/index.html (+1ms) 
23:44:34   ├─ /vocabulary/3321/index.html (+1ms) 
23:44:34   ├─ /vocabulary/3322/index.html (+1ms) 
23:44:34   ├─ /vocabulary/3323/index.html (+1ms) 
23:44:34   ├─ /vocabulary/3324/index.html (+2ms) 
23:44:34   ├─ /vocabulary/3325/index.html (+1ms) 
23:44:34   ├─ /vocabulary/3326/index.html (+1ms) 
23:44:34   ├─ /vocabulary/3327/index.html (+1ms) 
23:44:34   ├─ /vocabulary/3328/index.html (+1ms) 
23:44:34   ├─ /vocabulary/3329/index.html (+1ms) 
23:44:34   ├─ /vocabulary/3330/index.html (+1ms) 
23:44:34   ├─ /vocabulary/3331/index.html (+1ms) 
23:44:34   ├─ /vocabulary/3332/index.html (+1ms) 
23:44:34   ├─ /vocabulary/3333/index.html (+1ms) 
23:44:34   ├─ /vocabulary/3334/index.html (+1ms) 
23:44:34   ├─ /vocabulary/3335/index.html (+1ms) 
23:44:34   ├─ /vocabulary/3336/index.html (+1ms) 
23:44:34   ├─ /vocabulary/3337/index.html (+1ms) 
23:44:34   ├─ /vocabulary/3338/index.html (+1ms) 
23:44:34   ├─ /vocabulary/3339/index.html (+1ms) 
23:44:34   ├─ /vocabulary/3340/index.html (+1ms) 
23:44:34   ├─ /vocabulary/3341/index.html (+1ms) 
23:44:34   ├─ /vocabulary/3342/index.html (+1ms) 
23:44:34   ├─ /vocabulary/3343/index.html (+1ms) 
23:44:34   ├─ /vocabulary/3344/index.html (+1ms) 
23:44:34   ├─ /vocabulary/3345/index.html (+1ms) 
23:44:34   ├─ /vocabulary/3346/index.html (+1ms) 
23:44:34   ├─ /vocabulary/3347/index.html (+1ms) 
23:44:34   ├─ /vocabulary/3348/index.html (+1ms) 
23:44:34   ├─ /vocabulary/3349/index.html (+1ms) 
23:44:34   ├─ /vocabulary/3350/index.html (+1ms) 
23:44:34   ├─ /vocabulary/3351/index.html (+1ms) 
23:44:34   ├─ /vocabulary/3352/index.html (+1ms) 
23:44:34   ├─ /vocabulary/3353/index.html (+1ms) 
23:44:34   ├─ /vocabulary/3354/index.html (+1ms) 
23:44:34   ├─ /vocabulary/3355/index.html (+1ms) 
23:44:34   ├─ /vocabulary/3356/index.html (+1ms) 
23:44:34   ├─ /vocabulary/3357/index.html (+1ms) 
23:44:34   ├─ /vocabulary/3358/index.html (+1ms) 
23:44:34   ├─ /vocabulary/3359/index.html (+1ms) 
23:44:34   ├─ /vocabulary/3360/index.html (+1ms) 
23:44:34   ├─ /vocabulary/3361/index.html (+1ms) 
23:44:34   ├─ /vocabulary/3362/index.html (+1ms) 
23:44:34   ├─ /vocabulary/3363/index.html (+1ms) 
23:44:34   ├─ /vocabulary/3364/index.html (+1ms) 
23:44:34   ├─ /vocabulary/3365/index.html (+1ms) 
23:44:34   ├─ /vocabulary/3366/index.html (+1ms) 
23:44:34   ├─ /vocabulary/3367/index.html (+1ms) 
23:44:34   ├─ /vocabulary/3368/index.html (+1ms) 
23:44:34   ├─ /vocabulary/3369/index.html (+1ms) 
23:44:34   ├─ /vocabulary/3370/index.html (+1ms) 
23:44:34   ├─ /vocabulary/3371/index.html (+1ms) 
23:44:34   ├─ /vocabulary/3372/index.html (+1ms) 
23:44:34   ├─ /vocabulary/3373/index.html (+1ms) 
23:44:34   ├─ /vocabulary/3374/index.html (+1ms) 
23:44:34   ├─ /vocabulary/3375/index.html (+1ms) 
23:44:34   ├─ /vocabulary/3376/index.html (+1ms) 
23:44:34   ├─ /vocabulary/3377/index.html (+1ms) 
23:44:34   ├─ /vocabulary/3378/index.html (+1ms) 
23:44:34   ├─ /vocabulary/3379/index.html (+1ms) 
23:44:34   ├─ /vocabulary/3380/index.html (+1ms) 
23:44:34   ├─ /vocabulary/3381/index.html (+1ms) 
23:44:34   ├─ /vocabulary/3382/index.html (+1ms) 
23:44:34   ├─ /vocabulary/3383/index.html (+1ms) 
23:44:34   ├─ /vocabulary/3384/index.html (+1ms) 
23:44:34   ├─ /vocabulary/3385/index.html (+1ms) 
23:44:34   ├─ /vocabulary/3386/index.html (+1ms) 
23:44:34   ├─ /vocabulary/3387/index.html (+1ms) 
23:44:34   ├─ /vocabulary/3388/index.html (+1ms) 
23:44:34   ├─ /vocabulary/3389/index.html (+1ms) 
23:44:34   ├─ /vocabulary/3390/index.html (+1ms) 
23:44:34   ├─ /vocabulary/3391/index.html (+1ms) 
23:44:34   ├─ /vocabulary/3392/index.html (+1ms) 
23:44:34   ├─ /vocabulary/3393/index.html (+3ms) 
23:44:34   ├─ /vocabulary/3394/index.html (+3ms) 
23:44:34   ├─ /vocabulary/3395/index.html (+2ms) 
23:44:34   ├─ /vocabulary/3396/index.html (+1ms) 
23:44:34   ├─ /vocabulary/3397/index.html (+1ms) 
23:44:34   ├─ /vocabulary/3398/index.html (+1ms) 
23:44:34   ├─ /vocabulary/3399/index.html (+1ms) 
23:44:34   ├─ /vocabulary/3400/index.html (+1ms) 
23:44:34   ├─ /vocabulary/3401/index.html (+1ms) 
23:44:34   ├─ /vocabulary/3402/index.html (+1ms) 
23:44:34   ├─ /vocabulary/3403/index.html (+1ms) 
23:44:34   ├─ /vocabulary/3404/index.html (+1ms) 
23:44:34   ├─ /vocabulary/3405/index.html (+1ms) 
23:44:34   ├─ /vocabulary/3406/index.html (+1ms) 
23:44:34   ├─ /vocabulary/3407/index.html (+2ms) 
23:44:34   ├─ /vocabulary/3408/index.html (+2ms) 
23:44:34   ├─ /vocabulary/3409/index.html (+1ms) 
23:44:34   ├─ /vocabulary/3410/index.html (+1ms) 
23:44:34   ├─ /vocabulary/3411/index.html (+1ms) 
23:44:34   ├─ /vocabulary/3412/index.html (+1ms) 
23:44:34   ├─ /vocabulary/3413/index.html (+1ms) 
23:44:34   ├─ /vocabulary/3414/index.html (+1ms) 
23:44:34   ├─ /vocabulary/3415/index.html (+1ms) 
23:44:34   ├─ /vocabulary/3416/index.html (+1ms) 
23:44:34   ├─ /vocabulary/3417/index.html (+1ms) 
23:44:34   ├─ /vocabulary/3418/index.html (+1ms) 
23:44:34   ├─ /vocabulary/3419/index.html (+1ms) 
23:44:34   ├─ /vocabulary/3420/index.html (+1ms) 
23:44:34   ├─ /vocabulary/3421/index.html (+1ms) 
23:44:34   ├─ /vocabulary/3422/index.html (+1ms) 
23:44:34   ├─ /vocabulary/3423/index.html (+1ms) 
23:44:34   ├─ /vocabulary/3424/index.html (+1ms) 
23:44:34   ├─ /vocabulary/3425/index.html (+3ms) 
23:44:34   ├─ /vocabulary/3426/index.html (+1ms) 
23:44:34   ├─ /vocabulary/3427/index.html (+1ms) 
23:44:34   ├─ /vocabulary/3428/index.html (+1ms) 
23:44:34   ├─ /vocabulary/3429/index.html (+1ms) 
23:44:34   ├─ /vocabulary/3430/index.html (+1ms) 
23:44:34   ├─ /vocabulary/3431/index.html (+3ms) 
23:44:34   ├─ /vocabulary/3432/index.html (+1ms) 
23:44:34   ├─ /vocabulary/3433/index.html (+1ms) 
23:44:34   ├─ /vocabulary/3434/index.html (+1ms) 
23:44:34   ├─ /vocabulary/3435/index.html (+2ms) 
23:44:34   ├─ /vocabulary/3436/index.html (+4ms) 
23:44:34   ├─ /vocabulary/3437/index.html (+1ms) 
23:44:34   ├─ /vocabulary/3438/index.html (+1ms) 
23:44:34   ├─ /vocabulary/3439/index.html (+1ms) 
23:44:34   ├─ /vocabulary/3440/index.html (+1ms) 
23:44:34   ├─ /vocabulary/3441/index.html (+1ms) 
23:44:34   ├─ /vocabulary/3442/index.html (+1ms) 
23:44:34   ├─ /vocabulary/3443/index.html (+1ms) 
23:44:34   ├─ /vocabulary/3444/index.html (+1ms) 
23:44:34   ├─ /vocabulary/3445/index.html (+1ms) 
23:44:34   ├─ /vocabulary/3446/index.html (+1ms) 
23:44:34   ├─ /vocabulary/3447/index.html (+1ms) 
23:44:34   ├─ /vocabulary/3448/index.html (+1ms) 
23:44:34   ├─ /vocabulary/3449/index.html (+1ms) 
23:44:34   ├─ /vocabulary/3450/index.html (+1ms) 
23:44:34   ├─ /vocabulary/3451/index.html (+1ms) 
23:44:34   ├─ /vocabulary/3452/index.html (+1ms) 
23:44:34   ├─ /vocabulary/3453/index.html (+1ms) 
23:44:34   ├─ /vocabulary/3454/index.html (+1ms) 
23:44:34   ├─ /vocabulary/3455/index.html (+1ms) 
23:44:34   ├─ /vocabulary/3456/index.html (+3ms) 
23:44:34   ├─ /vocabulary/3457/index.html (+23ms) 
23:44:34   ├─ /vocabulary/3458/index.html (+2ms) 
23:44:34   ├─ /vocabulary/3459/index.html (+2ms) 
23:44:34   ├─ /vocabulary/3460/index.html (+1ms) 
23:44:34   ├─ /vocabulary/3461/index.html (+1ms) 
23:44:34   ├─ /vocabulary/3462/index.html (+1ms) 
23:44:34   ├─ /vocabulary/3463/index.html (+1ms) 
23:44:34   ├─ /vocabulary/3464/index.html (+1ms) 
23:44:34   ├─ /vocabulary/3465/index.html (+2ms) 
23:44:34   ├─ /vocabulary/3466/index.html (+2ms) 
23:44:34   ├─ /vocabulary/3467/index.html (+1ms) 
23:44:34   ├─ /vocabulary/3468/index.html (+1ms) 
23:44:34   ├─ /vocabulary/3469/index.html (+1ms) 
23:44:34   ├─ /vocabulary/3470/index.html (+1ms) 
23:44:34   ├─ /vocabulary/3471/index.html (+1ms) 
23:44:34   ├─ /vocabulary/3472/index.html (+1ms) 
23:44:34   ├─ /vocabulary/3473/index.html (+1ms) 
23:44:34   ├─ /vocabulary/3474/index.html (+1ms) 
23:44:34   ├─ /vocabulary/3475/index.html (+1ms) 
23:44:34   ├─ /vocabulary/3476/index.html (+1ms) 
23:44:34   ├─ /vocabulary/3477/index.html (+1ms) 
23:44:34   ├─ /vocabulary/3478/index.html (+1ms) 
23:44:34   ├─ /vocabulary/3479/index.html (+1ms) 
23:44:34   ├─ /vocabulary/3480/index.html (+1ms) 
23:44:34   ├─ /vocabulary/3481/index.html (+1ms) 
23:44:34   ├─ /vocabulary/3482/index.html (+2ms) 
23:44:34   ├─ /vocabulary/3483/index.html (+1ms) 
23:44:34   ├─ /vocabulary/3484/index.html (+1ms) 
23:44:34   ├─ /vocabulary/3485/index.html (+3ms) 
23:44:34   ├─ /vocabulary/3486/index.html (+2ms) 
23:44:34   ├─ /vocabulary/3487/index.html (+2ms) 
23:44:34   ├─ /vocabulary/3488/index.html (+1ms) 
23:44:34   ├─ /vocabulary/3489/index.html (+2ms) 
23:44:34   ├─ /vocabulary/3490/index.html (+2ms) 
23:44:34   ├─ /vocabulary/3491/index.html (+3ms) 
23:44:34   ├─ /vocabulary/3492/index.html (+1ms) 
23:44:34   ├─ /vocabulary/3493/index.html (+3ms) 
23:44:34   ├─ /vocabulary/3494/index.html (+2ms) 
23:44:34   ├─ /vocabulary/3495/index.html (+1ms) 
23:44:34   ├─ /vocabulary/3496/index.html (+1ms) 
23:44:34   ├─ /vocabulary/3497/index.html (+1ms) 
23:44:34   ├─ /vocabulary/3498/index.html (+1ms) 
23:44:34   ├─ /vocabulary/3499/index.html (+1ms) 
23:44:34   ├─ /vocabulary/3500/index.html (+1ms) 
23:44:34   ├─ /vocabulary/3501/index.html (+1ms) 
23:44:34   ├─ /vocabulary/3502/index.html (+1ms) 
23:44:34   ├─ /vocabulary/3503/index.html (+1ms) 
23:44:34   ├─ /vocabulary/3504/index.html (+1ms) 
23:44:34   ├─ /vocabulary/3505/index.html (+1ms) 
23:44:34   ├─ /vocabulary/3506/index.html (+1ms) 
23:44:34   ├─ /vocabulary/3507/index.html (+1ms) 
23:44:34   ├─ /vocabulary/3508/index.html (+1ms) 
23:44:34   ├─ /vocabulary/3509/index.html (+1ms) 
23:44:34   ├─ /vocabulary/3510/index.html (+1ms) 
23:44:34   ├─ /vocabulary/3511/index.html (+1ms) 
23:44:34   ├─ /vocabulary/3512/index.html (+1ms) 
23:44:34   ├─ /vocabulary/3513/index.html (+1ms) 
23:44:34   ├─ /vocabulary/3514/index.html (+1ms) 
23:44:34   ├─ /vocabulary/3515/index.html (+1ms) 
23:44:34   ├─ /vocabulary/3516/index.html (+1ms) 
23:44:34   ├─ /vocabulary/3517/index.html (+1ms) 
23:44:34   ├─ /vocabulary/3518/index.html (+1ms) 
23:44:34   ├─ /vocabulary/3519/index.html (+1ms) 
23:44:34   ├─ /vocabulary/3520/index.html (+1ms) 
23:44:34   ├─ /vocabulary/3521/index.html (+1ms) 
23:44:34   ├─ /vocabulary/3522/index.html (+1ms) 
23:44:34   ├─ /vocabulary/3523/index.html (+1ms) 
23:44:34   ├─ /vocabulary/3524/index.html (+1ms) 
23:44:34   ├─ /vocabulary/3525/index.html (+1ms) 
23:44:34   ├─ /vocabulary/3526/index.html (+1ms) 
23:44:34   ├─ /vocabulary/3527/index.html (+1ms) 
23:44:34   ├─ /vocabulary/3528/index.html (+1ms) 
23:44:34   ├─ /vocabulary/3529/index.html (+1ms) 
23:44:34   ├─ /vocabulary/3530/index.html (+1ms) 
23:44:34   ├─ /vocabulary/3531/index.html (+1ms) 
23:44:34   ├─ /vocabulary/3532/index.html (+1ms) 
23:44:34   ├─ /vocabulary/3533/index.html (+1ms) 
23:44:34   ├─ /vocabulary/3534/index.html (+1ms) 
23:44:34   ├─ /vocabulary/3535/index.html (+1ms) 
23:44:34   ├─ /vocabulary/3536/index.html (+1ms) 
23:44:34   ├─ /vocabulary/3537/index.html (+1ms) 
23:44:34   ├─ /vocabulary/3538/index.html (+1ms) 
23:44:34   ├─ /vocabulary/3539/index.html (+1ms) 
23:44:34   ├─ /vocabulary/3540/index.html (+1ms) 
23:44:34   ├─ /vocabulary/3541/index.html (+1ms) 
23:44:34   ├─ /vocabulary/3542/index.html (+1ms) 
23:44:34   ├─ /vocabulary/3543/index.html (+1ms) 
23:44:34   ├─ /vocabulary/3544/index.html (+1ms) 
23:44:34   ├─ /vocabulary/3545/index.html (+1ms) 
23:44:34   ├─ /vocabulary/3546/index.html (+1ms) 
23:44:34   ├─ /vocabulary/3547/index.html (+1ms) 
23:44:34   ├─ /vocabulary/3548/index.html (+1ms) 
23:44:34   ├─ /vocabulary/3549/index.html (+1ms) 
23:44:34   ├─ /vocabulary/3550/index.html (+1ms) 
23:44:34   ├─ /vocabulary/3551/index.html (+1ms) 
23:44:34   ├─ /vocabulary/3552/index.html (+1ms) 
23:44:34   ├─ /vocabulary/3553/index.html (+1ms) 
23:44:34   ├─ /vocabulary/3554/index.html (+1ms) 
23:44:34   ├─ /vocabulary/3555/index.html (+1ms) 
23:44:34   ├─ /vocabulary/3556/index.html (+1ms) 
23:44:34   ├─ /vocabulary/3557/index.html (+1ms) 
23:44:34   ├─ /vocabulary/3558/index.html (+1ms) 
23:44:34   ├─ /vocabulary/3559/index.html (+1ms) 
23:44:34   ├─ /vocabulary/3560/index.html (+1ms) 
23:44:34   ├─ /vocabulary/3561/index.html (+1ms) 
23:44:34   ├─ /vocabulary/3562/index.html (+1ms) 
23:44:34   ├─ /vocabulary/3563/index.html (+1ms) 
23:44:34   ├─ /vocabulary/3564/index.html (+1ms) 
23:44:34   ├─ /vocabulary/3565/index.html (+1ms) 
23:44:34   ├─ /vocabulary/3566/index.html (+1ms) 
23:44:34   ├─ /vocabulary/3567/index.html (+1ms) 
23:44:34   ├─ /vocabulary/3568/index.html (+1ms) 
23:44:34   ├─ /vocabulary/3569/index.html (+1ms) 
23:44:34   ├─ /vocabulary/3570/index.html (+1ms) 
23:44:34   ├─ /vocabulary/3571/index.html (+1ms) 
23:44:34   ├─ /vocabulary/3572/index.html (+1ms) 
23:44:34   ├─ /vocabulary/3573/index.html (+1ms) 
23:44:34   ├─ /vocabulary/3574/index.html (+1ms) 
23:44:34   ├─ /vocabulary/3575/index.html (+1ms) 
23:44:34   ├─ /vocabulary/3576/index.html (+1ms) 
23:44:34   ├─ /vocabulary/3577/index.html (+1ms) 
23:44:34   ├─ /vocabulary/3578/index.html (+1ms) 
23:44:34   ├─ /vocabulary/3579/index.html (+1ms) 
23:44:34   ├─ /vocabulary/3580/index.html (+1ms) 
23:44:34   ├─ /vocabulary/3581/index.html (+1ms) 
23:44:34   ├─ /vocabulary/3582/index.html (+1ms) 
23:44:34   ├─ /vocabulary/3583/index.html (+1ms) 
23:44:34   ├─ /vocabulary/3584/index.html (+1ms) 
23:44:34   ├─ /vocabulary/3585/index.html (+1ms) 
23:44:34   ├─ /vocabulary/3586/index.html (+1ms) 
23:44:34   ├─ /vocabulary/3587/index.html (+1ms) 
23:44:34   ├─ /vocabulary/3588/index.html (+1ms) 
23:44:34   ├─ /vocabulary/3589/index.html (+1ms) 
23:44:34   ├─ /vocabulary/3590/index.html (+1ms) 
23:44:34   ├─ /vocabulary/3591/index.html (+1ms) 
23:44:34   ├─ /vocabulary/3592/index.html (+1ms) 
23:44:34   ├─ /vocabulary/3593/index.html (+3ms) 
23:44:34   ├─ /vocabulary/3594/index.html (+4ms) 
23:44:34   ├─ /vocabulary/3595/index.html (+3ms) 
23:44:34   ├─ /vocabulary/3596/index.html (+3ms) 
23:44:34   ├─ /vocabulary/3597/index.html (+1ms) 
23:44:34   ├─ /vocabulary/3598/index.html (+1ms) 
23:44:34   ├─ /vocabulary/3599/index.html (+1ms) 
23:44:34   ├─ /vocabulary/3600/index.html (+2ms) 
23:44:34   ├─ /vocabulary/3601/index.html (+2ms) 
23:44:34   ├─ /vocabulary/3602/index.html (+2ms) 
23:44:34   ├─ /vocabulary/3603/index.html (+1ms) 
23:44:34   ├─ /vocabulary/3604/index.html (+1ms) 
23:44:34   ├─ /vocabulary/3605/index.html (+1ms) 
23:44:34   ├─ /vocabulary/3606/index.html (+1ms) 
23:44:34   ├─ /vocabulary/3607/index.html (+1ms) 
23:44:34   ├─ /vocabulary/3608/index.html (+1ms) 
23:44:34   ├─ /vocabulary/3609/index.html (+1ms) 
23:44:34   ├─ /vocabulary/3610/index.html (+5ms) 
23:44:34   ├─ /vocabulary/3611/index.html (+1ms) 
23:44:34   ├─ /vocabulary/3612/index.html (+1ms) 
23:44:34   ├─ /vocabulary/3613/index.html (+1ms) 
23:44:34   ├─ /vocabulary/3614/index.html (+1ms) 
23:44:34   ├─ /vocabulary/3615/index.html (+1ms) 
23:44:34   ├─ /vocabulary/3616/index.html (+1ms) 
23:44:34   ├─ /vocabulary/3617/index.html (+1ms) 
23:44:34   ├─ /vocabulary/3618/index.html (+1ms) 
23:44:34   ├─ /vocabulary/3619/index.html (+1ms) 
23:44:34   ├─ /vocabulary/3620/index.html (+1ms) 
23:44:34   ├─ /vocabulary/3621/index.html (+2ms) 
23:44:34   ├─ /vocabulary/3622/index.html (+1ms) 
23:44:34   ├─ /vocabulary/3623/index.html (+1ms) 
23:44:34   ├─ /vocabulary/3624/index.html (+1ms) 
23:44:34   ├─ /vocabulary/3625/index.html (+1ms) 
23:44:34   ├─ /vocabulary/3626/index.html (+1ms) 
23:44:34   ├─ /vocabulary/3627/index.html (+1ms) 
23:44:34   ├─ /vocabulary/3628/index.html (+1ms) 
23:44:34   ├─ /vocabulary/3629/index.html (+1ms) 
23:44:34   ├─ /vocabulary/3630/index.html (+1ms) 
23:44:34   ├─ /vocabulary/3631/index.html (+1ms) 
23:44:34   ├─ /vocabulary/3632/index.html (+1ms) 
23:44:34   ├─ /vocabulary/3633/index.html (+1ms) 
23:44:34   ├─ /vocabulary/3634/index.html (+1ms) 
23:44:34   ├─ /vocabulary/3635/index.html (+1ms) 
23:44:34   ├─ /vocabulary/3636/index.html (+1ms) 
23:44:34   ├─ /vocabulary/3637/index.html (+1ms) 
23:44:34   ├─ /vocabulary/3638/index.html (+5ms) 
23:44:34   ├─ /vocabulary/3639/index.html (+1ms) 
23:44:34   ├─ /vocabulary/3640/index.html (+4ms) 
23:44:34   ├─ /vocabulary/3641/index.html (+3ms) 
23:44:34   ├─ /vocabulary/3642/index.html (+1ms) 
23:44:34   ├─ /vocabulary/3643/index.html (+1ms) 
23:44:34   ├─ /vocabulary/3644/index.html (+1ms) 
23:44:34   ├─ /vocabulary/3645/index.html (+1ms) 
23:44:34   ├─ /vocabulary/3646/index.html (+1ms) 
23:44:34   ├─ /vocabulary/3647/index.html (+1ms) 
23:44:34   ├─ /vocabulary/3648/index.html (+1ms) 
23:44:34   ├─ /vocabulary/3649/index.html (+1ms) 
23:44:34   ├─ /vocabulary/3650/index.html (+1ms) 
23:44:34   ├─ /vocabulary/3651/index.html (+1ms) 
23:44:34   ├─ /vocabulary/3652/index.html (+1ms) 
23:44:34   ├─ /vocabulary/3653/index.html (+1ms) 
23:44:34   ├─ /vocabulary/3654/index.html (+1ms) 
23:44:34   ├─ /vocabulary/3655/index.html (+1ms) 
23:44:34   ├─ /vocabulary/3656/index.html (+1ms) 
23:44:34   ├─ /vocabulary/3657/index.html (+1ms) 
23:44:34   ├─ /vocabulary/3658/index.html (+1ms) 
23:44:34   ├─ /vocabulary/3659/index.html (+1ms) 
23:44:34   ├─ /vocabulary/3660/index.html (+1ms) 
23:44:34   ├─ /vocabulary/3661/index.html (+1ms) 
23:44:34   ├─ /vocabulary/3662/index.html (+1ms) 
23:44:34   ├─ /vocabulary/3663/index.html (+1ms) 
23:44:34   ├─ /vocabulary/3664/index.html (+1ms) 
23:44:34   ├─ /vocabulary/3665/index.html (+1ms) 
23:44:34   ├─ /vocabulary/3666/index.html (+1ms) 
23:44:34   ├─ /vocabulary/3667/index.html (+1ms) 
23:44:34   ├─ /vocabulary/3668/index.html (+1ms) 
23:44:34   ├─ /vocabulary/3669/index.html (+1ms) 
23:44:34   ├─ /vocabulary/3670/index.html (+1ms) 
23:44:34   ├─ /vocabulary/3671/index.html (+1ms) 
23:44:34   ├─ /vocabulary/3672/index.html (+1ms) 
23:44:34   ├─ /vocabulary/3673/index.html (+1ms) 
23:44:34   ├─ /vocabulary/3674/index.html (+1ms) 
23:44:34   ├─ /vocabulary/3675/index.html (+1ms) 
23:44:34   ├─ /vocabulary/3676/index.html (+1ms) 
23:44:34   ├─ /vocabulary/3677/index.html (+1ms) 
23:44:34   ├─ /vocabulary/3678/index.html (+1ms) 
23:44:34   ├─ /vocabulary/3679/index.html (+1ms) 
23:44:34   ├─ /vocabulary/3680/index.html (+1ms) 
23:44:34   ├─ /vocabulary/3681/index.html (+1ms) 
23:44:34   ├─ /vocabulary/3682/index.html (+1ms) 
23:44:34   ├─ /vocabulary/3683/index.html (+1ms) 
23:44:34   ├─ /vocabulary/3684/index.html (+1ms) 
23:44:34   ├─ /vocabulary/3685/index.html (+1ms) 
23:44:34   ├─ /vocabulary/3686/index.html (+1ms) 
23:44:34   ├─ /vocabulary/3687/index.html (+1ms) 
23:44:34   ├─ /vocabulary/3688/index.html (+1ms) 
23:44:34   ├─ /vocabulary/3689/index.html (+7ms) 
23:44:34   ├─ /vocabulary/3690/index.html (+1ms) 
23:44:34   ├─ /vocabulary/3691/index.html (+2ms) 
23:44:34   ├─ /vocabulary/3692/index.html (+3ms) 
23:44:34   ├─ /vocabulary/3693/index.html (+3ms) 
23:44:34   ├─ /vocabulary/3694/index.html (+2ms) 
23:44:34   ├─ /vocabulary/3695/index.html (+3ms) 
23:44:34   ├─ /vocabulary/3696/index.html (+2ms) 
23:44:34   ├─ /vocabulary/3697/index.html (+2ms) 
23:44:34   ├─ /vocabulary/3698/index.html (+2ms) 
23:44:34   ├─ /vocabulary/3699/index.html (+2ms) 
23:44:34   ├─ /vocabulary/3700/index.html (+1ms) 
23:44:34   ├─ /vocabulary/3701/index.html (+1ms) 
23:44:34   ├─ /vocabulary/3702/index.html (+2ms) 
23:44:34   ├─ /vocabulary/3703/index.html (+1ms) 
23:44:34   ├─ /vocabulary/3704/index.html (+1ms) 
23:44:34   ├─ /vocabulary/3705/index.html (+1ms) 
23:44:34   ├─ /vocabulary/3706/index.html (+1ms) 
23:44:34   ├─ /vocabulary/3707/index.html (+1ms) 
23:44:34   ├─ /vocabulary/3708/index.html (+1ms) 
23:44:34   ├─ /vocabulary/3709/index.html (+2ms) 
23:44:34   ├─ /vocabulary/3710/index.html (+2ms) 
23:44:34   ├─ /vocabulary/3711/index.html (+2ms) 
23:44:34   ├─ /vocabulary/3712/index.html (+1ms) 
23:44:34   ├─ /vocabulary/3713/index.html (+3ms) 
23:44:34   ├─ /vocabulary/3714/index.html (+4ms) 
23:44:34   ├─ /vocabulary/3715/index.html (+7ms) 
23:44:34   ├─ /vocabulary/3716/index.html (+5ms) 
23:44:34   ├─ /vocabulary/3717/index.html (+5ms) 
23:44:34   ├─ /vocabulary/3718/index.html (+1ms) 
23:44:34   ├─ /vocabulary/3719/index.html (+1ms) 
23:44:34   ├─ /vocabulary/3720/index.html (+1ms) 
23:44:34   ├─ /vocabulary/3721/index.html (+1ms) 
23:44:34   ├─ /vocabulary/3722/index.html (+1ms) 
23:44:34   ├─ /vocabulary/3723/index.html (+1ms) 
23:44:34   ├─ /vocabulary/3724/index.html (+1ms) 
23:44:34   ├─ /vocabulary/3725/index.html (+1ms) 
23:44:34   ├─ /vocabulary/3726/index.html (+1ms) 
23:44:34   ├─ /vocabulary/3727/index.html (+1ms) 
23:44:34   ├─ /vocabulary/3728/index.html (+1ms) 
23:44:34   ├─ /vocabulary/3729/index.html (+3ms) 
23:44:34   ├─ /vocabulary/3730/index.html (+5ms) 
23:44:34   ├─ /vocabulary/3731/index.html (+3ms) 
23:44:34   ├─ /vocabulary/3732/index.html (+4ms) 
23:44:34   ├─ /vocabulary/3733/index.html (+2ms) 
23:44:34   ├─ /vocabulary/3734/index.html (+1ms) 
23:44:34   ├─ /vocabulary/3735/index.html (+2ms) 
23:44:34   ├─ /vocabulary/3736/index.html (+2ms) 
23:44:34   ├─ /vocabulary/3737/index.html (+2ms) 
23:44:34   ├─ /vocabulary/3738/index.html (+2ms) 
23:44:34   ├─ /vocabulary/3739/index.html (+2ms) 
23:44:34   ├─ /vocabulary/3740/index.html (+4ms) 
23:44:34   ├─ /vocabulary/3741/index.html (+3ms) 
23:44:34   ├─ /vocabulary/3742/index.html (+6ms) 
23:44:34   ├─ /vocabulary/3743/index.html (+7ms) 
23:44:34   ├─ /vocabulary/3744/index.html (+2ms) 
23:44:34   ├─ /vocabulary/3745/index.html (+3ms) 
23:44:34   ├─ /vocabulary/3746/index.html (+2ms) 
23:44:34   ├─ /vocabulary/3747/index.html (+1ms) 
23:44:34   ├─ /vocabulary/3748/index.html (+1ms) 
23:44:34   ├─ /vocabulary/3749/index.html (+1ms) 
23:44:34   ├─ /vocabulary/3750/index.html (+1ms) 
23:44:34   ├─ /vocabulary/3751/index.html (+1ms) 
23:44:34   ├─ /vocabulary/3752/index.html (+1ms) 
23:44:34   ├─ /vocabulary/3753/index.html (+1ms) 
23:44:34   ├─ /vocabulary/3754/index.html (+1ms) 
23:44:34   ├─ /vocabulary/3755/index.html (+1ms) 
23:44:34   ├─ /vocabulary/3756/index.html (+1ms) 
23:44:34   ├─ /vocabulary/3757/index.html (+5ms) 
23:44:34   ├─ /vocabulary/3758/index.html (+4ms) 
23:44:34   ├─ /vocabulary/3759/index.html (+1ms) 
23:44:34   ├─ /vocabulary/3760/index.html (+1ms) 
23:44:34   ├─ /vocabulary/3761/index.html (+2ms) 
23:44:34   ├─ /vocabulary/3762/index.html (+1ms) 
23:44:34   ├─ /vocabulary/3763/index.html (+1ms) 
23:44:34   ├─ /vocabulary/3764/index.html (+1ms) 
23:44:34   ├─ /vocabulary/3765/index.html (+1ms) 
23:44:34   ├─ /vocabulary/3766/index.html (+1ms) 
23:44:34   ├─ /vocabulary/3767/index.html (+1ms) 
23:44:34   ├─ /vocabulary/3768/index.html (+1ms) 
23:44:34   ├─ /vocabulary/3769/index.html (+1ms) 
23:44:34   ├─ /vocabulary/3770/index.html (+1ms) 
23:44:34   ├─ /vocabulary/3771/index.html (+4ms) 
23:44:34   ├─ /vocabulary/3772/index.html (+1ms) 
23:44:34   ├─ /vocabulary/3773/index.html (+2ms) 
23:44:34   ├─ /vocabulary/3774/index.html (+3ms) 
23:44:34   ├─ /vocabulary/3775/index.html (+1ms) 
23:44:34   ├─ /vocabulary/3776/index.html (+1ms) 
23:44:34   ├─ /vocabulary/3777/index.html (+1ms) 
23:44:34   ├─ /vocabulary/3778/index.html (+2ms) 
23:44:34   ├─ /vocabulary/3779/index.html (+1ms) 
23:44:34   ├─ /vocabulary/3780/index.html (+1ms) 
23:44:34   ├─ /vocabulary/3781/index.html (+1ms) 
23:44:34   ├─ /vocabulary/3782/index.html (+1ms) 
23:44:34   ├─ /vocabulary/3783/index.html (+1ms) 
23:44:34   ├─ /vocabulary/3784/index.html (+1ms) 
23:44:34   ├─ /vocabulary/3785/index.html (+1ms) 
23:44:34   ├─ /vocabulary/3786/index.html (+1ms) 
23:44:34   ├─ /vocabulary/3787/index.html (+1ms) 
23:44:34   ├─ /vocabulary/3788/index.html (+1ms) 
23:44:34   ├─ /vocabulary/3789/index.html (+1ms) 
23:44:34   ├─ /vocabulary/3790/index.html (+1ms) 
23:44:34   ├─ /vocabulary/3791/index.html (+1ms) 
23:44:34   ├─ /vocabulary/3792/index.html (+1ms) 
23:44:34   ├─ /vocabulary/3793/index.html (+1ms) 
23:44:34   ├─ /vocabulary/3794/index.html (+1ms) 
23:44:34   ├─ /vocabulary/3795/index.html (+1ms) 
23:44:34   ├─ /vocabulary/3796/index.html (+1ms) 
23:44:34   ├─ /vocabulary/3797/index.html (+1ms) 
23:44:34   ├─ /vocabulary/3798/index.html (+1ms) 
23:44:34   ├─ /vocabulary/3799/index.html (+1ms) 
23:44:34   ├─ /vocabulary/3800/index.html (+1ms) 
23:44:34   ├─ /vocabulary/3801/index.html (+1ms) 
23:44:34   ├─ /vocabulary/3802/index.html (+1ms) 
23:44:34   ├─ /vocabulary/3803/index.html (+1ms) 
23:44:34   ├─ /vocabulary/3804/index.html (+1ms) 
23:44:34   ├─ /vocabulary/3805/index.html (+1ms) 
23:44:34   ├─ /vocabulary/3806/index.html (+1ms) 
23:44:34   ├─ /vocabulary/3807/index.html (+1ms) 
23:44:34   ├─ /vocabulary/3808/index.html (+1ms) 
23:44:34   ├─ /vocabulary/3809/index.html (+1ms) 
23:44:34   ├─ /vocabulary/3810/index.html (+1ms) 
23:44:34   ├─ /vocabulary/3811/index.html (+1ms) 
23:44:34   ├─ /vocabulary/3812/index.html (+1ms) 
23:44:34   ├─ /vocabulary/3813/index.html (+1ms) 
23:44:34   ├─ /vocabulary/3814/index.html (+1ms) 
23:44:34   ├─ /vocabulary/3815/index.html (+1ms) 
23:44:34   ├─ /vocabulary/3816/index.html (+1ms) 
23:44:34   ├─ /vocabulary/3817/index.html (+1ms) 
23:44:34   ├─ /vocabulary/3818/index.html (+1ms) 
23:44:34   ├─ /vocabulary/3819/index.html (+1ms) 
23:44:34   ├─ /vocabulary/3820/index.html (+1ms) 
23:44:34   ├─ /vocabulary/3821/index.html (+1ms) 
23:44:34   ├─ /vocabulary/3822/index.html (+1ms) 
23:44:34   ├─ /vocabulary/3823/index.html (+2ms) 
23:44:34   ├─ /vocabulary/3824/index.html (+1ms) 
23:44:34   ├─ /vocabulary/3825/index.html (+1ms) 
23:44:34   ├─ /vocabulary/3826/index.html (+1ms) 
23:44:34   ├─ /vocabulary/3827/index.html (+1ms) 
23:44:34   ├─ /vocabulary/3828/index.html (+1ms) 
23:44:34   ├─ /vocabulary/3829/index.html (+1ms) 
23:44:34   ├─ /vocabulary/3830/index.html (+1ms) 
23:44:34   ├─ /vocabulary/3831/index.html (+1ms) 
23:44:34   ├─ /vocabulary/3832/index.html (+1ms) 
23:44:34   ├─ /vocabulary/3833/index.html (+1ms) 
23:44:34   ├─ /vocabulary/3834/index.html (+1ms) 
23:44:34   ├─ /vocabulary/3835/index.html (+1ms) 
23:44:34   ├─ /vocabulary/3836/index.html (+2ms) 
23:44:34   ├─ /vocabulary/3837/index.html (+3ms) 
23:44:34   ├─ /vocabulary/3838/index.html (+1ms) 
23:44:34   ├─ /vocabulary/3839/index.html (+1ms) 
23:44:34   ├─ /vocabulary/3840/index.html (+1ms) 
23:44:34   ├─ /vocabulary/3841/index.html (+1ms) 
23:44:34   ├─ /vocabulary/3842/index.html (+1ms) 
23:44:34   ├─ /vocabulary/3843/index.html (+1ms) 
23:44:34   ├─ /vocabulary/3844/index.html (+1ms) 
23:44:34   ├─ /vocabulary/3845/index.html (+1ms) 
23:44:34   ├─ /vocabulary/3846/index.html (+1ms) 
23:44:34   ├─ /vocabulary/3847/index.html (+1ms) 
23:44:34   ├─ /vocabulary/3848/index.html (+1ms) 
23:44:34   ├─ /vocabulary/3849/index.html (+1ms) 
23:44:34   ├─ /vocabulary/3850/index.html (+1ms) 
23:44:34   ├─ /vocabulary/3851/index.html (+1ms) 
23:44:34   ├─ /vocabulary/3852/index.html (+2ms) 
23:44:34   ├─ /vocabulary/3853/index.html (+1ms) 
23:44:34   ├─ /vocabulary/3854/index.html (+1ms) 
23:44:34   ├─ /vocabulary/3855/index.html (+1ms) 
23:44:34   ├─ /vocabulary/3856/index.html (+1ms) 
23:44:34   ├─ /vocabulary/3857/index.html (+1ms) 
23:44:34   ├─ /vocabulary/3858/index.html (+1ms) 
23:44:34   ├─ /vocabulary/3859/index.html (+1ms) 
23:44:34   ├─ /vocabulary/3860/index.html (+1ms) 
23:44:34   ├─ /vocabulary/3861/index.html (+1ms) 
23:44:34   ├─ /vocabulary/3862/index.html (+1ms) 
23:44:34   ├─ /vocabulary/3863/index.html (+1ms) 
23:44:34   ├─ /vocabulary/3864/index.html (+1ms) 
23:44:34   ├─ /vocabulary/3865/index.html (+1ms) 
23:44:34   ├─ /vocabulary/3866/index.html (+1ms) 
23:44:34   ├─ /vocabulary/3867/index.html (+1ms) 
23:44:34   ├─ /vocabulary/3868/index.html (+1ms) 
23:44:34   ├─ /vocabulary/3869/index.html (+1ms) 
23:44:34   ├─ /vocabulary/3870/index.html (+1ms) 
23:44:34   ├─ /vocabulary/3871/index.html (+5ms) 
23:44:34   ├─ /vocabulary/3872/index.html (+1ms) 
23:44:34   ├─ /vocabulary/3873/index.html (+1ms) 
23:44:34   ├─ /vocabulary/3874/index.html (+1ms) 
23:44:34   ├─ /vocabulary/3875/index.html (+1ms) 
23:44:34   ├─ /vocabulary/3876/index.html (+1ms) 
23:44:34   ├─ /vocabulary/3877/index.html (+1ms) 
23:44:34   ├─ /vocabulary/3878/index.html (+1ms) 
23:44:34   ├─ /vocabulary/3879/index.html (+3ms) 
23:44:34   ├─ /vocabulary/3880/index.html (+4ms) 
23:44:34   ├─ /vocabulary/3881/index.html (+1ms) 
23:44:34   ├─ /vocabulary/3882/index.html (+3ms) 
23:44:34   ├─ /vocabulary/3883/index.html (+1ms) 
23:44:34   ├─ /vocabulary/3884/index.html (+2ms) 
23:44:34   ├─ /vocabulary/3885/index.html (+1ms) 
23:44:34   ├─ /vocabulary/3886/index.html (+1ms) 
23:44:34   ├─ /vocabulary/3887/index.html (+1ms) 
23:44:34   ├─ /vocabulary/3888/index.html (+3ms) 
23:44:34   ├─ /vocabulary/3889/index.html (+1ms) 
23:44:34   ├─ /vocabulary/3890/index.html (+2ms) 
23:44:34   ├─ /vocabulary/3891/index.html (+1ms) 
23:44:34   ├─ /vocabulary/3892/index.html (+1ms) 
23:44:34   ├─ /vocabulary/3893/index.html (+1ms) 
23:44:34   ├─ /vocabulary/3894/index.html (+1ms) 
23:44:34   ├─ /vocabulary/3895/index.html (+1ms) 
23:44:34   ├─ /vocabulary/3896/index.html (+1ms) 
23:44:34   ├─ /vocabulary/3897/index.html (+1ms) 
23:44:34   ├─ /vocabulary/3898/index.html (+1ms) 
23:44:34   ├─ /vocabulary/3899/index.html (+1ms) 
23:44:34   ├─ /vocabulary/3900/index.html (+1ms) 
23:44:34   ├─ /vocabulary/3901/index.html (+1ms) 
23:44:34   ├─ /vocabulary/3902/index.html (+1ms) 
23:44:34   ├─ /vocabulary/3903/index.html (+1ms) 
23:44:34   ├─ /vocabulary/3904/index.html (+1ms) 
23:44:34   ├─ /vocabulary/3905/index.html (+1ms) 
23:44:34   ├─ /vocabulary/3906/index.html (+5ms) 
23:44:34   ├─ /vocabulary/3907/index.html (+2ms) 
23:44:34   ├─ /vocabulary/3908/index.html (+1ms) 
23:44:34   ├─ /vocabulary/3909/index.html (+1ms) 
23:44:34   ├─ /vocabulary/3910/index.html (+1ms) 
23:44:34   ├─ /vocabulary/3911/index.html (+1ms) 
23:44:34   ├─ /vocabulary/3912/index.html (+1ms) 
23:44:34   ├─ /vocabulary/3913/index.html (+1ms) 
23:44:34   ├─ /vocabulary/3914/index.html (+1ms) 
23:44:34   ├─ /vocabulary/3915/index.html (+1ms) 
23:44:34   ├─ /vocabulary/3916/index.html (+1ms) 
23:44:34   ├─ /vocabulary/3917/index.html (+1ms) 
23:44:34   ├─ /vocabulary/3918/index.html (+1ms) 
23:44:34   ├─ /vocabulary/3919/index.html (+1ms) 
23:44:34   ├─ /vocabulary/3920/index.html (+1ms) 
23:44:34   ├─ /vocabulary/3921/index.html (+1ms) 
23:44:34   ├─ /vocabulary/3922/index.html (+1ms) 
23:44:34   ├─ /vocabulary/3923/index.html (+1ms) 
23:44:34   ├─ /vocabulary/3924/index.html (+5ms) 
23:44:34   ├─ /vocabulary/3925/index.html (+1ms) 
23:44:34   ├─ /vocabulary/3926/index.html (+1ms) 
23:44:34   ├─ /vocabulary/3927/index.html (+1ms) 
23:44:34   ├─ /vocabulary/3928/index.html (+1ms) 
23:44:34   ├─ /vocabulary/3929/index.html (+1ms) 
23:44:34   ├─ /vocabulary/3930/index.html (+1ms) 
23:44:34   ├─ /vocabulary/3931/index.html (+1ms) 
23:44:34   ├─ /vocabulary/3932/index.html (+1ms) 
23:44:34   ├─ /vocabulary/3933/index.html (+1ms) 
23:44:34   ├─ /vocabulary/3934/index.html (+1ms) 
23:44:34   ├─ /vocabulary/3935/index.html (+4ms) 
23:44:34   ├─ /vocabulary/3936/index.html (+2ms) 
23:44:34   ├─ /vocabulary/3937/index.html (+3ms) 
23:44:34   ├─ /vocabulary/3938/index.html (+3ms) 
23:44:34   ├─ /vocabulary/3939/index.html (+3ms) 
23:44:34   ├─ /vocabulary/3940/index.html (+5ms) 
23:44:34   ├─ /vocabulary/3941/index.html (+4ms) 
23:44:34   ├─ /vocabulary/3942/index.html (+1ms) 
23:44:34   ├─ /vocabulary/3943/index.html (+1ms) 
23:44:34   ├─ /vocabulary/3944/index.html (+1ms) 
23:44:34   ├─ /vocabulary/3945/index.html (+1ms) 
23:44:34   ├─ /vocabulary/3946/index.html (+1ms) 
23:44:34   ├─ /vocabulary/3947/index.html (+1ms) 
23:44:34   ├─ /vocabulary/3948/index.html (+1ms) 
23:44:34   ├─ /vocabulary/3949/index.html (+1ms) 
23:44:34   ├─ /vocabulary/3950/index.html (+1ms) 
23:44:34   ├─ /vocabulary/3951/index.html (+1ms) 
23:44:34   ├─ /vocabulary/3952/index.html (+1ms) 
23:44:34   ├─ /vocabulary/3953/index.html (+1ms) 
23:44:34   ├─ /vocabulary/3954/index.html (+1ms) 
23:44:34   ├─ /vocabulary/3955/index.html (+1ms) 
23:44:34   ├─ /vocabulary/3956/index.html (+1ms) 
23:44:34   ├─ /vocabulary/3957/index.html (+1ms) 
23:44:34   ├─ /vocabulary/3958/index.html (+1ms) 
23:44:34   ├─ /vocabulary/3959/index.html (+1ms) 
23:44:34   ├─ /vocabulary/3960/index.html (+1ms) 
23:44:34   ├─ /vocabulary/3961/index.html (+1ms) 
23:44:34   ├─ /vocabulary/3962/index.html (+1ms) 
23:44:34   ├─ /vocabulary/3963/index.html (+1ms) 
23:44:34   ├─ /vocabulary/3964/index.html (+1ms) 
23:44:34   ├─ /vocabulary/3965/index.html (+1ms) 
23:44:34   ├─ /vocabulary/3966/index.html (+1ms) 
23:44:34   ├─ /vocabulary/3967/index.html (+1ms) 
23:44:34   ├─ /vocabulary/3968/index.html (+1ms) 
23:44:34   ├─ /vocabulary/3969/index.html (+1ms) 
23:44:34   ├─ /vocabulary/3970/index.html (+1ms) 
23:44:34   ├─ /vocabulary/3971/index.html (+1ms) 
23:44:34   ├─ /vocabulary/3972/index.html (+1ms) 
23:44:34   ├─ /vocabulary/3973/index.html (+1ms) 
23:44:34   ├─ /vocabulary/3974/index.html (+1ms) 
23:44:34   ├─ /vocabulary/3975/index.html (+1ms) 
23:44:34   ├─ /vocabulary/3976/index.html (+1ms) 
23:44:34   ├─ /vocabulary/3977/index.html (+1ms) 
23:44:34   ├─ /vocabulary/3978/index.html (+1ms) 
23:44:34   ├─ /vocabulary/3979/index.html (+1ms) 
23:44:34   ├─ /vocabulary/3980/index.html (+1ms) 
23:44:34   ├─ /vocabulary/3981/index.html (+1ms) 
23:44:34   ├─ /vocabulary/3982/index.html (+1ms) 
23:44:34   ├─ /vocabulary/3983/index.html (+1ms) 
23:44:34   ├─ /vocabulary/3984/index.html (+1ms) 
23:44:34   ├─ /vocabulary/3985/index.html (+1ms) 
23:44:34   ├─ /vocabulary/3986/index.html (+1ms) 
23:44:34   ├─ /vocabulary/3987/index.html (+1ms) 
23:44:34   ├─ /vocabulary/3988/index.html (+1ms) 
23:44:34   ├─ /vocabulary/3989/index.html (+1ms) 
23:44:34   ├─ /vocabulary/3990/index.html (+1ms) 
23:44:34   ├─ /vocabulary/3991/index.html (+1ms) 
23:44:34   ├─ /vocabulary/3992/index.html (+1ms) 
23:44:34   ├─ /vocabulary/3993/index.html (+1ms) 
23:44:34   ├─ /vocabulary/3994/index.html (+1ms) 
23:44:34   ├─ /vocabulary/3995/index.html (+1ms) 
23:44:34   ├─ /vocabulary/3996/index.html (+1ms) 
23:44:34   ├─ /vocabulary/3997/index.html (+1ms) 
23:44:34   ├─ /vocabulary/3998/index.html (+1ms) 
23:44:34   ├─ /vocabulary/3999/index.html (+1ms) 
23:44:34   ├─ /vocabulary/4000/index.html (+1ms) 
23:44:34   ├─ /vocabulary/4001/index.html (+1ms) 
23:44:34   ├─ /vocabulary/4002/index.html (+1ms) 
23:44:34   ├─ /vocabulary/4003/index.html (+1ms) 
23:44:34   ├─ /vocabulary/4004/index.html (+2ms) 
23:44:34   ├─ /vocabulary/4005/index.html (+4ms) 
23:44:34   ├─ /vocabulary/4006/index.html (+3ms) 
23:44:34   ├─ /vocabulary/4007/index.html (+4ms) 
23:44:34   ├─ /vocabulary/4008/index.html (+1ms) 
23:44:34   ├─ /vocabulary/4009/index.html (+6ms) 
23:44:34   ├─ /vocabulary/4010/index.html (+6ms) 
23:44:34   ├─ /vocabulary/4011/index.html (+6ms) 
23:44:34   ├─ /vocabulary/4012/index.html (+4ms) 
23:44:34   ├─ /vocabulary/4013/index.html (+1ms) 
23:44:34   ├─ /vocabulary/4014/index.html (+3ms) 
23:44:34   ├─ /vocabulary/4015/index.html (+5ms) 
23:44:34   ├─ /vocabulary/4016/index.html (+1ms) 
23:44:34   ├─ /vocabulary/4017/index.html (+1ms) 
23:44:34   ├─ /vocabulary/4018/index.html (+1ms) 
23:44:34   ├─ /vocabulary/4019/index.html (+2ms) 
23:44:34   ├─ /vocabulary/4020/index.html (+2ms) 
23:44:34   ├─ /vocabulary/4021/index.html (+1ms) 
23:44:34   ├─ /vocabulary/4022/index.html (+4ms) 
23:44:34   ├─ /vocabulary/4023/index.html (+3ms) 
23:44:34   ├─ /vocabulary/4024/index.html (+4ms) 
23:44:34   ├─ /vocabulary/4025/index.html (+3ms) 
23:44:34   ├─ /vocabulary/4026/index.html (+3ms) 
23:44:34   ├─ /vocabulary/4027/index.html (+3ms) 
23:44:34   ├─ /vocabulary/4028/index.html (+3ms) 
23:44:34   ├─ /vocabulary/4029/index.html (+1ms) 
23:44:34   ├─ /vocabulary/4030/index.html (+1ms) 
23:44:34   ├─ /vocabulary/4031/index.html (+1ms) 
23:44:35   ├─ /vocabulary/4032/index.html (+1ms) 
23:44:35   ├─ /vocabulary/4033/index.html (+1ms) 
23:44:35   ├─ /vocabulary/4034/index.html (+3ms) 
23:44:35   ├─ /vocabulary/4035/index.html (+1ms) 
23:44:35   ├─ /vocabulary/4036/index.html (+2ms) 
23:44:35   ├─ /vocabulary/4037/index.html (+1ms) 
23:44:35   ├─ /vocabulary/4038/index.html (+1ms) 
23:44:35   ├─ /vocabulary/4039/index.html (+1ms) 
23:44:35   ├─ /vocabulary/4040/index.html (+8ms) 
23:44:35   ├─ /vocabulary/4041/index.html (+2ms) 
23:44:35   ├─ /vocabulary/4042/index.html (+1ms) 
23:44:35   ├─ /vocabulary/4043/index.html (+1ms) 
23:44:35   ├─ /vocabulary/4044/index.html (+1ms) 
23:44:35   ├─ /vocabulary/4045/index.html (+1ms) 
23:44:35   ├─ /vocabulary/4046/index.html (+1ms) 
23:44:35   ├─ /vocabulary/4047/index.html (+1ms) 
23:44:35   ├─ /vocabulary/4048/index.html (+1ms) 
23:44:35   ├─ /vocabulary/4049/index.html (+1ms) 
23:44:35   ├─ /vocabulary/4050/index.html (+1ms) 
23:44:35   ├─ /vocabulary/4051/index.html (+5ms) 
23:44:35   ├─ /vocabulary/4052/index.html (+2ms) 
23:44:35   ├─ /vocabulary/4053/index.html (+1ms) 
23:44:35   ├─ /vocabulary/4054/index.html (+1ms) 
23:44:35   ├─ /vocabulary/4055/index.html (+1ms) 
23:44:35   ├─ /vocabulary/4056/index.html (+1ms) 
23:44:35   ├─ /vocabulary/4057/index.html (+1ms) 
23:44:35   ├─ /vocabulary/4058/index.html (+1ms) 
23:44:35   ├─ /vocabulary/4059/index.html (+1ms) 
23:44:35   ├─ /vocabulary/4060/index.html (+1ms) 
23:44:35   ├─ /vocabulary/4061/index.html (+1ms) 
23:44:35   ├─ /vocabulary/4062/index.html (+1ms) 
23:44:35   ├─ /vocabulary/4063/index.html (+1ms) 
23:44:35   ├─ /vocabulary/4064/index.html (+2ms) 
23:44:35   ├─ /vocabulary/4065/index.html (+1ms) 
23:44:35   ├─ /vocabulary/4066/index.html (+1ms) 
23:44:35   ├─ /vocabulary/4067/index.html (+2ms) 
23:44:35   ├─ /vocabulary/4068/index.html (+8ms) 
23:44:35   ├─ /vocabulary/4069/index.html (+3ms) 
23:44:35   ├─ /vocabulary/4070/index.html (+2ms) 
23:44:35   ├─ /vocabulary/4071/index.html (+1ms) 
23:44:35   ├─ /vocabulary/4072/index.html (+1ms) 
23:44:35   ├─ /vocabulary/4073/index.html (+1ms) 
23:44:35   ├─ /vocabulary/4074/index.html (+1ms) 
23:44:35   ├─ /vocabulary/4075/index.html (+1ms) 
23:44:35   ├─ /vocabulary/4076/index.html (+1ms) 
23:44:35   ├─ /vocabulary/4077/index.html (+1ms) 
23:44:35   ├─ /vocabulary/4078/index.html (+1ms) 
23:44:35   ├─ /vocabulary/4079/index.html (+1ms) 
23:44:35   ├─ /vocabulary/4080/index.html (+1ms) 
23:44:35   ├─ /vocabulary/4081/index.html (+1ms) 
23:44:35   ├─ /vocabulary/4082/index.html (+1ms) 
23:44:35   ├─ /vocabulary/4083/index.html (+1ms) 
23:44:35   ├─ /vocabulary/4084/index.html (+1ms) 
23:44:35   ├─ /vocabulary/4085/index.html (+1ms) 
23:44:35   ├─ /vocabulary/4086/index.html (+1ms) 
23:44:35   ├─ /vocabulary/4087/index.html (+1ms) 
23:44:35   ├─ /vocabulary/4088/index.html (+1ms) 
23:44:35   ├─ /vocabulary/4089/index.html (+1ms) 
23:44:35   ├─ /vocabulary/4090/index.html (+1ms) 
23:44:35   ├─ /vocabulary/4091/index.html (+1ms) 
23:44:35   ├─ /vocabulary/4092/index.html (+1ms) 
23:44:35   ├─ /vocabulary/4093/index.html (+1ms) 
23:44:35   ├─ /vocabulary/4094/index.html (+1ms) 
23:44:35   ├─ /vocabulary/4095/index.html (+1ms) 
23:44:35   ├─ /vocabulary/4096/index.html (+1ms) 
23:44:35   ├─ /vocabulary/4097/index.html (+1ms) 
23:44:35   ├─ /vocabulary/4098/index.html (+1ms) 
23:44:35   ├─ /vocabulary/4099/index.html (+1ms) 
23:44:35   ├─ /vocabulary/4100/index.html (+1ms) 
23:44:35   ├─ /vocabulary/4101/index.html (+1ms) 
23:44:35   ├─ /vocabulary/4102/index.html (+1ms) 
23:44:35   ├─ /vocabulary/4103/index.html (+1ms) 
23:44:35   ├─ /vocabulary/4104/index.html (+1ms) 
23:44:35   ├─ /vocabulary/4105/index.html (+2ms) 
23:44:35   ├─ /vocabulary/4106/index.html (+1ms) 
23:44:35   ├─ /vocabulary/4107/index.html (+1ms) 
23:44:35   ├─ /vocabulary/4108/index.html (+1ms) 
23:44:35   ├─ /vocabulary/4109/index.html (+1ms) 
23:44:35   ├─ /vocabulary/4110/index.html (+1ms) 
23:44:35   ├─ /vocabulary/4111/index.html (+3ms) 
23:44:35   ├─ /vocabulary/4112/index.html (+1ms) 
23:44:35   ├─ /vocabulary/4113/index.html (+1ms) 
23:44:35   ├─ /vocabulary/4114/index.html (+1ms) 
23:44:35   ├─ /vocabulary/4115/index.html (+1ms) 
23:44:35   ├─ /vocabulary/4116/index.html (+1ms) 
23:44:35   ├─ /vocabulary/4117/index.html (+1ms) 
23:44:35   ├─ /vocabulary/4118/index.html (+1ms) 
23:44:35   ├─ /vocabulary/4119/index.html (+2ms) 
23:44:35   ├─ /vocabulary/4120/index.html (+1ms) 
23:44:35   ├─ /vocabulary/4121/index.html (+1ms) 
23:44:35   ├─ /vocabulary/4122/index.html (+1ms) 
23:44:35   ├─ /vocabulary/4123/index.html (+2ms) 
23:44:35   ├─ /vocabulary/4124/index.html (+1ms) 
23:44:35   ├─ /vocabulary/4125/index.html (+1ms) 
23:44:35   ├─ /vocabulary/4126/index.html (+1ms) 
23:44:35   ├─ /vocabulary/4127/index.html (+1ms) 
23:44:35   ├─ /vocabulary/4128/index.html (+1ms) 
23:44:35   ├─ /vocabulary/4129/index.html (+1ms) 
23:44:35   ├─ /vocabulary/4130/index.html (+1ms) 
23:44:35   ├─ /vocabulary/4131/index.html (+1ms) 
23:44:35   ├─ /vocabulary/4132/index.html (+1ms) 
23:44:35   ├─ /vocabulary/4133/index.html (+1ms) 
23:44:35   ├─ /vocabulary/4134/index.html (+1ms) 
23:44:35   ├─ /vocabulary/4135/index.html (+1ms) 
23:44:35   ├─ /vocabulary/4136/index.html (+1ms) 
23:44:35   ├─ /vocabulary/4137/index.html (+1ms) 
23:44:35   ├─ /vocabulary/4138/index.html (+1ms) 
23:44:35   ├─ /vocabulary/4139/index.html (+1ms) 
23:44:35   ├─ /vocabulary/4140/index.html (+1ms) 
23:44:35   ├─ /vocabulary/4141/index.html (+1ms) 
23:44:35   ├─ /vocabulary/4142/index.html (+1ms) 
23:44:35   ├─ /vocabulary/4143/index.html (+1ms) 
23:44:35   ├─ /vocabulary/4144/index.html (+1ms) 
23:44:35   ├─ /vocabulary/4145/index.html (+5ms) 
23:44:35   ├─ /vocabulary/4146/index.html (+2ms) 
23:44:35   ├─ /vocabulary/4147/index.html (+4ms) 
23:44:35   ├─ /vocabulary/4148/index.html (+1ms) 
23:44:35   ├─ /vocabulary/4149/index.html (+2ms) 
23:44:35   ├─ /vocabulary/4150/index.html (+2ms) 
23:44:35   ├─ /vocabulary/4151/index.html (+2ms) 
23:44:35   ├─ /vocabulary/4152/index.html (+1ms) 
23:44:35   ├─ /vocabulary/4153/index.html (+1ms) 
23:44:35   ├─ /vocabulary/4154/index.html (+1ms) 
23:44:35   ├─ /vocabulary/4155/index.html (+1ms) 
23:44:35   ├─ /vocabulary/4156/index.html (+1ms) 
23:44:35   ├─ /vocabulary/4157/index.html (+1ms) 
23:44:35   ├─ /vocabulary/4158/index.html (+1ms) 
23:44:35   ├─ /vocabulary/4159/index.html (+1ms) 
23:44:35   ├─ /vocabulary/4160/index.html (+1ms) 
23:44:35   ├─ /vocabulary/4161/index.html (+1ms) 
23:44:35   ├─ /vocabulary/4162/index.html (+1ms) 
23:44:35   ├─ /vocabulary/4163/index.html (+1ms) 
23:44:35   ├─ /vocabulary/4164/index.html (+1ms) 
23:44:35   ├─ /vocabulary/4165/index.html (+1ms) 
23:44:35   ├─ /vocabulary/4166/index.html (+1ms) 
23:44:35   ├─ /vocabulary/4167/index.html (+1ms) 
23:44:35   ├─ /vocabulary/4168/index.html (+2ms) 
23:44:35   ├─ /vocabulary/4169/index.html (+1ms) 
23:44:35   ├─ /vocabulary/4170/index.html (+1ms) 
23:44:35   ├─ /vocabulary/4171/index.html (+1ms) 
23:44:35   ├─ /vocabulary/4172/index.html (+1ms) 
23:44:35   ├─ /vocabulary/4173/index.html (+1ms) 
23:44:35   ├─ /vocabulary/4174/index.html (+1ms) 
23:44:35   ├─ /vocabulary/4175/index.html (+1ms) 
23:44:35   ├─ /vocabulary/4176/index.html (+1ms) 
23:44:35   ├─ /vocabulary/4177/index.html (+1ms) 
23:44:35   ├─ /vocabulary/4178/index.html (+1ms) 
23:44:35   ├─ /vocabulary/4179/index.html (+1ms) 
23:44:35   ├─ /vocabulary/4180/index.html (+1ms) 
23:44:35   ├─ /vocabulary/4181/index.html (+1ms) 
23:44:35   ├─ /vocabulary/4182/index.html (+1ms) 
23:44:35   ├─ /vocabulary/4183/index.html (+1ms) 
23:44:35   ├─ /vocabulary/4184/index.html (+1ms) 
23:44:35   ├─ /vocabulary/4185/index.html (+1ms) 
23:44:35   ├─ /vocabulary/4186/index.html (+1ms) 
23:44:35   ├─ /vocabulary/4187/index.html (+1ms) 
23:44:35   ├─ /vocabulary/4188/index.html (+1ms) 
23:44:35   ├─ /vocabulary/4189/index.html (+1ms) 
23:44:35   ├─ /vocabulary/4190/index.html (+1ms) 
23:44:35   ├─ /vocabulary/4191/index.html (+1ms) 
23:44:35   ├─ /vocabulary/4192/index.html (+1ms) 
23:44:35   ├─ /vocabulary/4193/index.html (+1ms) 
23:44:35   ├─ /vocabulary/4194/index.html (+2ms) 
23:44:35   ├─ /vocabulary/4195/index.html (+3ms) 
23:44:35   ├─ /vocabulary/4196/index.html (+4ms) 
23:44:35   ├─ /vocabulary/4197/index.html (+1ms) 
23:44:35   ├─ /vocabulary/4198/index.html (+1ms) 
23:44:35   ├─ /vocabulary/4199/index.html (+1ms) 
23:44:35   ├─ /vocabulary/4200/index.html (+1ms) 
23:44:35   ├─ /vocabulary/4201/index.html (+6ms) 
23:44:35   ├─ /vocabulary/4202/index.html (+1ms) 
23:44:35   ├─ /vocabulary/4203/index.html (+1ms) 
23:44:35   ├─ /vocabulary/4204/index.html (+2ms) 
23:44:35   ├─ /vocabulary/4205/index.html (+2ms) 
23:44:35   ├─ /vocabulary/4206/index.html (+1ms) 
23:44:35   ├─ /vocabulary/4207/index.html (+1ms) 
23:44:35   ├─ /vocabulary/4208/index.html (+1ms) 
23:44:35   ├─ /vocabulary/4209/index.html (+1ms) 
23:44:35   ├─ /vocabulary/4210/index.html (+1ms) 
23:44:35   ├─ /vocabulary/4211/index.html (+1ms) 
23:44:35   ├─ /vocabulary/4212/index.html (+1ms) 
23:44:35   ├─ /vocabulary/4213/index.html (+1ms) 
23:44:35   ├─ /vocabulary/4214/index.html (+1ms) 
23:44:35   ├─ /vocabulary/4215/index.html (+1ms) 
23:44:35   ├─ /vocabulary/4216/index.html (+1ms) 
23:44:35   ├─ /vocabulary/4217/index.html (+1ms) 
23:44:35   ├─ /vocabulary/4218/index.html (+1ms) 
23:44:35   ├─ /vocabulary/4219/index.html (+1ms) 
23:44:35   ├─ /vocabulary/4220/index.html (+1ms) 
23:44:35   ├─ /vocabulary/4221/index.html (+1ms) 
23:44:35   ├─ /vocabulary/4222/index.html (+1ms) 
23:44:35   ├─ /vocabulary/4223/index.html (+1ms) 
23:44:35   ├─ /vocabulary/4224/index.html (+1ms) 
23:44:35   ├─ /vocabulary/4225/index.html (+1ms) 
23:44:35   ├─ /vocabulary/4226/index.html (+1ms) 
23:44:35   ├─ /vocabulary/4227/index.html (+1ms) 
23:44:35   ├─ /vocabulary/4228/index.html (+1ms) 
23:44:35   ├─ /vocabulary/4229/index.html (+1ms) 
23:44:35   ├─ /vocabulary/4230/index.html (+1ms) 
23:44:35   ├─ /vocabulary/4231/index.html (+1ms) 
23:44:35   ├─ /vocabulary/4232/index.html (+1ms) 
23:44:35   ├─ /vocabulary/4233/index.html (+1ms) 
23:44:35   ├─ /vocabulary/4234/index.html (+1ms) 
23:44:35   ├─ /vocabulary/4235/index.html (+1ms) 
23:44:35   ├─ /vocabulary/4236/index.html (+1ms) 
23:44:35   ├─ /vocabulary/4237/index.html (+1ms) 
23:44:35   ├─ /vocabulary/4238/index.html (+1ms) 
23:44:35   ├─ /vocabulary/4239/index.html (+1ms) 
23:44:35   ├─ /vocabulary/4240/index.html (+1ms) 
23:44:35   ├─ /vocabulary/4241/index.html (+1ms) 
23:44:35   ├─ /vocabulary/4242/index.html (+1ms) 
23:44:35   ├─ /vocabulary/4243/index.html (+1ms) 
23:44:35   ├─ /vocabulary/4244/index.html (+1ms) 
23:44:35   ├─ /vocabulary/4245/index.html (+1ms) 
23:44:35   ├─ /vocabulary/4246/index.html (+1ms) 
23:44:35   ├─ /vocabulary/4247/index.html (+1ms) 
23:44:35   ├─ /vocabulary/4248/index.html (+1ms) 
23:44:35   ├─ /vocabulary/4249/index.html (+1ms) 
23:44:35   ├─ /vocabulary/4250/index.html (+1ms) 
23:44:35   ├─ /vocabulary/4251/index.html (+1ms) 
23:44:35   ├─ /vocabulary/4252/index.html (+1ms) 
23:44:35   ├─ /vocabulary/4253/index.html (+1ms) 
23:44:35   ├─ /vocabulary/4254/index.html (+1ms) 
23:44:35   ├─ /vocabulary/4255/index.html (+1ms) 
23:44:35   ├─ /vocabulary/4256/index.html (+1ms) 
23:44:35   ├─ /vocabulary/4257/index.html (+1ms) 
23:44:35   ├─ /vocabulary/4258/index.html (+1ms) 
23:44:35   ├─ /vocabulary/4259/index.html (+1ms) 
23:44:35   ├─ /vocabulary/4260/index.html (+1ms) 
23:44:35   ├─ /vocabulary/4261/index.html (+1ms) 
23:44:35   ├─ /vocabulary/4262/index.html (+1ms) 
23:44:35   ├─ /vocabulary/4263/index.html (+1ms) 
23:44:35   ├─ /vocabulary/4264/index.html (+1ms) 
23:44:35   ├─ /vocabulary/4265/index.html (+1ms) 
23:44:35   ├─ /vocabulary/4266/index.html (+1ms) 
23:44:35   ├─ /vocabulary/4267/index.html (+1ms) 
23:44:35   ├─ /vocabulary/4268/index.html (+1ms) 
23:44:35   ├─ /vocabulary/4269/index.html (+1ms) 
23:44:35   ├─ /vocabulary/4270/index.html (+1ms) 
23:44:35   ├─ /vocabulary/4271/index.html (+1ms) 
23:44:35   ├─ /vocabulary/4272/index.html (+1ms) 
23:44:35   ├─ /vocabulary/4273/index.html (+1ms) 
23:44:35   ├─ /vocabulary/4274/index.html (+1ms) 
23:44:35   ├─ /vocabulary/4275/index.html (+1ms) 
23:44:35   ├─ /vocabulary/4276/index.html (+1ms) 
23:44:35   ├─ /vocabulary/4277/index.html (+1ms) 
23:44:35   ├─ /vocabulary/4278/index.html (+1ms) 
23:44:35   ├─ /vocabulary/4279/index.html (+1ms) 
23:44:35   ├─ /vocabulary/4280/index.html (+1ms) 
23:44:35   ├─ /vocabulary/4281/index.html (+1ms) 
23:44:35   ├─ /vocabulary/4282/index.html (+1ms) 
23:44:35   ├─ /vocabulary/4283/index.html (+1ms) 
23:44:35   ├─ /vocabulary/4284/index.html (+1ms) 
23:44:35   ├─ /vocabulary/4285/index.html (+1ms) 
23:44:35   ├─ /vocabulary/4286/index.html (+1ms) 
23:44:35   ├─ /vocabulary/4287/index.html (+1ms) 
23:44:35   ├─ /vocabulary/4288/index.html (+4ms) 
23:44:35   ├─ /vocabulary/4289/index.html (+1ms) 
23:44:35   ├─ /vocabulary/4290/index.html (+1ms) 
23:44:35   ├─ /vocabulary/4291/index.html (+1ms) 
23:44:35   ├─ /vocabulary/4292/index.html (+1ms) 
23:44:35   ├─ /vocabulary/4293/index.html (+1ms) 
23:44:35   ├─ /vocabulary/4294/index.html (+1ms) 
23:44:35   ├─ /vocabulary/4295/index.html (+1ms) 
23:44:35   ├─ /vocabulary/4296/index.html (+1ms) 
23:44:35   ├─ /vocabulary/4297/index.html (+1ms) 
23:44:35   ├─ /vocabulary/4298/index.html (+1ms) 
23:44:35   ├─ /vocabulary/4299/index.html (+1ms) 
23:44:35   ├─ /vocabulary/4300/index.html (+1ms) 
23:44:35   ├─ /vocabulary/4301/index.html (+2ms) 
23:44:35   ├─ /vocabulary/4302/index.html (+1ms) 
23:44:35   ├─ /vocabulary/4303/index.html (+2ms) 
23:44:35   ├─ /vocabulary/4304/index.html (+2ms) 
23:44:35   ├─ /vocabulary/4305/index.html (+1ms) 
23:44:35   ├─ /vocabulary/4306/index.html (+1ms) 
23:44:35   ├─ /vocabulary/4307/index.html (+1ms) 
23:44:35   ├─ /vocabulary/4308/index.html (+1ms) 
23:44:35   ├─ /vocabulary/4309/index.html (+1ms) 
23:44:35   ├─ /vocabulary/4310/index.html (+1ms) 
23:44:35   ├─ /vocabulary/4311/index.html (+1ms) 
23:44:35   ├─ /vocabulary/4312/index.html (+1ms) 
23:44:35   ├─ /vocabulary/4313/index.html (+1ms) 
23:44:35   ├─ /vocabulary/4314/index.html (+1ms) 
23:44:35   ├─ /vocabulary/4315/index.html (+1ms) 
23:44:35   ├─ /vocabulary/4316/index.html (+1ms) 
23:44:35   ├─ /vocabulary/4317/index.html (+1ms) 
23:44:35   ├─ /vocabulary/4318/index.html (+1ms) 
23:44:35   ├─ /vocabulary/4319/index.html (+1ms) 
23:44:35   ├─ /vocabulary/4320/index.html (+1ms) 
23:44:35   ├─ /vocabulary/4321/index.html (+1ms) 
23:44:35   ├─ /vocabulary/4322/index.html (+1ms) 
23:44:35   ├─ /vocabulary/4323/index.html (+1ms) 
23:44:35   ├─ /vocabulary/4324/index.html (+1ms) 
23:44:35   ├─ /vocabulary/4325/index.html (+1ms) 
23:44:35   ├─ /vocabulary/4326/index.html (+1ms) 
23:44:35   ├─ /vocabulary/4327/index.html (+1ms) 
23:44:35   ├─ /vocabulary/4328/index.html (+1ms) 
23:44:35   ├─ /vocabulary/4329/index.html (+1ms) 
23:44:35   ├─ /vocabulary/4330/index.html (+1ms) 
23:44:35   ├─ /vocabulary/4331/index.html (+1ms) 
23:44:35   ├─ /vocabulary/4332/index.html (+1ms) 
23:44:35   ├─ /vocabulary/4333/index.html (+1ms) 
23:44:35   ├─ /vocabulary/4334/index.html (+1ms) 
23:44:35   ├─ /vocabulary/4335/index.html (+1ms) 
23:44:35   ├─ /vocabulary/4336/index.html (+1ms) 
23:44:35   ├─ /vocabulary/4337/index.html (+1ms) 
23:44:35   ├─ /vocabulary/4338/index.html (+1ms) 
23:44:35   ├─ /vocabulary/4339/index.html (+1ms) 
23:44:35   ├─ /vocabulary/4340/index.html (+1ms) 
23:44:35   ├─ /vocabulary/4341/index.html (+1ms) 
23:44:35   ├─ /vocabulary/4342/index.html (+1ms) 
23:44:35   ├─ /vocabulary/4343/index.html (+1ms) 
23:44:35   ├─ /vocabulary/4344/index.html (+1ms) 
23:44:35   ├─ /vocabulary/4345/index.html (+1ms) 
23:44:35   ├─ /vocabulary/4346/index.html (+1ms) 
23:44:35   ├─ /vocabulary/4347/index.html (+1ms) 
23:44:35   ├─ /vocabulary/4348/index.html (+1ms) 
23:44:35   ├─ /vocabulary/4349/index.html (+1ms) 
23:44:35   ├─ /vocabulary/4350/index.html (+1ms) 
23:44:35   ├─ /vocabulary/4351/index.html (+1ms) 
23:44:35   ├─ /vocabulary/4352/index.html (+3ms) 
23:44:35   ├─ /vocabulary/4353/index.html (+1ms) 
23:44:35   ├─ /vocabulary/4354/index.html (+1ms) 
23:44:35   ├─ /vocabulary/4355/index.html (+1ms) 
23:44:35   ├─ /vocabulary/4356/index.html (+1ms) 
23:44:35   ├─ /vocabulary/4357/index.html (+1ms) 
23:44:35   ├─ /vocabulary/4358/index.html (+1ms) 
23:44:35   ├─ /vocabulary/4359/index.html (+1ms) 
23:44:35   ├─ /vocabulary/4360/index.html (+1ms) 
23:44:35   ├─ /vocabulary/4361/index.html (+1ms) 
23:44:35   ├─ /vocabulary/4362/index.html (+1ms) 
23:44:35   ├─ /vocabulary/4363/index.html (+1ms) 
23:44:35   ├─ /vocabulary/4364/index.html (+1ms) 
23:44:35   ├─ /vocabulary/4365/index.html (+1ms) 
23:44:35   ├─ /vocabulary/4366/index.html (+1ms) 
23:44:35   ├─ /vocabulary/4367/index.html (+1ms) 
23:44:35   ├─ /vocabulary/4368/index.html (+1ms) 
23:44:35   ├─ /vocabulary/4369/index.html (+1ms) 
23:44:35   ├─ /vocabulary/4370/index.html (+1ms) 
23:44:35   ├─ /vocabulary/4371/index.html (+1ms) 
23:44:35   ├─ /vocabulary/4372/index.html (+1ms) 
23:44:35   ├─ /vocabulary/4373/index.html (+1ms) 
23:44:35   ├─ /vocabulary/4374/index.html (+1ms) 
23:44:35   ├─ /vocabulary/4375/index.html (+1ms) 
23:44:35   ├─ /vocabulary/4376/index.html (+2ms) 
23:44:35   ├─ /vocabulary/4377/index.html (+2ms) 
23:44:35   ├─ /vocabulary/4378/index.html (+2ms) 
23:44:35   ├─ /vocabulary/4379/index.html (+1ms) 
23:44:35   ├─ /vocabulary/4380/index.html (+1ms) 
23:44:35   ├─ /vocabulary/4381/index.html (+1ms) 
23:44:35   ├─ /vocabulary/4382/index.html (+1ms) 
23:44:35   ├─ /vocabulary/4383/index.html (+1ms) 
23:44:35   ├─ /vocabulary/4384/index.html (+1ms) 
23:44:35   ├─ /vocabulary/4385/index.html (+1ms) 
23:44:35   ├─ /vocabulary/4386/index.html (+1ms) 
23:44:35   ├─ /vocabulary/4387/index.html (+2ms) 
23:44:35   ├─ /vocabulary/4388/index.html (+1ms) 
23:44:35   ├─ /vocabulary/4389/index.html (+3ms) 
23:44:35   ├─ /vocabulary/4390/index.html (+1ms) 
23:44:35   ├─ /vocabulary/4391/index.html (+1ms) 
23:44:35   ├─ /vocabulary/4392/index.html (+1ms) 
23:44:35   ├─ /vocabulary/4393/index.html (+1ms) 
23:44:35   ├─ /vocabulary/4394/index.html (+1ms) 
23:44:35   ├─ /vocabulary/4395/index.html (+1ms) 
23:44:35   ├─ /vocabulary/4396/index.html (+1ms) 
23:44:35   ├─ /vocabulary/4397/index.html (+1ms) 
23:44:35   ├─ /vocabulary/4398/index.html (+1ms) 
23:44:35   ├─ /vocabulary/4399/index.html (+1ms) 
23:44:35   ├─ /vocabulary/4400/index.html (+1ms) 
23:44:35   ├─ /vocabulary/4401/index.html (+1ms) 
23:44:35   ├─ /vocabulary/4402/index.html (+1ms) 
23:44:35   ├─ /vocabulary/4403/index.html (+1ms) 
23:44:35   ├─ /vocabulary/4404/index.html (+1ms) 
23:44:35   ├─ /vocabulary/4405/index.html (+1ms) 
23:44:35   ├─ /vocabulary/4406/index.html (+1ms) 
23:44:35   ├─ /vocabulary/4407/index.html (+1ms) 
23:44:35   ├─ /vocabulary/4408/index.html (+1ms) 
23:44:35   ├─ /vocabulary/4409/index.html (+1ms) 
23:44:35   ├─ /vocabulary/4410/index.html (+1ms) 
23:44:35   ├─ /vocabulary/4411/index.html (+1ms) 
23:44:35   ├─ /vocabulary/4412/index.html (+1ms) 
23:44:35   ├─ /vocabulary/4413/index.html (+1ms) 
23:44:35   ├─ /vocabulary/4414/index.html (+1ms) 
23:44:35   ├─ /vocabulary/4415/index.html (+1ms) 
23:44:35   ├─ /vocabulary/4416/index.html (+1ms) 
23:44:35   ├─ /vocabulary/4417/index.html (+1ms) 
23:44:35   ├─ /vocabulary/4418/index.html (+1ms) 
23:44:35   ├─ /vocabulary/4419/index.html (+1ms) 
23:44:35   ├─ /vocabulary/4420/index.html (+1ms) 
23:44:35   ├─ /vocabulary/4421/index.html (+1ms) 
23:44:35   ├─ /vocabulary/4422/index.html (+1ms) 
23:44:35   ├─ /vocabulary/4423/index.html (+1ms) 
23:44:35   ├─ /vocabulary/4424/index.html (+1ms) 
23:44:35   ├─ /vocabulary/4425/index.html (+1ms) 
23:44:35   ├─ /vocabulary/4426/index.html (+2ms) 
23:44:35   ├─ /vocabulary/4427/index.html (+2ms) 
23:44:35   ├─ /vocabulary/4428/index.html (+1ms) 
23:44:35   ├─ /vocabulary/4429/index.html (+1ms) 
23:44:35   ├─ /vocabulary/4430/index.html (+1ms) 
23:44:35   ├─ /vocabulary/4431/index.html (+1ms) 
23:44:35   ├─ /vocabulary/4432/index.html (+1ms) 
23:44:35   ├─ /vocabulary/4433/index.html (+1ms) 
23:44:35   ├─ /vocabulary/4434/index.html (+1ms) 
23:44:35   ├─ /vocabulary/4435/index.html (+1ms) 
23:44:35   ├─ /vocabulary/4436/index.html (+1ms) 
23:44:35   ├─ /vocabulary/4437/index.html (+1ms) 
23:44:35   ├─ /vocabulary/4438/index.html (+1ms) 
23:44:35   ├─ /vocabulary/4439/index.html (+1ms) 
23:44:35   ├─ /vocabulary/4440/index.html (+1ms) 
23:44:35   ├─ /vocabulary/4441/index.html (+3ms) 
23:44:35   ├─ /vocabulary/4442/index.html (+1ms) 
23:44:35   ├─ /vocabulary/4443/index.html (+1ms) 
23:44:35   ├─ /vocabulary/4444/index.html (+1ms) 
23:44:35   ├─ /vocabulary/4445/index.html (+1ms) 
23:44:35   ├─ /vocabulary/4446/index.html (+1ms) 
23:44:35   ├─ /vocabulary/4447/index.html (+1ms) 
23:44:35   ├─ /vocabulary/4448/index.html (+1ms) 
23:44:35   ├─ /vocabulary/4449/index.html (+2ms) 
23:44:35   ├─ /vocabulary/4450/index.html (+1ms) 
23:44:35   ├─ /vocabulary/4451/index.html (+1ms) 
23:44:35   ├─ /vocabulary/4452/index.html (+1ms) 
23:44:35   ├─ /vocabulary/4453/index.html (+1ms) 
23:44:35   ├─ /vocabulary/4454/index.html (+1ms) 
23:44:35   ├─ /vocabulary/4455/index.html (+1ms) 
23:44:35   ├─ /vocabulary/4456/index.html (+1ms) 
23:44:35   ├─ /vocabulary/4457/index.html (+1ms) 
23:44:35   ├─ /vocabulary/4458/index.html (+2ms) 
23:44:35   ├─ /vocabulary/4459/index.html (+1ms) 
23:44:35   ├─ /vocabulary/4460/index.html (+1ms) 
23:44:35   ├─ /vocabulary/4461/index.html (+1ms) 
23:44:35   ├─ /vocabulary/4462/index.html (+1ms) 
23:44:35   ├─ /vocabulary/4463/index.html (+1ms) 
23:44:35   ├─ /vocabulary/4464/index.html (+1ms) 
23:44:35   ├─ /vocabulary/4465/index.html (+1ms) 
23:44:35   ├─ /vocabulary/4466/index.html (+1ms) 
23:44:35   ├─ /vocabulary/4467/index.html (+1ms) 
23:44:35   ├─ /vocabulary/4468/index.html (+1ms) 
23:44:35   ├─ /vocabulary/4469/index.html (+1ms) 
23:44:35   ├─ /vocabulary/4470/index.html (+1ms) 
23:44:35   ├─ /vocabulary/4471/index.html (+1ms) 
23:44:35   ├─ /vocabulary/4472/index.html (+1ms) 
23:44:35   ├─ /vocabulary/4473/index.html (+1ms) 
23:44:35   ├─ /vocabulary/4474/index.html (+1ms) 
23:44:35   ├─ /vocabulary/4475/index.html (+1ms) 
23:44:35   ├─ /vocabulary/4476/index.html (+1ms) 
23:44:35   ├─ /vocabulary/4477/index.html (+1ms) 
23:44:35   ├─ /vocabulary/4478/index.html (+1ms) 
23:44:35   ├─ /vocabulary/4479/index.html (+1ms) 
23:44:35   ├─ /vocabulary/4480/index.html (+1ms) 
23:44:35   ├─ /vocabulary/4481/index.html (+1ms) 
23:44:35   ├─ /vocabulary/4482/index.html (+1ms) 
23:44:35   ├─ /vocabulary/4483/index.html (+2ms) 
23:44:35   ├─ /vocabulary/4484/index.html (+2ms) 
23:44:35   ├─ /vocabulary/4485/index.html (+3ms) 
23:44:35   ├─ /vocabulary/4486/index.html (+1ms) 
23:44:35   ├─ /vocabulary/4487/index.html (+1ms) 
23:44:35   ├─ /vocabulary/4488/index.html (+1ms) 
23:44:35   ├─ /vocabulary/4489/index.html (+1ms) 
23:44:35   ├─ /vocabulary/4490/index.html (+1ms) 
23:44:35   ├─ /vocabulary/4491/index.html (+1ms) 
23:44:35   ├─ /vocabulary/4492/index.html (+1ms) 
23:44:35   ├─ /vocabulary/4493/index.html (+1ms) 
23:44:35   ├─ /vocabulary/4494/index.html (+1ms) 
23:44:35   ├─ /vocabulary/4495/index.html (+1ms) 
23:44:35   ├─ /vocabulary/4496/index.html (+1ms) 
23:44:35   ├─ /vocabulary/4497/index.html (+1ms) 
23:44:35   ├─ /vocabulary/4498/index.html (+1ms) 
23:44:35   ├─ /vocabulary/4499/index.html (+1ms) 
23:44:35   ├─ /vocabulary/4500/index.html (+4ms) 
23:44:35   ├─ /vocabulary/4501/index.html (+1ms) 
23:44:35   ├─ /vocabulary/4502/index.html (+1ms) 
23:44:35   ├─ /vocabulary/4503/index.html (+1ms) 
23:44:35   ├─ /vocabulary/4504/index.html (+1ms) 
23:44:35   ├─ /vocabulary/4505/index.html (+1ms) 
23:44:35   ├─ /vocabulary/4506/index.html (+1ms) 
23:44:35   ├─ /vocabulary/4507/index.html (+1ms) 
23:44:35   ├─ /vocabulary/4508/index.html (+1ms) 
23:44:35   ├─ /vocabulary/4509/index.html (+2ms) 
23:44:35   ├─ /vocabulary/4510/index.html (+1ms) 
23:44:35   ├─ /vocabulary/4511/index.html (+1ms) 
23:44:35   ├─ /vocabulary/4512/index.html (+2ms) 
23:44:35   ├─ /vocabulary/4513/index.html (+2ms) 
23:44:35   ├─ /vocabulary/4514/index.html (+1ms) 
23:44:35   ├─ /vocabulary/4515/index.html (+1ms) 
23:44:35   ├─ /vocabulary/4516/index.html (+1ms) 
23:44:35   ├─ /vocabulary/4517/index.html (+1ms) 
23:44:35   ├─ /vocabulary/4518/index.html (+1ms) 
23:44:35   ├─ /vocabulary/4519/index.html (+1ms) 
23:44:35   ├─ /vocabulary/4520/index.html (+1ms) 
23:44:35   ├─ /vocabulary/4521/index.html (+1ms) 
23:44:35   ├─ /vocabulary/4522/index.html (+1ms) 
23:44:35   ├─ /vocabulary/4523/index.html (+1ms) 
23:44:35   ├─ /vocabulary/4524/index.html (+1ms) 
23:44:35   ├─ /vocabulary/4525/index.html (+1ms) 
23:44:35   ├─ /vocabulary/4526/index.html (+1ms) 
23:44:35   ├─ /vocabulary/4527/index.html (+1ms) 
23:44:35   ├─ /vocabulary/4528/index.html (+1ms) 
23:44:35   ├─ /vocabulary/4529/index.html (+1ms) 
23:44:35   ├─ /vocabulary/4530/index.html (+1ms) 
23:44:35   ├─ /vocabulary/4531/index.html (+1ms) 
23:44:35   ├─ /vocabulary/4532/index.html (+1ms) 
23:44:35   ├─ /vocabulary/4533/index.html (+1ms) 
23:44:35   ├─ /vocabulary/4534/index.html (+1ms) 
23:44:35   ├─ /vocabulary/4535/index.html (+1ms) 
23:44:35   ├─ /vocabulary/4536/index.html (+1ms) 
23:44:35   ├─ /vocabulary/4537/index.html (+1ms) 
23:44:35   ├─ /vocabulary/4538/index.html (+1ms) 
23:44:35   ├─ /vocabulary/4539/index.html (+1ms) 
23:44:35   ├─ /vocabulary/4540/index.html (+1ms) 
23:44:35   ├─ /vocabulary/4541/index.html (+1ms) 
23:44:35   ├─ /vocabulary/4542/index.html (+1ms) 
23:44:35   ├─ /vocabulary/4543/index.html (+1ms) 
23:44:35   ├─ /vocabulary/4544/index.html (+1ms) 
23:44:35   ├─ /vocabulary/4545/index.html (+1ms) 
23:44:35   ├─ /vocabulary/4546/index.html (+1ms) 
23:44:35   ├─ /vocabulary/4547/index.html (+1ms) 
23:44:35   ├─ /vocabulary/4548/index.html (+1ms) 
23:44:35   ├─ /vocabulary/4549/index.html (+1ms) 
23:44:35   ├─ /vocabulary/4550/index.html (+1ms) 
23:44:35   ├─ /vocabulary/4551/index.html (+1ms) 
23:44:35   ├─ /vocabulary/4552/index.html (+1ms) 
23:44:35   ├─ /vocabulary/4553/index.html (+1ms) 
23:44:35   ├─ /vocabulary/4554/index.html (+1ms) 
23:44:35   ├─ /vocabulary/4555/index.html (+1ms) 
23:44:35   ├─ /vocabulary/4556/index.html (+1ms) 
23:44:35   ├─ /vocabulary/4557/index.html (+1ms) 
23:44:35   ├─ /vocabulary/4558/index.html (+1ms) 
23:44:35   ├─ /vocabulary/4559/index.html (+1ms) 
23:44:35   ├─ /vocabulary/4560/index.html (+1ms) 
23:44:35   ├─ /vocabulary/4561/index.html (+1ms) 
23:44:35   ├─ /vocabulary/4562/index.html (+1ms) 
23:44:35   ├─ /vocabulary/4563/index.html (+1ms) 
23:44:35   ├─ /vocabulary/4564/index.html (+1ms) 
23:44:35   ├─ /vocabulary/4565/index.html (+1ms) 
23:44:35   ├─ /vocabulary/4566/index.html (+1ms) 
23:44:35   ├─ /vocabulary/4567/index.html (+1ms) 
23:44:35   ├─ /vocabulary/4568/index.html (+1ms) 
23:44:35   ├─ /vocabulary/4569/index.html (+1ms) 
23:44:35   ├─ /vocabulary/4570/index.html (+1ms) 
23:44:35   ├─ /vocabulary/4571/index.html (+1ms) 
23:44:35   ├─ /vocabulary/4572/index.html (+1ms) 
23:44:35   ├─ /vocabulary/4573/index.html (+1ms) 
23:44:35   ├─ /vocabulary/4574/index.html (+1ms) 
23:44:35   ├─ /vocabulary/4575/index.html (+1ms) 
23:44:35   ├─ /vocabulary/4576/index.html (+1ms) 
23:44:35   ├─ /vocabulary/4577/index.html (+1ms) 
23:44:35   ├─ /vocabulary/4578/index.html (+1ms) 
23:44:35   ├─ /vocabulary/4579/index.html (+1ms) 
23:44:35   ├─ /vocabulary/4580/index.html (+1ms) 
23:44:35   ├─ /vocabulary/4581/index.html (+1ms) 
23:44:35   ├─ /vocabulary/4582/index.html (+1ms) 
23:44:35   ├─ /vocabulary/4583/index.html (+1ms) 
23:44:35   ├─ /vocabulary/4584/index.html (+1ms) 
23:44:35   ├─ /vocabulary/4585/index.html (+2ms) 
23:44:35   ├─ /vocabulary/4586/index.html (+1ms) 
23:44:35   ├─ /vocabulary/4587/index.html (+2ms) 
23:44:35   ├─ /vocabulary/4588/index.html (+3ms) 
23:44:35   ├─ /vocabulary/4589/index.html (+2ms) 
23:44:35   ├─ /vocabulary/4590/index.html (+1ms) 
23:44:35   ├─ /vocabulary/4591/index.html (+2ms) 
23:44:35   ├─ /vocabulary/4592/index.html (+2ms) 
23:44:35   ├─ /vocabulary/4593/index.html (+1ms) 
23:44:35   ├─ /vocabulary/4594/index.html (+1ms) 
23:44:35   ├─ /vocabulary/4595/index.html (+1ms) 
23:44:35   ├─ /vocabulary/4596/index.html (+1ms) 
23:44:35   ├─ /vocabulary/4597/index.html (+1ms) 
23:44:35   ├─ /vocabulary/4598/index.html (+1ms) 
23:44:35   ├─ /vocabulary/4599/index.html (+3ms) 
23:44:35   ├─ /vocabulary/4600/index.html (+1ms) 
23:44:35   ├─ /vocabulary/4601/index.html (+1ms) 
23:44:35   ├─ /vocabulary/4602/index.html (+1ms) 
23:44:35   ├─ /vocabulary/4603/index.html (+1ms) 
23:44:35   ├─ /vocabulary/4604/index.html (+1ms) 
23:44:35   ├─ /vocabulary/4605/index.html (+1ms) 
23:44:35   ├─ /vocabulary/4606/index.html (+1ms) 
23:44:35   ├─ /vocabulary/4607/index.html (+1ms) 
23:44:35   ├─ /vocabulary/4608/index.html (+1ms) 
23:44:35   ├─ /vocabulary/4609/index.html (+1ms) 
23:44:35   ├─ /vocabulary/4610/index.html (+1ms) 
23:44:35   ├─ /vocabulary/4611/index.html (+1ms) 
23:44:35   ├─ /vocabulary/4612/index.html (+1ms) 
23:44:35   ├─ /vocabulary/4613/index.html (+1ms) 
23:44:35   ├─ /vocabulary/4614/index.html (+1ms) 
23:44:35   ├─ /vocabulary/4615/index.html (+1ms) 
23:44:35   ├─ /vocabulary/4616/index.html (+1ms) 
23:44:35   ├─ /vocabulary/4617/index.html (+1ms) 
23:44:35   ├─ /vocabulary/4618/index.html (+1ms) 
23:44:35   ├─ /vocabulary/4619/index.html (+1ms) 
23:44:35   ├─ /vocabulary/4620/index.html (+1ms) 
23:44:35   ├─ /vocabulary/4621/index.html (+1ms) 
23:44:35   ├─ /vocabulary/4622/index.html (+1ms) 
23:44:35   ├─ /vocabulary/4623/index.html (+1ms) 
23:44:35   ├─ /vocabulary/4624/index.html (+2ms) 
23:44:35   ├─ /vocabulary/4625/index.html (+2ms) 
23:44:35   ├─ /vocabulary/4626/index.html (+1ms) 
23:44:35   ├─ /vocabulary/4627/index.html (+1ms) 
23:44:35   ├─ /vocabulary/4628/index.html (+1ms) 
23:44:35   ├─ /vocabulary/4629/index.html (+1ms) 
23:44:35   ├─ /vocabulary/4630/index.html (+1ms) 
23:44:35   ├─ /vocabulary/4631/index.html (+1ms) 
23:44:35   ├─ /vocabulary/4632/index.html (+1ms) 
23:44:35   ├─ /vocabulary/4633/index.html (+1ms) 
23:44:35   ├─ /vocabulary/4634/index.html (+1ms) 
23:44:35   ├─ /vocabulary/4635/index.html (+1ms) 
23:44:35   ├─ /vocabulary/4636/index.html (+1ms) 
23:44:35   ├─ /vocabulary/4637/index.html (+1ms) 
23:44:35   ├─ /vocabulary/4638/index.html (+1ms) 
23:44:35   ├─ /vocabulary/4639/index.html (+1ms) 
23:44:35   ├─ /vocabulary/4640/index.html (+2ms) 
23:44:35   ├─ /vocabulary/4641/index.html (+2ms) 
23:44:35   ├─ /vocabulary/4642/index.html (+1ms) 
23:44:35   ├─ /vocabulary/4643/index.html (+1ms) 
23:44:35   ├─ /vocabulary/4644/index.html (+1ms) 
23:44:35   ├─ /vocabulary/4645/index.html (+1ms) 
23:44:35   ├─ /vocabulary/4646/index.html (+1ms) 
23:44:35   ├─ /vocabulary/4647/index.html (+4ms) 
23:44:35   ├─ /vocabulary/4648/index.html (+1ms) 
23:44:35   ├─ /vocabulary/4649/index.html (+1ms) 
23:44:35   ├─ /vocabulary/4650/index.html (+1ms) 
23:44:35   ├─ /vocabulary/4651/index.html (+1ms) 
23:44:35   ├─ /vocabulary/4652/index.html (+1ms) 
23:44:35   ├─ /vocabulary/4653/index.html (+1ms) 
23:44:35   ├─ /vocabulary/4654/index.html (+1ms) 
23:44:35   ├─ /vocabulary/4655/index.html (+1ms) 
23:44:35   ├─ /vocabulary/4656/index.html (+1ms) 
23:44:35   ├─ /vocabulary/4657/index.html (+1ms) 
23:44:35   ├─ /vocabulary/4658/index.html (+1ms) 
23:44:35   ├─ /vocabulary/4659/index.html (+1ms) 
23:44:35   ├─ /vocabulary/4660/index.html (+1ms) 
23:44:35   ├─ /vocabulary/4661/index.html (+1ms) 
23:44:35   ├─ /vocabulary/4662/index.html (+1ms) 
23:44:35   ├─ /vocabulary/4663/index.html (+1ms) 
23:44:35   ├─ /vocabulary/4664/index.html (+1ms) 
23:44:35   ├─ /vocabulary/4665/index.html (+1ms) 
23:44:35   ├─ /vocabulary/4666/index.html (+1ms) 
23:44:35   ├─ /vocabulary/4667/index.html (+1ms) 
23:44:35   ├─ /vocabulary/4668/index.html (+1ms) 
23:44:35   ├─ /vocabulary/4669/index.html (+1ms) 
23:44:35   ├─ /vocabulary/4670/index.html (+1ms) 
23:44:35   ├─ /vocabulary/4671/index.html (+1ms) 
23:44:35   ├─ /vocabulary/4672/index.html (+2ms) 
23:44:35   ├─ /vocabulary/4673/index.html (+2ms) 
23:44:35   ├─ /vocabulary/4674/index.html (+1ms) 
23:44:35   ├─ /vocabulary/4675/index.html (+2ms) 
23:44:35   ├─ /vocabulary/4676/index.html (+1ms) 
23:44:35   ├─ /vocabulary/4677/index.html (+1ms) 
23:44:35   ├─ /vocabulary/4678/index.html (+1ms) 
23:44:35   ├─ /vocabulary/4679/index.html (+3ms) 
23:44:35   ├─ /vocabulary/4680/index.html (+3ms) 
23:44:35   ├─ /vocabulary/4681/index.html (+3ms) 
23:44:35   ├─ /vocabulary/4682/index.html (+1ms) 
23:44:35   ├─ /vocabulary/4683/index.html (+2ms) 
23:44:35   ├─ /vocabulary/4684/index.html (+1ms) 
23:44:35   ├─ /vocabulary/4685/index.html (+1ms) 
23:44:35   ├─ /vocabulary/4686/index.html (+1ms) 
23:44:35   ├─ /vocabulary/4687/index.html (+1ms) 
23:44:35   ├─ /vocabulary/4688/index.html (+1ms) 
23:44:35   ├─ /vocabulary/4689/index.html (+2ms) 
23:44:35   ├─ /vocabulary/4690/index.html (+1ms) 
23:44:35   ├─ /vocabulary/4691/index.html (+1ms) 
23:44:35   ├─ /vocabulary/4692/index.html (+5ms) 
23:44:35   ├─ /vocabulary/4693/index.html (+1ms) 
23:44:35   ├─ /vocabulary/4694/index.html (+1ms) 
23:44:35   ├─ /vocabulary/4695/index.html (+2ms) 
23:44:35   ├─ /vocabulary/4696/index.html (+1ms) 
23:44:35   ├─ /vocabulary/4697/index.html (+1ms) 
23:44:35   ├─ /vocabulary/4698/index.html (+1ms) 
23:44:35   ├─ /vocabulary/4699/index.html (+1ms) 
23:44:35   ├─ /vocabulary/4700/index.html (+1ms) 
23:44:35   ├─ /vocabulary/4701/index.html (+1ms) 
23:44:35   ├─ /vocabulary/4702/index.html (+2ms) 
23:44:35   ├─ /vocabulary/4703/index.html (+1ms) 
23:44:35   ├─ /vocabulary/4704/index.html (+1ms) 
23:44:35   ├─ /vocabulary/4705/index.html (+3ms) 
23:44:35   ├─ /vocabulary/4706/index.html (+1ms) 
23:44:35   ├─ /vocabulary/4707/index.html (+1ms) 
23:44:35   ├─ /vocabulary/4708/index.html (+1ms) 
23:44:35   ├─ /vocabulary/4709/index.html (+1ms) 
23:44:35   ├─ /vocabulary/4710/index.html (+1ms) 
23:44:35   ├─ /vocabulary/4711/index.html (+1ms) 
23:44:35   ├─ /vocabulary/4712/index.html (+1ms) 
23:44:35   ├─ /vocabulary/4713/index.html (+1ms) 
23:44:35   ├─ /vocabulary/4714/index.html (+1ms) 
23:44:35   ├─ /vocabulary/4715/index.html (+1ms) 
23:44:35   ├─ /vocabulary/4716/index.html (+1ms) 
23:44:35   ├─ /vocabulary/4717/index.html (+1ms) 
23:44:35   ├─ /vocabulary/4718/index.html (+1ms) 
23:44:35   ├─ /vocabulary/4719/index.html (+1ms) 
23:44:35   ├─ /vocabulary/4720/index.html (+1ms) 
23:44:35   ├─ /vocabulary/4721/index.html (+1ms) 
23:44:35   ├─ /vocabulary/4722/index.html (+1ms) 
23:44:35   ├─ /vocabulary/4723/index.html (+1ms) 
23:44:35   ├─ /vocabulary/4724/index.html (+1ms) 
23:44:35   ├─ /vocabulary/4725/index.html (+3ms) 
23:44:35   ├─ /vocabulary/4726/index.html (+2ms) 
23:44:35   ├─ /vocabulary/4727/index.html (+3ms) 
23:44:35   ├─ /vocabulary/4728/index.html (+3ms) 
23:44:35   ├─ /vocabulary/4729/index.html (+3ms) 
23:44:35   ├─ /vocabulary/4730/index.html (+1ms) 
23:44:35   ├─ /vocabulary/4731/index.html (+1ms) 
23:44:35   ├─ /vocabulary/4732/index.html (+1ms) 
23:44:35   ├─ /vocabulary/4733/index.html (+2ms) 
23:44:35   ├─ /vocabulary/4734/index.html (+1ms) 
23:44:35   ├─ /vocabulary/4735/index.html (+1ms) 
23:44:35   ├─ /vocabulary/4736/index.html (+1ms) 
23:44:35   ├─ /vocabulary/4737/index.html (+1ms) 
23:44:35   ├─ /vocabulary/4738/index.html (+1ms) 
23:44:35   ├─ /vocabulary/4739/index.html (+1ms) 
23:44:35   ├─ /vocabulary/4740/index.html (+1ms) 
23:44:35   ├─ /vocabulary/4741/index.html (+1ms) 
23:44:35   ├─ /vocabulary/4742/index.html (+1ms) 
23:44:35   ├─ /vocabulary/4743/index.html (+1ms) 
23:44:35   ├─ /vocabulary/4744/index.html (+1ms) 
23:44:35   ├─ /vocabulary/4745/index.html (+1ms) 
23:44:35   ├─ /vocabulary/4746/index.html (+1ms) 
23:44:35   ├─ /vocabulary/4747/index.html (+1ms) 
23:44:35   ├─ /vocabulary/4748/index.html (+1ms) 
23:44:35   ├─ /vocabulary/4749/index.html (+1ms) 
23:44:35   ├─ /vocabulary/4750/index.html (+1ms) 
23:44:35   ├─ /vocabulary/4751/index.html (+1ms) 
23:44:35   ├─ /vocabulary/4752/index.html (+2ms) 
23:44:35   ├─ /vocabulary/4753/index.html (+1ms) 
23:44:35   ├─ /vocabulary/4754/index.html (+1ms) 
23:44:35   ├─ /vocabulary/4755/index.html (+1ms) 
23:44:35   ├─ /vocabulary/4756/index.html (+1ms) 
23:44:35   ├─ /vocabulary/4757/index.html (+1ms) 
23:44:35   ├─ /vocabulary/4758/index.html (+1ms) 
23:44:35   ├─ /vocabulary/4759/index.html (+1ms) 
23:44:35   ├─ /vocabulary/4760/index.html (+1ms) 
23:44:35   ├─ /vocabulary/4761/index.html (+2ms) 
23:44:35   ├─ /vocabulary/4762/index.html (+1ms) 
23:44:35   ├─ /vocabulary/4763/index.html (+2ms) 
23:44:35   ├─ /vocabulary/4764/index.html (+1ms) 
23:44:35   ├─ /vocabulary/4765/index.html (+1ms) 
23:44:35   ├─ /vocabulary/4766/index.html (+1ms) 
23:44:35   ├─ /vocabulary/4767/index.html (+1ms) 
23:44:35   ├─ /vocabulary/4768/index.html (+1ms) 
23:44:35   ├─ /vocabulary/4769/index.html (+1ms) 
23:44:35   ├─ /vocabulary/4770/index.html (+1ms) 
23:44:35   ├─ /vocabulary/4771/index.html (+1ms) 
23:44:35   ├─ /vocabulary/4772/index.html (+1ms) 
23:44:35   ├─ /vocabulary/4773/index.html (+1ms) 
23:44:35   ├─ /vocabulary/4774/index.html (+1ms) 
23:44:35   ├─ /vocabulary/4775/index.html (+1ms) 
23:44:35   ├─ /vocabulary/4776/index.html (+1ms) 
23:44:35   ├─ /vocabulary/4777/index.html (+1ms) 
23:44:35   ├─ /vocabulary/4778/index.html (+1ms) 
23:44:35   ├─ /vocabulary/4779/index.html (+1ms) 
23:44:35   ├─ /vocabulary/4780/index.html (+1ms) 
23:44:35   ├─ /vocabulary/4781/index.html (+1ms) 
23:44:35   ├─ /vocabulary/4782/index.html (+1ms) 
23:44:35   ├─ /vocabulary/4783/index.html (+1ms) 
23:44:35   ├─ /vocabulary/4784/index.html (+1ms) 
23:44:35   ├─ /vocabulary/4785/index.html (+1ms) 
23:44:35   ├─ /vocabulary/4786/index.html (+1ms) 
23:44:35   ├─ /vocabulary/4787/index.html (+1ms) 
23:44:35   ├─ /vocabulary/4788/index.html (+1ms) 
23:44:35   ├─ /vocabulary/4789/index.html (+1ms) 
23:44:35   ├─ /vocabulary/4790/index.html (+1ms) 
23:44:35   ├─ /vocabulary/4791/index.html (+2ms) 
23:44:35   ├─ /vocabulary/4792/index.html (+1ms) 
23:44:35   ├─ /vocabulary/4793/index.html (+5ms) 
23:44:35   ├─ /vocabulary/4794/index.html (+1ms) 
23:44:35   ├─ /vocabulary/4795/index.html (+1ms) 
23:44:35   ├─ /vocabulary/4796/index.html (+1ms) 
23:44:35   ├─ /vocabulary/4797/index.html (+1ms) 
23:44:35   ├─ /vocabulary/4798/index.html (+1ms) 
23:44:35   ├─ /vocabulary/4799/index.html (+1ms) 
23:44:35   ├─ /vocabulary/4800/index.html (+1ms) 
23:44:35   ├─ /vocabulary/4801/index.html (+1ms) 
23:44:35   ├─ /vocabulary/4802/index.html (+1ms) 
23:44:35   ├─ /vocabulary/4803/index.html (+1ms) 
23:44:35   ├─ /vocabulary/4804/index.html (+1ms) 
23:44:35   ├─ /vocabulary/4805/index.html (+1ms) 
23:44:35   ├─ /vocabulary/4806/index.html (+1ms) 
23:44:35   ├─ /vocabulary/4807/index.html (+1ms) 
23:44:35   ├─ /vocabulary/4808/index.html (+1ms) 
23:44:35   ├─ /vocabulary/4809/index.html (+1ms) 
23:44:35   ├─ /vocabulary/4810/index.html (+1ms) 
23:44:35   ├─ /vocabulary/4811/index.html (+1ms) 
23:44:35   ├─ /vocabulary/4812/index.html (+1ms) 
23:44:35   ├─ /vocabulary/4813/index.html (+1ms) 
23:44:35   ├─ /vocabulary/4814/index.html (+1ms) 
23:44:35   ├─ /vocabulary/4815/index.html (+1ms) 
23:44:35   ├─ /vocabulary/4816/index.html (+1ms) 
23:44:35   ├─ /vocabulary/4817/index.html (+1ms) 
23:44:35   ├─ /vocabulary/4818/index.html (+2ms) 
23:44:35   ├─ /vocabulary/4819/index.html (+1ms) 
23:44:35   ├─ /vocabulary/4820/index.html (+1ms) 
23:44:35   ├─ /vocabulary/4821/index.html (+1ms) 
23:44:35   ├─ /vocabulary/4822/index.html (+1ms) 
23:44:35   ├─ /vocabulary/4823/index.html (+1ms) 
23:44:35   ├─ /vocabulary/4824/index.html (+1ms) 
23:44:35   ├─ /vocabulary/4825/index.html (+1ms) 
23:44:35   ├─ /vocabulary/4826/index.html (+1ms) 
23:44:35   ├─ /vocabulary/4827/index.html (+1ms) 
23:44:35   ├─ /vocabulary/4828/index.html (+1ms) 
23:44:35   ├─ /vocabulary/4829/index.html (+1ms) 
23:44:35   ├─ /vocabulary/4830/index.html (+1ms) 
23:44:35   ├─ /vocabulary/4831/index.html (+1ms) 
23:44:35   ├─ /vocabulary/4832/index.html (+1ms) 
23:44:35   ├─ /vocabulary/4833/index.html (+1ms) 
23:44:35   ├─ /vocabulary/4834/index.html (+1ms) 
23:44:35   ├─ /vocabulary/4835/index.html (+1ms) 
23:44:35   ├─ /vocabulary/4836/index.html (+1ms) 
23:44:35   ├─ /vocabulary/4837/index.html (+1ms) 
23:44:35   ├─ /vocabulary/4838/index.html (+1ms) 
23:44:35   ├─ /vocabulary/4839/index.html (+1ms) 
23:44:35   ├─ /vocabulary/4840/index.html (+1ms) 
23:44:35   ├─ /vocabulary/4841/index.html (+1ms) 
23:44:35   ├─ /vocabulary/4842/index.html (+1ms) 
23:44:35   ├─ /vocabulary/4843/index.html (+1ms) 
23:44:35   ├─ /vocabulary/4844/index.html (+1ms) 
23:44:35   ├─ /vocabulary/4845/index.html (+1ms) 
23:44:35   ├─ /vocabulary/4846/index.html (+1ms) 
23:44:35   ├─ /vocabulary/4847/index.html (+1ms) 
23:44:35   ├─ /vocabulary/4848/index.html (+1ms) 
23:44:35   ├─ /vocabulary/4849/index.html (+1ms) 
23:44:35   ├─ /vocabulary/4850/index.html (+1ms) 
23:44:35   ├─ /vocabulary/4851/index.html (+1ms) 
23:44:35   ├─ /vocabulary/4852/index.html (+1ms) 
23:44:35   ├─ /vocabulary/4853/index.html (+1ms) 
23:44:35   ├─ /vocabulary/4854/index.html (+1ms) 
23:44:35   ├─ /vocabulary/4855/index.html (+1ms) 
23:44:35   ├─ /vocabulary/4856/index.html (+1ms) 
23:44:35   ├─ /vocabulary/4857/index.html (+1ms) 
23:44:35   ├─ /vocabulary/4858/index.html (+1ms) 
23:44:35   ├─ /vocabulary/4859/index.html (+1ms) 
23:44:35   ├─ /vocabulary/4860/index.html (+1ms) 
23:44:35   ├─ /vocabulary/4861/index.html (+1ms) 
23:44:35   ├─ /vocabulary/4862/index.html (+1ms) 
23:44:35   ├─ /vocabulary/4863/index.html (+1ms) 
23:44:35   ├─ /vocabulary/4864/index.html (+1ms) 
23:44:35   ├─ /vocabulary/4865/index.html (+1ms) 
23:44:35   ├─ /vocabulary/4866/index.html (+1ms) 
23:44:35   ├─ /vocabulary/4867/index.html (+1ms) 
23:44:35   ├─ /vocabulary/4868/index.html (+1ms) 
23:44:35   ├─ /vocabulary/4869/index.html (+1ms) 
23:44:35   ├─ /vocabulary/4870/index.html (+1ms) 
23:44:35   ├─ /vocabulary/4871/index.html (+1ms) 
23:44:35   ├─ /vocabulary/4872/index.html (+1ms) 
23:44:35   ├─ /vocabulary/4873/index.html (+1ms) 
23:44:35   ├─ /vocabulary/4874/index.html (+1ms) 
23:44:35   ├─ /vocabulary/4875/index.html (+1ms) 
23:44:35   ├─ /vocabulary/4876/index.html (+1ms) 
23:44:35   ├─ /vocabulary/4877/index.html (+1ms) 
23:44:35   ├─ /vocabulary/4878/index.html (+1ms) 
23:44:35   ├─ /vocabulary/4879/index.html (+1ms) 
23:44:35   ├─ /vocabulary/4880/index.html (+1ms) 
23:44:35   ├─ /vocabulary/4881/index.html (+1ms) 
23:44:35   ├─ /vocabulary/4882/index.html (+1ms) 
23:44:35   ├─ /vocabulary/4883/index.html (+1ms) 
23:44:35   ├─ /vocabulary/4884/index.html (+1ms) 
23:44:35   ├─ /vocabulary/4885/index.html (+1ms) 
23:44:35   ├─ /vocabulary/4886/index.html (+1ms) 
23:44:35   ├─ /vocabulary/4887/index.html (+1ms) 
23:44:35   ├─ /vocabulary/4888/index.html (+1ms) 
23:44:35   ├─ /vocabulary/4889/index.html (+1ms) 
23:44:35   ├─ /vocabulary/4890/index.html (+1ms) 
23:44:35   ├─ /vocabulary/4891/index.html (+1ms) 
23:44:35   ├─ /vocabulary/4892/index.html (+1ms) 
23:44:35   ├─ /vocabulary/4893/index.html (+1ms) 
23:44:35   ├─ /vocabulary/4894/index.html (+1ms) 
23:44:35   ├─ /vocabulary/4895/index.html (+1ms) 
23:44:35   ├─ /vocabulary/4896/index.html (+1ms) 
23:44:35   ├─ /vocabulary/4897/index.html (+1ms) 
23:44:35   ├─ /vocabulary/4898/index.html (+1ms) 
23:44:35   ├─ /vocabulary/4899/index.html (+2ms) 
23:44:35   ├─ /vocabulary/4900/index.html (+1ms) 
23:44:35   ├─ /vocabulary/4901/index.html (+1ms) 
23:44:35   ├─ /vocabulary/4902/index.html (+1ms) 
23:44:35   ├─ /vocabulary/4903/index.html (+1ms) 
23:44:35   ├─ /vocabulary/4904/index.html (+1ms) 
23:44:35   ├─ /vocabulary/4905/index.html (+1ms) 
23:44:35   ├─ /vocabulary/4906/index.html (+1ms) 
23:44:35   ├─ /vocabulary/4907/index.html (+1ms) 
23:44:35   ├─ /vocabulary/4908/index.html (+1ms) 
23:44:35   ├─ /vocabulary/4909/index.html (+1ms) 
23:44:35   ├─ /vocabulary/4910/index.html (+1ms) 
23:44:35   ├─ /vocabulary/4911/index.html (+1ms) 
23:44:35   ├─ /vocabulary/4912/index.html (+1ms) 
23:44:35   ├─ /vocabulary/4913/index.html (+1ms) 
23:44:35   ├─ /vocabulary/4914/index.html (+1ms) 
23:44:35   ├─ /vocabulary/4915/index.html (+4ms) 
23:44:35   ├─ /vocabulary/4916/index.html (+1ms) 
23:44:35   ├─ /vocabulary/4917/index.html (+1ms) 
23:44:35   ├─ /vocabulary/4918/index.html (+1ms) 
23:44:35   ├─ /vocabulary/4919/index.html (+1ms) 
23:44:35   ├─ /vocabulary/4920/index.html (+1ms) 
23:44:35   ├─ /vocabulary/4921/index.html (+6ms) 
23:44:35   ├─ /vocabulary/4922/index.html (+1ms) 
23:44:35   ├─ /vocabulary/4923/index.html (+1ms) 
23:44:35   ├─ /vocabulary/4924/index.html (+1ms) 
23:44:35   ├─ /vocabulary/4925/index.html (+1ms) 
23:44:35   ├─ /vocabulary/4926/index.html (+1ms) 
23:44:35   ├─ /vocabulary/4927/index.html (+1ms) 
23:44:35   ├─ /vocabulary/4928/index.html (+1ms) 
23:44:35   ├─ /vocabulary/4929/index.html (+1ms) 
23:44:35   ├─ /vocabulary/4930/index.html (+1ms) 
23:44:35   ├─ /vocabulary/4931/index.html (+1ms) 
23:44:35   ├─ /vocabulary/4932/index.html (+1ms) 
23:44:35   ├─ /vocabulary/4933/index.html (+1ms) 
23:44:35   ├─ /vocabulary/4934/index.html (+1ms) 
23:44:35   ├─ /vocabulary/4935/index.html (+1ms) 
23:44:35   ├─ /vocabulary/4936/index.html (+1ms) 
23:44:35   ├─ /vocabulary/4937/index.html (+1ms) 
23:44:35   ├─ /vocabulary/4938/index.html (+1ms) 
23:44:35   ├─ /vocabulary/4939/index.html (+1ms) 
23:44:35   ├─ /vocabulary/4940/index.html (+1ms) 
23:44:35   ├─ /vocabulary/4941/index.html (+1ms) 
23:44:35   ├─ /vocabulary/4942/index.html (+3ms) 
23:44:35   ├─ /vocabulary/4943/index.html (+1ms) 
23:44:35   ├─ /vocabulary/4944/index.html (+1ms) 
23:44:35   ├─ /vocabulary/4945/index.html (+1ms) 
23:44:35   ├─ /vocabulary/4946/index.html (+1ms) 
23:44:35   ├─ /vocabulary/4947/index.html (+1ms) 
23:44:35   ├─ /vocabulary/4948/index.html (+1ms) 
23:44:35   ├─ /vocabulary/4949/index.html (+1ms) 
23:44:35   ├─ /vocabulary/4950/index.html (+1ms) 
23:44:35   ├─ /vocabulary/4951/index.html (+1ms) 
23:44:35   ├─ /vocabulary/4952/index.html (+1ms) 
23:44:35   ├─ /vocabulary/4953/index.html (+1ms) 
23:44:35   ├─ /vocabulary/4954/index.html (+1ms) 
23:44:35   ├─ /vocabulary/4955/index.html (+1ms) 
23:44:35   ├─ /vocabulary/4956/index.html (+2ms) 
23:44:35   ├─ /vocabulary/4957/index.html (+1ms) 
23:44:35   ├─ /vocabulary/4958/index.html (+1ms) 
23:44:35   ├─ /vocabulary/4959/index.html (+1ms) 
23:44:35   ├─ /vocabulary/4960/index.html (+1ms) 
23:44:35   ├─ /vocabulary/4961/index.html (+1ms) 
23:44:35   ├─ /vocabulary/4962/index.html (+1ms) 
23:44:35   ├─ /vocabulary/4963/index.html (+1ms) 
23:44:35   ├─ /vocabulary/4964/index.html (+1ms) 
23:44:35   ├─ /vocabulary/4965/index.html (+2ms) 
23:44:35   ├─ /vocabulary/4966/index.html (+1ms) 
23:44:35   ├─ /vocabulary/4967/index.html (+1ms) 
23:44:35   ├─ /vocabulary/4968/index.html (+1ms) 
23:44:35   ├─ /vocabulary/4969/index.html (+1ms) 
23:44:35   ├─ /vocabulary/4970/index.html (+1ms) 
23:44:35   ├─ /vocabulary/4971/index.html (+1ms) 
23:44:35   ├─ /vocabulary/4972/index.html (+1ms) 
23:44:35   ├─ /vocabulary/4973/index.html (+1ms) 
23:44:35   ├─ /vocabulary/4974/index.html (+1ms) 
23:44:35   ├─ /vocabulary/4975/index.html (+1ms) 
23:44:35   ├─ /vocabulary/4976/index.html (+3ms) 
23:44:35   ├─ /vocabulary/4977/index.html (+3ms) 
23:44:35   ├─ /vocabulary/4978/index.html (+6ms) 
23:44:35   ├─ /vocabulary/4979/index.html (+1ms) 
23:44:35   ├─ /vocabulary/4980/index.html (+1ms) 
23:44:36   ├─ /vocabulary/4981/index.html (+3ms) 
23:44:36   ├─ /vocabulary/4982/index.html (+1ms) 
23:44:36   ├─ /vocabulary/4983/index.html (+4ms) 
23:44:36   ├─ /vocabulary/4984/index.html (+1ms) 
23:44:36   ├─ /vocabulary/4985/index.html (+2ms) 
23:44:36   ├─ /vocabulary/4986/index.html (+4ms) 
23:44:36   ├─ /vocabulary/4987/index.html (+1ms) 
23:44:36   ├─ /vocabulary/4988/index.html (+22ms) 
23:44:36   ├─ /vocabulary/4989/index.html (+3ms) 
23:44:36   ├─ /vocabulary/4990/index.html (+1ms) 
23:44:36   ├─ /vocabulary/4991/index.html (+1ms) 
23:44:36   ├─ /vocabulary/4992/index.html (+1ms) 
23:44:36   ├─ /vocabulary/4993/index.html (+1ms) 
23:44:36   ├─ /vocabulary/4994/index.html (+1ms) 
23:44:36   ├─ /vocabulary/4995/index.html (+1ms) 
23:44:36   ├─ /vocabulary/4996/index.html (+1ms) 
23:44:36   ├─ /vocabulary/4997/index.html (+1ms) 
23:44:36   ├─ /vocabulary/4998/index.html (+1ms) 
23:44:36   ├─ /vocabulary/4999/index.html (+1ms) 
23:44:36   ├─ /vocabulary/5000/index.html (+1ms) 
23:44:36   ├─ /vocabulary/5001/index.html (+1ms) 
23:44:36   ├─ /vocabulary/5002/index.html (+1ms) 
23:44:36   ├─ /vocabulary/5003/index.html (+1ms) 
23:44:36   ├─ /vocabulary/5004/index.html (+3ms) 
23:44:36   ├─ /vocabulary/5005/index.html (+2ms) 
23:44:36   ├─ /vocabulary/5006/index.html (+2ms) 
23:44:36   ├─ /vocabulary/5007/index.html (+1ms) 
23:44:36   ├─ /vocabulary/5008/index.html (+1ms) 
23:44:36   ├─ /vocabulary/5009/index.html (+1ms) 
23:44:36   ├─ /vocabulary/5010/index.html (+1ms) 
23:44:36   ├─ /vocabulary/5011/index.html (+1ms) 
23:44:36   ├─ /vocabulary/5012/index.html (+1ms) 
23:44:36   ├─ /vocabulary/5013/index.html (+1ms) 
23:44:36   ├─ /vocabulary/5014/index.html (+3ms) 
23:44:36   ├─ /vocabulary/5015/index.html (+2ms) 
23:44:36   ├─ /vocabulary/5016/index.html (+1ms) 
23:44:36   ├─ /vocabulary/5017/index.html (+1ms) 
23:44:36   ├─ /vocabulary/5018/index.html (+1ms) 
23:44:36   ├─ /vocabulary/5019/index.html (+1ms) 
23:44:36   ├─ /vocabulary/5020/index.html (+1ms) 
23:44:36   ├─ /vocabulary/5021/index.html (+1ms) 
23:44:36   ├─ /vocabulary/5022/index.html (+1ms) 
23:44:36   ├─ /vocabulary/5023/index.html (+1ms) 
23:44:36   ├─ /vocabulary/5024/index.html (+1ms) 
23:44:36   ├─ /vocabulary/5025/index.html (+1ms) 
23:44:36   ├─ /vocabulary/5026/index.html (+1ms) 
23:44:36   ├─ /vocabulary/5027/index.html (+1ms) 
23:44:36   ├─ /vocabulary/5028/index.html (+1ms) 
23:44:36   ├─ /vocabulary/5029/index.html (+1ms) 
23:44:36   ├─ /vocabulary/5030/index.html (+1ms) 
23:44:36   ├─ /vocabulary/5031/index.html (+1ms) 
23:44:36   ├─ /vocabulary/5032/index.html (+1ms) 
23:44:36   ├─ /vocabulary/5033/index.html (+1ms) 
23:44:36   ├─ /vocabulary/5034/index.html (+2ms) 
23:44:36   ├─ /vocabulary/5035/index.html (+1ms) 
23:44:36   ├─ /vocabulary/5036/index.html (+1ms) 
23:44:36   ├─ /vocabulary/5037/index.html (+1ms) 
23:44:36   ├─ /vocabulary/5038/index.html (+3ms) 
23:44:36   ├─ /vocabulary/5039/index.html (+2ms) 
23:44:36   ├─ /vocabulary/5040/index.html (+2ms) 
23:44:36   ├─ /vocabulary/5041/index.html (+1ms) 
23:44:36   ├─ /vocabulary/5042/index.html (+1ms) 
23:44:36   ├─ /vocabulary/5043/index.html (+1ms) 
23:44:36   ├─ /vocabulary/5044/index.html (+1ms) 
23:44:36   ├─ /vocabulary/5045/index.html (+1ms) 
23:44:36   ├─ /vocabulary/5046/index.html (+1ms) 
23:44:36   ├─ /vocabulary/5047/index.html (+1ms) 
23:44:36   ├─ /vocabulary/5048/index.html (+1ms) 
23:44:36   ├─ /vocabulary/5049/index.html (+1ms) 
23:44:36   ├─ /vocabulary/5050/index.html (+1ms) 
23:44:36   ├─ /vocabulary/5051/index.html (+1ms) 
23:44:36   ├─ /vocabulary/5052/index.html (+1ms) 
23:44:36   ├─ /vocabulary/5053/index.html (+24ms) 
23:44:36   ├─ /vocabulary/5054/index.html (+4ms) 
23:44:36   ├─ /vocabulary/5055/index.html (+10ms) 
23:44:36   ├─ /vocabulary/5056/index.html (+3ms) 
23:44:36   ├─ /vocabulary/5057/index.html (+2ms) 
23:44:36   ├─ /vocabulary/5058/index.html (+2ms) 
23:44:36   ├─ /vocabulary/5059/index.html (+1ms) 
23:44:36   ├─ /vocabulary/5060/index.html (+2ms) 
23:44:36   ├─ /vocabulary/5061/index.html (+1ms) 
23:44:36   ├─ /vocabulary/5062/index.html (+1ms) 
23:44:36   ├─ /vocabulary/5063/index.html (+1ms) 
23:44:36   ├─ /vocabulary/5064/index.html (+1ms) 
23:44:36   ├─ /vocabulary/5065/index.html (+1ms) 
23:44:36   ├─ /vocabulary/5066/index.html (+1ms) 
23:44:36   ├─ /vocabulary/5067/index.html (+1ms) 
23:44:36   ├─ /vocabulary/5068/index.html (+1ms) 
23:44:36   ├─ /vocabulary/5069/index.html (+1ms) 
23:44:36   ├─ /vocabulary/5070/index.html (+2ms) 
23:44:36   ├─ /vocabulary/5071/index.html (+1ms) 
23:44:36   ├─ /vocabulary/5072/index.html (+1ms) 
23:44:36   ├─ /vocabulary/5073/index.html (+1ms) 
23:44:36   ├─ /vocabulary/5074/index.html (+1ms) 
23:44:36   ├─ /vocabulary/5075/index.html (+2ms) 
23:44:36   ├─ /vocabulary/5076/index.html (+1ms) 
23:44:36   ├─ /vocabulary/5077/index.html (+1ms) 
23:44:36   ├─ /vocabulary/5078/index.html (+1ms) 
23:44:36   ├─ /vocabulary/5079/index.html (+1ms) 
23:44:36   ├─ /vocabulary/5080/index.html (+1ms) 
23:44:36   ├─ /vocabulary/5081/index.html (+1ms) 
23:44:36   ├─ /vocabulary/5082/index.html (+1ms) 
23:44:36   ├─ /vocabulary/5083/index.html (+1ms) 
23:44:36   ├─ /vocabulary/5084/index.html (+1ms) 
23:44:36   ├─ /vocabulary/5085/index.html (+1ms) 
23:44:36   ├─ /vocabulary/5086/index.html (+1ms) 
23:44:36   ├─ /vocabulary/5087/index.html (+1ms) 
23:44:36   ├─ /vocabulary/5088/index.html (+1ms) 
23:44:36   ├─ /vocabulary/5089/index.html (+1ms) 
23:44:36   ├─ /vocabulary/5090/index.html (+1ms) 
23:44:36   ├─ /vocabulary/5091/index.html (+1ms) 
23:44:36   ├─ /vocabulary/5092/index.html (+1ms) 
23:44:36   ├─ /vocabulary/5093/index.html (+1ms) 
23:44:36   ├─ /vocabulary/5094/index.html (+11ms) 
23:44:36   ├─ /vocabulary/5095/index.html (+2ms) 
23:44:36   ├─ /vocabulary/5096/index.html (+1ms) 
23:44:36   ├─ /vocabulary/5097/index.html (+1ms) 
23:44:36   ├─ /vocabulary/5098/index.html (+1ms) 
23:44:36   ├─ /vocabulary/5099/index.html (+1ms) 
23:44:36   ├─ /vocabulary/5100/index.html (+1ms) 
23:44:36   ├─ /vocabulary/5101/index.html (+1ms) 
23:44:36   ├─ /vocabulary/5102/index.html (+1ms) 
23:44:36   ├─ /vocabulary/5103/index.html (+1ms) 
23:44:36   ├─ /vocabulary/5104/index.html (+1ms) 
23:44:36   ├─ /vocabulary/5105/index.html (+1ms) 
23:44:36   ├─ /vocabulary/5106/index.html (+1ms) 
23:44:36   ├─ /vocabulary/5107/index.html (+1ms) 
23:44:36   ├─ /vocabulary/5108/index.html (+1ms) 
23:44:36   ├─ /vocabulary/5109/index.html (+1ms) 
23:44:36   ├─ /vocabulary/5110/index.html (+1ms) 
23:44:36   ├─ /vocabulary/5111/index.html (+1ms) 
23:44:36   ├─ /vocabulary/5112/index.html (+1ms) 
23:44:36   ├─ /vocabulary/5113/index.html (+1ms) 
23:44:36   ├─ /vocabulary/5114/index.html (+1ms) 
23:44:36   ├─ /vocabulary/5115/index.html (+1ms) 
23:44:36   ├─ /vocabulary/5116/index.html (+1ms) 
23:44:36   ├─ /vocabulary/5117/index.html (+1ms) 
23:44:36   ├─ /vocabulary/5118/index.html (+1ms) 
23:44:36   ├─ /vocabulary/5119/index.html (+1ms) 
23:44:36   ├─ /vocabulary/5120/index.html (+1ms) 
23:44:36   ├─ /vocabulary/5121/index.html (+1ms) 
23:44:36   ├─ /vocabulary/5122/index.html (+1ms) 
23:44:36   ├─ /vocabulary/5123/index.html (+1ms) 
23:44:36   ├─ /vocabulary/5124/index.html (+2ms) 
23:44:36   ├─ /vocabulary/5125/index.html (+1ms) 
23:44:36   ├─ /vocabulary/5126/index.html (+2ms) 
23:44:36   ├─ /vocabulary/5127/index.html (+2ms) 
23:44:36   ├─ /vocabulary/5128/index.html (+1ms) 
23:44:36   ├─ /vocabulary/5129/index.html (+1ms) 
23:44:36   ├─ /vocabulary/5130/index.html (+1ms) 
23:44:36   ├─ /vocabulary/5131/index.html (+1ms) 
23:44:36   ├─ /vocabulary/5132/index.html (+1ms) 
23:44:36   ├─ /vocabulary/5133/index.html (+1ms) 
23:44:36   ├─ /vocabulary/5134/index.html (+1ms) 
23:44:36   ├─ /vocabulary/5135/index.html (+1ms) 
23:44:36   ├─ /vocabulary/5136/index.html (+1ms) 
23:44:36   ├─ /vocabulary/5137/index.html (+1ms) 
23:44:36   ├─ /vocabulary/5138/index.html (+1ms) 
23:44:36   ├─ /vocabulary/5139/index.html (+1ms) 
23:44:36   ├─ /vocabulary/5140/index.html (+1ms) 
23:44:36   ├─ /vocabulary/5141/index.html (+1ms) 
23:44:36   ├─ /vocabulary/5142/index.html (+1ms) 
23:44:36   ├─ /vocabulary/5143/index.html (+1ms) 
23:44:36   ├─ /vocabulary/5144/index.html (+1ms) 
23:44:36   ├─ /vocabulary/5145/index.html (+1ms) 
23:44:36   ├─ /vocabulary/5146/index.html (+1ms) 
23:44:36   ├─ /vocabulary/5147/index.html (+2ms) 
23:44:36   ├─ /vocabulary/5148/index.html (+1ms) 
23:44:36   ├─ /vocabulary/5149/index.html (+1ms) 
23:44:36   ├─ /vocabulary/5150/index.html (+1ms) 
23:44:36   ├─ /vocabulary/5151/index.html (+1ms) 
23:44:36   ├─ /vocabulary/5152/index.html (+1ms) 
23:44:36   ├─ /vocabulary/5153/index.html (+1ms) 
23:44:36   ├─ /vocabulary/5154/index.html (+1ms) 
23:44:36   ├─ /vocabulary/5155/index.html (+1ms) 
23:44:36   ├─ /vocabulary/5156/index.html (+1ms) 
23:44:36   ├─ /vocabulary/5157/index.html (+1ms) 
23:44:36   ├─ /vocabulary/5158/index.html (+1ms) 
23:44:36   ├─ /vocabulary/5159/index.html (+1ms) 
23:44:36   ├─ /vocabulary/5160/index.html (+1ms) 
23:44:36   ├─ /vocabulary/5161/index.html (+1ms) 
23:44:36   ├─ /vocabulary/5162/index.html (+1ms) 
23:44:36   ├─ /vocabulary/5163/index.html (+1ms) 
23:44:36   ├─ /vocabulary/5164/index.html (+1ms) 
23:44:36   ├─ /vocabulary/5165/index.html (+1ms) 
23:44:36   ├─ /vocabulary/5166/index.html (+1ms) 
23:44:36   ├─ /vocabulary/5167/index.html (+1ms) 
23:44:36   ├─ /vocabulary/5168/index.html (+1ms) 
23:44:36   ├─ /vocabulary/5169/index.html (+1ms) 
23:44:36   ├─ /vocabulary/5170/index.html (+1ms) 
23:44:36   ├─ /vocabulary/5171/index.html (+1ms) 
23:44:36   ├─ /vocabulary/5172/index.html (+1ms) 
23:44:36   ├─ /vocabulary/5173/index.html (+1ms) 
23:44:36   ├─ /vocabulary/5174/index.html (+1ms) 
23:44:36   ├─ /vocabulary/5175/index.html (+1ms) 
23:44:36   ├─ /vocabulary/5176/index.html (+1ms) 
23:44:36   ├─ /vocabulary/5177/index.html (+1ms) 
23:44:36   ├─ /vocabulary/5178/index.html (+1ms) 
23:44:36   ├─ /vocabulary/5179/index.html (+1ms) 
23:44:36   ├─ /vocabulary/5180/index.html (+1ms) 
23:44:36   ├─ /vocabulary/5181/index.html (+1ms) 
23:44:36   ├─ /vocabulary/5182/index.html (+1ms) 
23:44:36   ├─ /vocabulary/5183/index.html (+1ms) 
23:44:36   ├─ /vocabulary/5184/index.html (+1ms) 
23:44:36   ├─ /vocabulary/5185/index.html (+1ms) 
23:44:36   ├─ /vocabulary/5186/index.html (+1ms) 
23:44:36   ├─ /vocabulary/5187/index.html (+1ms) 
23:44:36   ├─ /vocabulary/5188/index.html (+1ms) 
23:44:36   ├─ /vocabulary/5189/index.html (+1ms) 
23:44:36   ├─ /vocabulary/5190/index.html (+1ms) 
23:44:36   ├─ /vocabulary/5191/index.html (+1ms) 
23:44:36   ├─ /vocabulary/5192/index.html (+1ms) 
23:44:36   ├─ /vocabulary/5193/index.html (+1ms) 
23:44:36   ├─ /vocabulary/5194/index.html (+2ms) 
23:44:36   ├─ /vocabulary/5195/index.html (+2ms) 
23:44:36   ├─ /vocabulary/5196/index.html (+1ms) 
23:44:36   ├─ /vocabulary/5197/index.html (+2ms) 
23:44:36   ├─ /vocabulary/5198/index.html (+2ms) 
23:44:36   ├─ /vocabulary/5199/index.html (+1ms) 
23:44:36   ├─ /vocabulary/5200/index.html (+1ms) 
23:44:36   ├─ /vocabulary/5201/index.html (+1ms) 
23:44:36   ├─ /vocabulary/5202/index.html (+1ms) 
23:44:36   ├─ /vocabulary/5203/index.html (+1ms) 
23:44:36   ├─ /vocabulary/5204/index.html (+1ms) 
23:44:36   ├─ /vocabulary/5205/index.html (+1ms) 
23:44:36   ├─ /vocabulary/5206/index.html (+2ms) 
23:44:36   ├─ /vocabulary/5207/index.html (+1ms) 
23:44:36   ├─ /vocabulary/5208/index.html (+1ms) 
23:44:36   ├─ /vocabulary/5209/index.html (+1ms) 
23:44:36   ├─ /vocabulary/5210/index.html (+1ms) 
23:44:36   ├─ /vocabulary/5211/index.html (+1ms) 
23:44:36   ├─ /vocabulary/5212/index.html (+1ms) 
23:44:36   ├─ /vocabulary/5213/index.html (+1ms) 
23:44:36   ├─ /vocabulary/5214/index.html (+1ms) 
23:44:36   ├─ /vocabulary/5215/index.html (+1ms) 
23:44:36   ├─ /vocabulary/5216/index.html (+1ms) 
23:44:36   ├─ /vocabulary/5217/index.html (+1ms) 
23:44:36   ├─ /vocabulary/5218/index.html (+1ms) 
23:44:36   ├─ /vocabulary/5219/index.html (+1ms) 
23:44:36   ├─ /vocabulary/5220/index.html (+1ms) 
23:44:36   ├─ /vocabulary/5221/index.html (+1ms) 
23:44:36   ├─ /vocabulary/5222/index.html (+1ms) 
23:44:36   ├─ /vocabulary/5223/index.html (+1ms) 
23:44:36   ├─ /vocabulary/5224/index.html (+2ms) 
23:44:36   ├─ /vocabulary/5225/index.html (+2ms) 
23:44:36   ├─ /vocabulary/5226/index.html (+1ms) 
23:44:36   ├─ /vocabulary/5227/index.html (+1ms) 
23:44:36   ├─ /vocabulary/5228/index.html (+1ms) 
23:44:36   ├─ /vocabulary/5229/index.html (+1ms) 
23:44:36   ├─ /vocabulary/5230/index.html (+1ms) 
23:44:36   ├─ /vocabulary/5231/index.html (+1ms) 
23:44:36   ├─ /vocabulary/5232/index.html (+1ms) 
23:44:36   ├─ /vocabulary/5233/index.html (+1ms) 
23:44:36   ├─ /vocabulary/5234/index.html (+1ms) 
23:44:36   ├─ /vocabulary/5235/index.html (+1ms) 
23:44:36   ├─ /vocabulary/5236/index.html (+1ms) 
23:44:36   ├─ /vocabulary/5237/index.html (+1ms) 
23:44:36   ├─ /vocabulary/5238/index.html (+1ms) 
23:44:36   ├─ /vocabulary/5239/index.html (+1ms) 
23:44:36   ├─ /vocabulary/5240/index.html (+1ms) 
23:44:36   ├─ /vocabulary/5241/index.html (+1ms) 
23:44:36   ├─ /vocabulary/5242/index.html (+1ms) 
23:44:36   ├─ /vocabulary/5243/index.html (+1ms) 
23:44:36   ├─ /vocabulary/5244/index.html (+1ms) 
23:44:36   ├─ /vocabulary/5245/index.html (+1ms) 
23:44:36   ├─ /vocabulary/5246/index.html (+1ms) 
23:44:36   ├─ /vocabulary/5247/index.html (+5ms) 
23:44:36   ├─ /vocabulary/5248/index.html (+1ms) 
23:44:36   ├─ /vocabulary/5249/index.html (+1ms) 
23:44:36   ├─ /vocabulary/5250/index.html (+1ms) 
23:44:36   ├─ /vocabulary/5251/index.html (+1ms) 
23:44:36   ├─ /vocabulary/5252/index.html (+1ms) 
23:44:36   ├─ /vocabulary/5253/index.html (+1ms) 
23:44:36   ├─ /vocabulary/5254/index.html (+1ms) 
23:44:36   ├─ /vocabulary/5255/index.html (+1ms) 
23:44:36   ├─ /vocabulary/5256/index.html (+2ms) 
23:44:36   ├─ /vocabulary/5257/index.html (+1ms) 
23:44:36   ├─ /vocabulary/5258/index.html (+2ms) 
23:44:36   ├─ /vocabulary/5259/index.html (+1ms) 
23:44:36   ├─ /vocabulary/5260/index.html (+1ms) 
23:44:36   ├─ /vocabulary/5261/index.html (+1ms) 
23:44:36   ├─ /vocabulary/5262/index.html (+1ms) 
23:44:36   ├─ /vocabulary/5263/index.html (+1ms) 
23:44:36   ├─ /vocabulary/5264/index.html (+2ms) 
23:44:36   ├─ /vocabulary/5265/index.html (+2ms) 
23:44:36   ├─ /vocabulary/5266/index.html (+2ms) 
23:44:36   ├─ /vocabulary/5267/index.html (+2ms) 
23:44:36   ├─ /vocabulary/5268/index.html (+2ms) 
23:44:36   ├─ /vocabulary/5269/index.html (+1ms) 
23:44:36   ├─ /vocabulary/5270/index.html (+2ms) 
23:44:36   ├─ /vocabulary/5271/index.html (+4ms) 
23:44:36   ├─ /vocabulary/5272/index.html (+2ms) 
23:44:36   ├─ /vocabulary/5273/index.html (+3ms) 
23:44:36   ├─ /vocabulary/5274/index.html (+1ms) 
23:44:36   ├─ /vocabulary/5275/index.html (+1ms) 
23:44:36   ├─ /vocabulary/5276/index.html (+1ms) 
23:44:36   ├─ /vocabulary/5277/index.html (+1ms) 
23:44:36   ├─ /vocabulary/5278/index.html (+1ms) 
23:44:36   ├─ /vocabulary/5279/index.html (+2ms) 
23:44:36   ├─ /vocabulary/5280/index.html (+2ms) 
23:44:36   ├─ /vocabulary/5281/index.html (+1ms) 
23:44:36   ├─ /vocabulary/5282/index.html (+1ms) 
23:44:36   ├─ /vocabulary/5283/index.html (+1ms) 
23:44:36   ├─ /vocabulary/5284/index.html (+1ms) 
23:44:36   ├─ /vocabulary/5285/index.html (+1ms) 
23:44:36   ├─ /vocabulary/5286/index.html (+1ms) 
23:44:36   ├─ /vocabulary/5287/index.html (+1ms) 
23:44:36   ├─ /vocabulary/5288/index.html (+1ms) 
23:44:36   ├─ /vocabulary/5289/index.html (+1ms) 
23:44:36   ├─ /vocabulary/5290/index.html (+1ms) 
23:44:36   ├─ /vocabulary/5291/index.html (+1ms) 
23:44:36   ├─ /vocabulary/5292/index.html (+1ms) 
23:44:36   ├─ /vocabulary/5293/index.html (+1ms) 
23:44:36   ├─ /vocabulary/5294/index.html (+1ms) 
23:44:36   ├─ /vocabulary/5295/index.html (+1ms) 
23:44:36   ├─ /vocabulary/5296/index.html (+1ms) 
23:44:36   ├─ /vocabulary/5297/index.html (+1ms) 
23:44:36   ├─ /vocabulary/5298/index.html (+1ms) 
23:44:36   ├─ /vocabulary/5299/index.html (+1ms) 
23:44:36   ├─ /vocabulary/5300/index.html (+1ms) 
23:44:36   ├─ /vocabulary/5301/index.html (+1ms) 
23:44:36   ├─ /vocabulary/5302/index.html (+1ms) 
23:44:36   ├─ /vocabulary/5303/index.html (+1ms) 
23:44:36   ├─ /vocabulary/5304/index.html (+1ms) 
23:44:36   ├─ /vocabulary/5305/index.html (+1ms) 
23:44:36   ├─ /vocabulary/5306/index.html (+1ms) 
23:44:36   ├─ /vocabulary/5307/index.html (+1ms) 
23:44:36   ├─ /vocabulary/5308/index.html (+1ms) 
23:44:36   ├─ /vocabulary/5309/index.html (+1ms) 
23:44:36   ├─ /vocabulary/5310/index.html (+1ms) 
23:44:36   ├─ /vocabulary/5311/index.html (+1ms) 
23:44:36   ├─ /vocabulary/5312/index.html (+1ms) 
23:44:36   ├─ /vocabulary/5313/index.html (+1ms) 
23:44:36   ├─ /vocabulary/5314/index.html (+1ms) 
23:44:36   ├─ /vocabulary/5315/index.html (+1ms) 
23:44:36   ├─ /vocabulary/5316/index.html (+1ms) 
23:44:36   ├─ /vocabulary/5317/index.html (+1ms) 
23:44:36   ├─ /vocabulary/5318/index.html (+1ms) 
23:44:36   ├─ /vocabulary/5319/index.html (+1ms) 
23:44:36   ├─ /vocabulary/5320/index.html (+1ms) 
23:44:36   ├─ /vocabulary/5321/index.html (+1ms) 
23:44:36   ├─ /vocabulary/5322/index.html (+1ms) 
23:44:36   ├─ /vocabulary/5323/index.html (+1ms) 
23:44:36   ├─ /vocabulary/5324/index.html (+1ms) 
23:44:36   ├─ /vocabulary/5325/index.html (+2ms) 
23:44:36   ├─ /vocabulary/5326/index.html (+1ms) 
23:44:36   ├─ /vocabulary/5327/index.html (+1ms) 
23:44:36   ├─ /vocabulary/5328/index.html (+1ms) 
23:44:36   ├─ /vocabulary/5329/index.html (+1ms) 
23:44:36   ├─ /vocabulary/5330/index.html (+1ms) 
23:44:36   ├─ /vocabulary/5331/index.html (+1ms) 
23:44:36   ├─ /vocabulary/5332/index.html (+2ms) 
23:44:36   ├─ /vocabulary/5333/index.html (+1ms) 
23:44:36   ├─ /vocabulary/5334/index.html (+1ms) 
23:44:36   ├─ /vocabulary/5335/index.html (+1ms) 
23:44:36   ├─ /vocabulary/5336/index.html (+1ms) 
23:44:36   ├─ /vocabulary/5337/index.html (+1ms) 
23:44:36   ├─ /vocabulary/5338/index.html (+1ms) 
23:44:36   ├─ /vocabulary/5339/index.html (+1ms) 
23:44:36   ├─ /vocabulary/5340/index.html (+1ms) 
23:44:36   ├─ /vocabulary/5341/index.html (+1ms) 
23:44:36   ├─ /vocabulary/5342/index.html (+1ms) 
23:44:36   ├─ /vocabulary/5343/index.html (+1ms) 
23:44:36   ├─ /vocabulary/5344/index.html (+1ms) 
23:44:36   ├─ /vocabulary/5345/index.html (+1ms) 
23:44:36   ├─ /vocabulary/5346/index.html (+1ms) 
23:44:36   ├─ /vocabulary/5347/index.html (+1ms) 
23:44:36   ├─ /vocabulary/5348/index.html (+1ms) 
23:44:36   ├─ /vocabulary/5349/index.html (+1ms) 
23:44:36   ├─ /vocabulary/5350/index.html (+1ms) 
23:44:36   ├─ /vocabulary/5351/index.html (+2ms) 
23:44:36   ├─ /vocabulary/5352/index.html (+1ms) 
23:44:36   ├─ /vocabulary/5353/index.html (+1ms) 
23:44:36   ├─ /vocabulary/5354/index.html (+1ms) 
23:44:36   ├─ /vocabulary/5355/index.html (+1ms) 
23:44:36   ├─ /vocabulary/5356/index.html (+1ms) 
23:44:36   ├─ /vocabulary/5357/index.html (+1ms) 
23:44:36   ├─ /vocabulary/5358/index.html (+1ms) 
23:44:36   ├─ /vocabulary/5359/index.html (+1ms) 
23:44:36   ├─ /vocabulary/5360/index.html (+1ms) 
23:44:36   ├─ /vocabulary/5361/index.html (+1ms) 
23:44:36   ├─ /vocabulary/5362/index.html (+1ms) 
23:44:36   ├─ /vocabulary/5363/index.html (+1ms) 
23:44:36   ├─ /vocabulary/5364/index.html (+1ms) 
23:44:36   ├─ /vocabulary/5365/index.html (+1ms) 
23:44:36   ├─ /vocabulary/5366/index.html (+1ms) 
23:44:36   ├─ /vocabulary/5367/index.html (+1ms) 
23:44:36   ├─ /vocabulary/5368/index.html (+1ms) 
23:44:36   ├─ /vocabulary/5369/index.html (+1ms) 
23:44:36   ├─ /vocabulary/5370/index.html (+1ms) 
23:44:36   ├─ /vocabulary/5371/index.html (+2ms) 
23:44:36   ├─ /vocabulary/5372/index.html (+2ms) 
23:44:36   ├─ /vocabulary/5373/index.html (+1ms) 
23:44:36   ├─ /vocabulary/5374/index.html (+1ms) 
23:44:36   ├─ /vocabulary/5375/index.html (+1ms) 
23:44:36   ├─ /vocabulary/5376/index.html (+1ms) 
23:44:36   ├─ /vocabulary/5377/index.html (+2ms) 
23:44:36   ├─ /vocabulary/5378/index.html (+1ms) 
23:44:36   ├─ /vocabulary/5379/index.html (+1ms) 
23:44:36   ├─ /vocabulary/5380/index.html (+1ms) 
23:44:36   ├─ /vocabulary/5381/index.html (+1ms) 
23:44:36   ├─ /vocabulary/5382/index.html (+1ms) 
23:44:36   ├─ /vocabulary/5383/index.html (+1ms) 
23:44:36   ├─ /vocabulary/5384/index.html (+1ms) 
23:44:36   ├─ /vocabulary/5385/index.html (+2ms) 
23:44:36   ├─ /vocabulary/5386/index.html (+1ms) 
23:44:36   ├─ /vocabulary/5387/index.html (+1ms) 
23:44:36   ├─ /vocabulary/5388/index.html (+1ms) 
23:44:36   ├─ /vocabulary/5389/index.html (+1ms) 
23:44:36   ├─ /vocabulary/5390/index.html (+1ms) 
23:44:36   ├─ /vocabulary/5391/index.html (+1ms) 
23:44:36   ├─ /vocabulary/5392/index.html (+1ms) 
23:44:36   ├─ /vocabulary/5393/index.html (+1ms) 
23:44:36   ├─ /vocabulary/5394/index.html (+1ms) 
23:44:36   ├─ /vocabulary/5395/index.html (+1ms) 
23:44:36   ├─ /vocabulary/5396/index.html (+1ms) 
23:44:36   ├─ /vocabulary/5397/index.html (+1ms) 
23:44:36   ├─ /vocabulary/5398/index.html (+1ms) 
23:44:36   ├─ /vocabulary/5399/index.html (+4ms) 
23:44:36   ├─ /vocabulary/5400/index.html (+1ms) 
23:44:36   ├─ /vocabulary/5401/index.html (+2ms) 
23:44:36   ├─ /vocabulary/5402/index.html (+1ms) 
23:44:36   ├─ /vocabulary/5403/index.html (+1ms) 
23:44:36   ├─ /vocabulary/5404/index.html (+1ms) 
23:44:36   ├─ /vocabulary/5405/index.html (+1ms) 
23:44:36   ├─ /vocabulary/5406/index.html (+1ms) 
23:44:36   ├─ /vocabulary/5407/index.html (+1ms) 
23:44:36   ├─ /vocabulary/5408/index.html (+1ms) 
23:44:36   ├─ /vocabulary/5409/index.html (+1ms) 
23:44:36   ├─ /vocabulary/5410/index.html (+1ms) 
23:44:36   ├─ /vocabulary/5411/index.html (+1ms) 
23:44:36   ├─ /vocabulary/5412/index.html (+1ms) 
23:44:36   ├─ /vocabulary/5413/index.html (+1ms) 
23:44:36   ├─ /vocabulary/5414/index.html (+1ms) 
23:44:36   ├─ /vocabulary/5415/index.html (+1ms) 
23:44:36   ├─ /vocabulary/5416/index.html (+1ms) 
23:44:36   ├─ /vocabulary/5417/index.html (+1ms) 
23:44:36   ├─ /vocabulary/5418/index.html (+1ms) 
23:44:36   ├─ /vocabulary/5419/index.html (+1ms) 
23:44:36   ├─ /vocabulary/5420/index.html (+1ms) 
23:44:36   ├─ /vocabulary/5421/index.html (+1ms) 
23:44:36   ├─ /vocabulary/5422/index.html (+1ms) 
23:44:36   ├─ /vocabulary/5423/index.html (+1ms) 
23:44:36   ├─ /vocabulary/5424/index.html (+1ms) 
23:44:36   ├─ /vocabulary/5425/index.html (+1ms) 
23:44:36   ├─ /vocabulary/5426/index.html (+1ms) 
23:44:36   ├─ /vocabulary/5427/index.html (+1ms) 
23:44:36   ├─ /vocabulary/5428/index.html (+1ms) 
23:44:36   ├─ /vocabulary/5429/index.html (+1ms) 
23:44:36   ├─ /vocabulary/5430/index.html (+1ms) 
23:44:36   ├─ /vocabulary/5431/index.html (+1ms) 
23:44:36   ├─ /vocabulary/5432/index.html (+1ms) 
23:44:36   ├─ /vocabulary/5433/index.html (+1ms) 
23:44:36   ├─ /vocabulary/5434/index.html (+1ms) 
23:44:36   ├─ /vocabulary/5435/index.html (+1ms) 
23:44:36   ├─ /vocabulary/5436/index.html (+1ms) 
23:44:36   ├─ /vocabulary/5437/index.html (+2ms) 
23:44:36   ├─ /vocabulary/5438/index.html (+2ms) 
23:44:36   ├─ /vocabulary/5439/index.html (+1ms) 
23:44:36   ├─ /vocabulary/5440/index.html (+1ms) 
23:44:36   ├─ /vocabulary/5441/index.html (+1ms) 
23:44:36   ├─ /vocabulary/5442/index.html (+1ms) 
23:44:36   ├─ /vocabulary/5443/index.html (+1ms) 
23:44:36   ├─ /vocabulary/5444/index.html (+1ms) 
23:44:36   ├─ /vocabulary/5445/index.html (+1ms) 
23:44:36   ├─ /vocabulary/5446/index.html (+1ms) 
23:44:36   ├─ /vocabulary/5447/index.html (+1ms) 
23:44:36   ├─ /vocabulary/5448/index.html (+1ms) 
23:44:36   ├─ /vocabulary/5449/index.html (+1ms) 
23:44:36   ├─ /vocabulary/5450/index.html (+1ms) 
23:44:36   ├─ /vocabulary/5451/index.html (+1ms) 
23:44:36   ├─ /vocabulary/5452/index.html (+1ms) 
23:44:36   ├─ /vocabulary/5453/index.html (+1ms) 
23:44:36   ├─ /vocabulary/5454/index.html (+2ms) 
23:44:36   ├─ /vocabulary/5455/index.html (+1ms) 
23:44:36   ├─ /vocabulary/5456/index.html (+1ms) 
23:44:36   ├─ /vocabulary/5457/index.html (+1ms) 
23:44:36   ├─ /vocabulary/5458/index.html (+1ms) 
23:44:36   ├─ /vocabulary/5459/index.html (+1ms) 
23:44:36   ├─ /vocabulary/5460/index.html (+1ms) 
23:44:36   ├─ /vocabulary/5461/index.html (+1ms) 
23:44:36   ├─ /vocabulary/5462/index.html (+1ms) 
23:44:36   ├─ /vocabulary/5463/index.html (+1ms) 
23:44:36   ├─ /vocabulary/5464/index.html (+1ms) 
23:44:36   ├─ /vocabulary/5465/index.html (+1ms) 
23:44:36   ├─ /vocabulary/5466/index.html (+1ms) 
23:44:36   ├─ /vocabulary/5467/index.html (+1ms) 
23:44:36   ├─ /vocabulary/5468/index.html (+1ms) 
23:44:36   ├─ /vocabulary/5469/index.html (+1ms) 
23:44:36   ├─ /vocabulary/5470/index.html (+1ms) 
23:44:36   ├─ /vocabulary/5471/index.html (+3ms) 
23:44:36   ├─ /vocabulary/5472/index.html (+1ms) 
23:44:36   ├─ /vocabulary/5473/index.html (+1ms) 
23:44:36   ├─ /vocabulary/5474/index.html (+1ms) 
23:44:36   ├─ /vocabulary/5475/index.html (+1ms) 
23:44:36   ├─ /vocabulary/5476/index.html (+1ms) 
23:44:36   ├─ /vocabulary/5477/index.html (+2ms) 
23:44:36   ├─ /vocabulary/5478/index.html (+1ms) 
23:44:36   ├─ /vocabulary/5479/index.html (+1ms) 
23:44:36   ├─ /vocabulary/5480/index.html (+1ms) 
23:44:36   ├─ /vocabulary/5481/index.html (+1ms) 
23:44:36   ├─ /vocabulary/5482/index.html (+1ms) 
23:44:36   ├─ /vocabulary/5483/index.html (+1ms) 
23:44:36   ├─ /vocabulary/5484/index.html (+1ms) 
23:44:36   ├─ /vocabulary/5485/index.html (+1ms) 
23:44:36   ├─ /vocabulary/5486/index.html (+2ms) 
23:44:36   ├─ /vocabulary/5487/index.html (+5ms) 
23:44:36   ├─ /vocabulary/5488/index.html (+1ms) 
23:44:36   ├─ /vocabulary/5489/index.html (+1ms) 
23:44:36   ├─ /vocabulary/5490/index.html (+1ms) 
23:44:36   ├─ /vocabulary/5491/index.html (+1ms) 
23:44:36   ├─ /vocabulary/5492/index.html (+1ms) 
23:44:36   ├─ /vocabulary/5493/index.html (+1ms) 
23:44:36   ├─ /vocabulary/5494/index.html (+1ms) 
23:44:36   ├─ /vocabulary/5495/index.html (+1ms) 
23:44:36   ├─ /vocabulary/5496/index.html (+1ms) 
23:44:36   ├─ /vocabulary/5497/index.html (+1ms) 
23:44:36   ├─ /vocabulary/5498/index.html (+1ms) 
23:44:36   ├─ /vocabulary/5499/index.html (+2ms) 
23:44:36   ├─ /vocabulary/5500/index.html (+1ms) 
23:44:36   ├─ /vocabulary/5501/index.html (+1ms) 
23:44:36   ├─ /vocabulary/5502/index.html (+1ms) 
23:44:36   ├─ /vocabulary/5503/index.html (+1ms) 
23:44:36   ├─ /vocabulary/5504/index.html (+1ms) 
23:44:36   ├─ /vocabulary/5505/index.html (+1ms) 
23:44:36   ├─ /vocabulary/5506/index.html (+1ms) 
23:44:36   ├─ /vocabulary/5507/index.html (+1ms) 
23:44:36   ├─ /vocabulary/5508/index.html (+1ms) 
23:44:36   ├─ /vocabulary/5509/index.html (+1ms) 
23:44:36   ├─ /vocabulary/5510/index.html (+1ms) 
23:44:36   ├─ /vocabulary/5511/index.html (+1ms) 
23:44:36   ├─ /vocabulary/5512/index.html (+1ms) 
23:44:36   ├─ /vocabulary/5513/index.html (+1ms) 
23:44:36   ├─ /vocabulary/5514/index.html (+1ms) 
23:44:36   ├─ /vocabulary/5515/index.html (+1ms) 
23:44:36   ├─ /vocabulary/5516/index.html (+1ms) 
23:44:36   ├─ /vocabulary/5517/index.html (+1ms) 
23:44:36   ├─ /vocabulary/5518/index.html (+1ms) 
23:44:36   ├─ /vocabulary/5519/index.html (+1ms) 
23:44:36   ├─ /vocabulary/5520/index.html (+1ms) 
23:44:36   ├─ /vocabulary/5521/index.html (+1ms) 
23:44:36   ├─ /vocabulary/5522/index.html (+1ms) 
23:44:36   ├─ /vocabulary/5523/index.html (+1ms) 
23:44:36   ├─ /vocabulary/5524/index.html (+1ms) 
23:44:36   ├─ /vocabulary/5525/index.html (+1ms) 
23:44:36   ├─ /vocabulary/5526/index.html (+1ms) 
23:44:36   ├─ /vocabulary/5527/index.html (+1ms) 
23:44:36   ├─ /vocabulary/5528/index.html (+5ms) 
23:44:36   ├─ /vocabulary/5529/index.html (+1ms) 
23:44:36   ├─ /vocabulary/5530/index.html (+1ms) 
23:44:36   ├─ /vocabulary/5531/index.html (+1ms) 
23:44:36   ├─ /vocabulary/5532/index.html (+1ms) 
23:44:36   ├─ /vocabulary/5533/index.html (+1ms) 
23:44:36   ├─ /vocabulary/5534/index.html (+1ms) 
23:44:36   ├─ /vocabulary/5535/index.html (+1ms) 
23:44:36   ├─ /vocabulary/5536/index.html (+1ms) 
23:44:36   ├─ /vocabulary/5537/index.html (+3ms) 
23:44:36   ├─ /vocabulary/5538/index.html (+2ms) 
23:44:36   ├─ /vocabulary/5539/index.html (+1ms) 
23:44:36   ├─ /vocabulary/5540/index.html (+1ms) 
23:44:36   ├─ /vocabulary/5541/index.html (+1ms) 
23:44:36   ├─ /vocabulary/5542/index.html (+1ms) 
23:44:36   ├─ /vocabulary/5543/index.html (+1ms) 
23:44:36   ├─ /vocabulary/5544/index.html (+1ms) 
23:44:36   ├─ /vocabulary/5545/index.html (+1ms) 
23:44:36   ├─ /vocabulary/5546/index.html (+1ms) 
23:44:36   ├─ /vocabulary/5547/index.html (+1ms) 
23:44:36   ├─ /vocabulary/5548/index.html (+1ms) 
23:44:36   ├─ /vocabulary/5549/index.html (+1ms) 
23:44:36   ├─ /vocabulary/5550/index.html (+1ms) 
23:44:36   ├─ /vocabulary/5551/index.html (+1ms) 
23:44:36   ├─ /vocabulary/5552/index.html (+1ms) 
23:44:36   ├─ /vocabulary/5553/index.html (+1ms) 
23:44:36   ├─ /vocabulary/5554/index.html (+1ms) 
23:44:36   ├─ /vocabulary/5555/index.html (+1ms) 
23:44:36   ├─ /vocabulary/5556/index.html (+1ms) 
23:44:36   ├─ /vocabulary/5557/index.html (+1ms) 
23:44:36   ├─ /vocabulary/5558/index.html (+1ms) 
23:44:36   ├─ /vocabulary/5559/index.html (+1ms) 
23:44:36   ├─ /vocabulary/5560/index.html (+1ms) 
23:44:36   ├─ /vocabulary/5561/index.html (+3ms) 
23:44:36   ├─ /vocabulary/5562/index.html (+1ms) 
23:44:36   ├─ /vocabulary/5563/index.html (+1ms) 
23:44:36   ├─ /vocabulary/5564/index.html (+1ms) 
23:44:36   ├─ /vocabulary/5565/index.html (+1ms) 
23:44:36   ├─ /vocabulary/5566/index.html (+1ms) 
23:44:36   ├─ /vocabulary/5567/index.html (+1ms) 
23:44:36   ├─ /vocabulary/5568/index.html (+1ms) 
23:44:36   ├─ /vocabulary/5569/index.html (+1ms) 
23:44:36   ├─ /vocabulary/5570/index.html (+1ms) 
23:44:36   ├─ /vocabulary/5571/index.html (+4ms) 
23:44:36   ├─ /vocabulary/5572/index.html (+1ms) 
23:44:36   ├─ /vocabulary/5573/index.html (+1ms) 
23:44:36   ├─ /vocabulary/5574/index.html (+1ms) 
23:44:36   ├─ /vocabulary/5575/index.html (+2ms) 
23:44:36   ├─ /vocabulary/5576/index.html (+1ms) 
23:44:36   ├─ /vocabulary/5577/index.html (+2ms) 
23:44:36   ├─ /vocabulary/5578/index.html (+3ms) 
23:44:36   ├─ /vocabulary/5579/index.html (+1ms) 
23:44:36   ├─ /vocabulary/5580/index.html (+1ms) 
23:44:36   ├─ /vocabulary/5581/index.html (+1ms) 
23:44:36   ├─ /vocabulary/5582/index.html (+1ms) 
23:44:36   ├─ /vocabulary/5583/index.html (+1ms) 
23:44:36   ├─ /vocabulary/5584/index.html (+1ms) 
23:44:36   ├─ /vocabulary/5585/index.html (+1ms) 
23:44:36   ├─ /vocabulary/5586/index.html (+1ms) 
23:44:36   ├─ /vocabulary/5587/index.html (+1ms) 
23:44:36   ├─ /vocabulary/5588/index.html (+1ms) 
23:44:36   ├─ /vocabulary/5589/index.html (+1ms) 
23:44:36   ├─ /vocabulary/5590/index.html (+1ms) 
23:44:36   ├─ /vocabulary/5591/index.html (+1ms) 
23:44:36   ├─ /vocabulary/5592/index.html (+1ms) 
23:44:36   ├─ /vocabulary/5593/index.html (+1ms) 
23:44:36   ├─ /vocabulary/5594/index.html (+1ms) 
23:44:36   ├─ /vocabulary/5595/index.html (+1ms) 
23:44:36   ├─ /vocabulary/5596/index.html (+1ms) 
23:44:36   ├─ /vocabulary/5597/index.html (+1ms) 
23:44:36   ├─ /vocabulary/5598/index.html (+1ms) 
23:44:36   ├─ /vocabulary/5599/index.html (+1ms) 
23:44:36   ├─ /vocabulary/5600/index.html (+1ms) 
23:44:36   ├─ /vocabulary/5601/index.html (+1ms) 
23:44:36   ├─ /vocabulary/5602/index.html (+1ms) 
23:44:36   ├─ /vocabulary/5603/index.html (+1ms) 
23:44:36   ├─ /vocabulary/5604/index.html (+1ms) 
23:44:36   ├─ /vocabulary/5605/index.html (+1ms) 
23:44:36   ├─ /vocabulary/5606/index.html (+1ms) 
23:44:36   ├─ /vocabulary/5607/index.html (+1ms) 
23:44:36   ├─ /vocabulary/5608/index.html (+1ms) 
23:44:36   ├─ /vocabulary/5609/index.html (+1ms) 
23:44:36   ├─ /vocabulary/5610/index.html (+1ms) 
23:44:36   ├─ /vocabulary/5611/index.html (+1ms) 
23:44:36   ├─ /vocabulary/5612/index.html (+1ms) 
23:44:36   ├─ /vocabulary/5613/index.html (+1ms) 
23:44:36   ├─ /vocabulary/5614/index.html (+1ms) 
23:44:36   ├─ /vocabulary/5615/index.html (+1ms) 
23:44:36   ├─ /vocabulary/5616/index.html (+1ms) 
23:44:36   ├─ /vocabulary/5617/index.html (+1ms) 
23:44:36   ├─ /vocabulary/5618/index.html (+1ms) 
23:44:36   ├─ /vocabulary/5619/index.html (+1ms) 
23:44:36   ├─ /vocabulary/5620/index.html (+1ms) 
23:44:36   ├─ /vocabulary/5621/index.html (+1ms) 
23:44:36   ├─ /vocabulary/5622/index.html (+1ms) 
23:44:36   ├─ /vocabulary/5623/index.html (+1ms) 
23:44:36   ├─ /vocabulary/5624/index.html (+1ms) 
23:44:36   ├─ /vocabulary/5625/index.html (+1ms) 
23:44:36   ├─ /vocabulary/5626/index.html (+1ms) 
23:44:36   ├─ /vocabulary/5627/index.html (+1ms) 
23:44:36   ├─ /vocabulary/5628/index.html (+1ms) 
23:44:36   ├─ /vocabulary/5629/index.html (+1ms) 
23:44:36   ├─ /vocabulary/5630/index.html (+1ms) 
23:44:36   ├─ /vocabulary/5631/index.html (+1ms) 
23:44:36   ├─ /vocabulary/5632/index.html (+1ms) 
23:44:36   ├─ /vocabulary/5633/index.html (+1ms) 
23:44:36   ├─ /vocabulary/5634/index.html (+1ms) 
23:44:36   ├─ /vocabulary/5635/index.html (+3ms) 
23:44:36   ├─ /vocabulary/5636/index.html (+2ms) 
23:44:36   ├─ /vocabulary/5637/index.html (+1ms) 
23:44:36   ├─ /vocabulary/5638/index.html (+2ms) 
23:44:36   ├─ /vocabulary/5639/index.html (+1ms) 
23:44:36   ├─ /vocabulary/5640/index.html (+1ms) 
23:44:36   ├─ /vocabulary/5641/index.html (+1ms) 
23:44:36   ├─ /vocabulary/5642/index.html (+1ms) 
23:44:36   ├─ /vocabulary/5643/index.html (+1ms) 
23:44:36   ├─ /vocabulary/5644/index.html (+1ms) 
23:44:36   ├─ /vocabulary/5645/index.html (+1ms) 
23:44:36   ├─ /vocabulary/5646/index.html (+1ms) 
23:44:36   ├─ /vocabulary/5647/index.html (+1ms) 
23:44:36   ├─ /vocabulary/5648/index.html (+1ms) 
23:44:36   ├─ /vocabulary/5649/index.html (+1ms) 
23:44:36   ├─ /vocabulary/5650/index.html (+1ms) 
23:44:36   ├─ /vocabulary/5651/index.html (+1ms) 
23:44:36   ├─ /vocabulary/5652/index.html (+1ms) 
23:44:36   ├─ /vocabulary/5653/index.html (+2ms) 
23:44:36   ├─ /vocabulary/5654/index.html (+1ms) 
23:44:36   ├─ /vocabulary/5655/index.html (+1ms) 
23:44:36   ├─ /vocabulary/5656/index.html (+1ms) 
23:44:36   ├─ /vocabulary/5657/index.html (+1ms) 
23:44:36   ├─ /vocabulary/5658/index.html (+1ms) 
23:44:36   ├─ /vocabulary/5659/index.html (+1ms) 
23:44:36   ├─ /vocabulary/5660/index.html (+1ms) 
23:44:36   ├─ /vocabulary/5661/index.html (+1ms) 
23:44:36   ├─ /vocabulary/5662/index.html (+1ms) 
23:44:36   ├─ /vocabulary/5663/index.html (+1ms) 
23:44:36   ├─ /vocabulary/5664/index.html (+1ms) 
23:44:36   ├─ /vocabulary/5665/index.html (+1ms) 
23:44:36   ├─ /vocabulary/5666/index.html (+1ms) 
23:44:36   ├─ /vocabulary/5667/index.html (+1ms) 
23:44:36   ├─ /vocabulary/5668/index.html (+1ms) 
23:44:36   ├─ /vocabulary/5669/index.html (+1ms) 
23:44:36   ├─ /vocabulary/5670/index.html (+1ms) 
23:44:36   ├─ /vocabulary/5671/index.html (+1ms) 
23:44:36   ├─ /vocabulary/5672/index.html (+1ms) 
23:44:36   ├─ /vocabulary/5673/index.html (+2ms) 
23:44:36   ├─ /vocabulary/5674/index.html (+2ms) 
23:44:36   ├─ /vocabulary/5675/index.html (+1ms) 
23:44:36   ├─ /vocabulary/5676/index.html (+1ms) 
23:44:36   ├─ /vocabulary/5677/index.html (+1ms) 
23:44:36   ├─ /vocabulary/5678/index.html (+1ms) 
23:44:36   ├─ /vocabulary/5679/index.html (+1ms) 
23:44:36   ├─ /vocabulary/5680/index.html (+1ms) 
23:44:36   ├─ /vocabulary/5681/index.html (+1ms) 
23:44:36   ├─ /vocabulary/5682/index.html (+1ms) 
23:44:36   ├─ /vocabulary/5683/index.html (+3ms) 
23:44:36   ├─ /vocabulary/5684/index.html (+1ms) 
23:44:36   ├─ /vocabulary/5685/index.html (+1ms) 
23:44:36   ├─ /vocabulary/5686/index.html (+1ms) 
23:44:36   ├─ /vocabulary/5687/index.html (+1ms) 
23:44:36   ├─ /vocabulary/5688/index.html (+1ms) 
23:44:36   ├─ /vocabulary/5689/index.html (+1ms) 
23:44:36   ├─ /vocabulary/5690/index.html (+1ms) 
23:44:36   ├─ /vocabulary/5691/index.html (+1ms) 
23:44:36   ├─ /vocabulary/5692/index.html (+1ms) 
23:44:36   ├─ /vocabulary/5693/index.html (+1ms) 
23:44:36   ├─ /vocabulary/5694/index.html (+1ms) 
23:44:36   ├─ /vocabulary/5695/index.html (+1ms) 
23:44:36   ├─ /vocabulary/5696/index.html (+1ms) 
23:44:36   ├─ /vocabulary/5697/index.html (+1ms) 
23:44:36   ├─ /vocabulary/5698/index.html (+3ms) 
23:44:36   ├─ /vocabulary/5699/index.html (+3ms) 
23:44:36   ├─ /vocabulary/5700/index.html (+1ms) 
23:44:36   ├─ /vocabulary/5701/index.html (+1ms) 
23:44:36   ├─ /vocabulary/5702/index.html (+1ms) 
23:44:36   ├─ /vocabulary/5703/index.html (+1ms) 
23:44:36   ├─ /vocabulary/5704/index.html (+1ms) 
23:44:36   ├─ /vocabulary/5705/index.html (+1ms) 
23:44:36   ├─ /vocabulary/5706/index.html (+1ms) 
23:44:36   ├─ /vocabulary/5707/index.html (+1ms) 
23:44:36   ├─ /vocabulary/5708/index.html (+1ms) 
23:44:36   ├─ /vocabulary/5709/index.html (+1ms) 
23:44:36   ├─ /vocabulary/5710/index.html (+1ms) 
23:44:36   ├─ /vocabulary/5711/index.html (+1ms) 
23:44:36   ├─ /vocabulary/5712/index.html (+1ms) 
23:44:36   ├─ /vocabulary/5713/index.html (+1ms) 
23:44:36   ├─ /vocabulary/5714/index.html (+1ms) 
23:44:36   ├─ /vocabulary/5715/index.html (+1ms) 
23:44:36   ├─ /vocabulary/5716/index.html (+3ms) 
23:44:36   ├─ /vocabulary/5717/index.html (+1ms) 
23:44:36   ├─ /vocabulary/5718/index.html (+1ms) 
23:44:36   ├─ /vocabulary/5719/index.html (+1ms) 
23:44:36   ├─ /vocabulary/5720/index.html (+1ms) 
23:44:36   ├─ /vocabulary/5721/index.html (+1ms) 
23:44:36   ├─ /vocabulary/5722/index.html (+1ms) 
23:44:36   ├─ /vocabulary/5723/index.html (+1ms) 
23:44:36   ├─ /vocabulary/5724/index.html (+1ms) 
23:44:36   ├─ /vocabulary/5725/index.html (+1ms) 
23:44:36   ├─ /vocabulary/5726/index.html (+1ms) 
23:44:36   ├─ /vocabulary/5727/index.html (+1ms) 
23:44:36   ├─ /vocabulary/5728/index.html (+1ms) 
23:44:36   ├─ /vocabulary/5729/index.html (+1ms) 
23:44:36   ├─ /vocabulary/5730/index.html (+1ms) 
23:44:36   ├─ /vocabulary/5731/index.html (+1ms) 
23:44:36   ├─ /vocabulary/5732/index.html (+1ms) 
23:44:36   ├─ /vocabulary/5733/index.html (+1ms) 
23:44:36   ├─ /vocabulary/5734/index.html (+2ms) 
23:44:36   ├─ /vocabulary/5735/index.html (+1ms) 
23:44:36   ├─ /vocabulary/5736/index.html (+1ms) 
23:44:36   ├─ /vocabulary/5737/index.html (+1ms) 
23:44:36   ├─ /vocabulary/5738/index.html (+1ms) 
23:44:36   ├─ /vocabulary/5739/index.html (+1ms) 
23:44:36   ├─ /vocabulary/5740/index.html (+2ms) 
23:44:36   ├─ /vocabulary/5741/index.html (+1ms) 
23:44:36   ├─ /vocabulary/5742/index.html (+1ms) 
23:44:36   ├─ /vocabulary/5743/index.html (+1ms) 
23:44:36   ├─ /vocabulary/5744/index.html (+1ms) 
23:44:36   ├─ /vocabulary/5745/index.html (+1ms) 
23:44:36   ├─ /vocabulary/5746/index.html (+1ms) 
23:44:36   ├─ /vocabulary/5747/index.html (+1ms) 
23:44:36   ├─ /vocabulary/5748/index.html (+1ms) 
23:44:36   ├─ /vocabulary/5749/index.html (+1ms) 
23:44:36   ├─ /vocabulary/5750/index.html (+1ms) 
23:44:36   ├─ /vocabulary/5751/index.html (+1ms) 
23:44:36   ├─ /vocabulary/5752/index.html (+1ms) 
23:44:36   ├─ /vocabulary/5753/index.html (+1ms) 
23:44:36   ├─ /vocabulary/5754/index.html (+1ms) 
23:44:36   ├─ /vocabulary/5755/index.html (+1ms) 
23:44:36   ├─ /vocabulary/5756/index.html (+1ms) 
23:44:36   ├─ /vocabulary/5757/index.html (+1ms) 
23:44:36   ├─ /vocabulary/5758/index.html (+1ms) 
23:44:36   ├─ /vocabulary/5759/index.html (+1ms) 
23:44:36   ├─ /vocabulary/5760/index.html (+1ms) 
23:44:36   ├─ /vocabulary/5761/index.html (+1ms) 
23:44:36   ├─ /vocabulary/5762/index.html (+1ms) 
23:44:36   ├─ /vocabulary/5763/index.html (+1ms) 
23:44:36   ├─ /vocabulary/5764/index.html (+1ms) 
23:44:36   ├─ /vocabulary/5765/index.html (+1ms) 
23:44:36   ├─ /vocabulary/5766/index.html (+1ms) 
23:44:36   ├─ /vocabulary/5767/index.html (+1ms) 
23:44:36   ├─ /vocabulary/5768/index.html (+1ms) 
23:44:36   ├─ /vocabulary/5769/index.html (+1ms) 
23:44:36   ├─ /vocabulary/5770/index.html (+2ms) 
23:44:36   ├─ /vocabulary/5771/index.html (+1ms) 
23:44:36   ├─ /vocabulary/5772/index.html (+1ms) 
23:44:36   ├─ /vocabulary/5773/index.html (+1ms) 
23:44:36   ├─ /vocabulary/5774/index.html (+1ms) 
23:44:36   ├─ /vocabulary/5775/index.html (+1ms) 
23:44:36   ├─ /vocabulary/5776/index.html (+1ms) 
23:44:36   ├─ /vocabulary/5777/index.html (+1ms) 
23:44:36   ├─ /vocabulary/5778/index.html (+1ms) 
23:44:36   ├─ /vocabulary/5779/index.html (+1ms) 
23:44:36   ├─ /vocabulary/5780/index.html (+1ms) 
23:44:36   ├─ /vocabulary/5781/index.html (+1ms) 
23:44:36   ├─ /vocabulary/5782/index.html (+1ms) 
23:44:36   ├─ /vocabulary/5783/index.html (+1ms) 
23:44:36   ├─ /vocabulary/5784/index.html (+1ms) 
23:44:36   ├─ /vocabulary/5785/index.html (+1ms) 
23:44:36   ├─ /vocabulary/5786/index.html (+1ms) 
23:44:36   ├─ /vocabulary/5787/index.html (+1ms) 
23:44:36   ├─ /vocabulary/5788/index.html (+1ms) 
23:44:36   ├─ /vocabulary/5789/index.html (+1ms) 
23:44:36   ├─ /vocabulary/5790/index.html (+1ms) 
23:44:36   ├─ /vocabulary/5791/index.html (+1ms) 
23:44:36   ├─ /vocabulary/5792/index.html (+1ms) 
23:44:36   ├─ /vocabulary/5793/index.html (+1ms) 
23:44:36   ├─ /vocabulary/5794/index.html (+1ms) 
23:44:36   ├─ /vocabulary/5795/index.html (+1ms) 
23:44:36   ├─ /vocabulary/5796/index.html (+1ms) 
23:44:36   ├─ /vocabulary/5797/index.html (+1ms) 
23:44:36   ├─ /vocabulary/5798/index.html (+1ms) 
23:44:36   ├─ /vocabulary/5799/index.html (+1ms) 
23:44:36   ├─ /vocabulary/5800/index.html (+1ms) 
23:44:36   ├─ /vocabulary/5801/index.html (+1ms) 
23:44:36   ├─ /vocabulary/5802/index.html (+1ms) 
23:44:36   ├─ /vocabulary/5803/index.html (+1ms) 
23:44:36   ├─ /vocabulary/5804/index.html (+1ms) 
23:44:36   ├─ /vocabulary/5805/index.html (+1ms) 
23:44:36   ├─ /vocabulary/5806/index.html (+1ms) 
23:44:36   ├─ /vocabulary/5807/index.html (+1ms) 
23:44:36   ├─ /vocabulary/5808/index.html (+1ms) 
23:44:36   ├─ /vocabulary/5809/index.html (+1ms) 
23:44:36   ├─ /vocabulary/5810/index.html (+1ms) 
23:44:36   ├─ /vocabulary/5811/index.html (+1ms) 
23:44:36   ├─ /vocabulary/5812/index.html (+1ms) 
23:44:36   ├─ /vocabulary/5813/index.html (+2ms) 
23:44:36   ├─ /vocabulary/5814/index.html (+1ms) 
23:44:36   ├─ /vocabulary/5815/index.html (+1ms) 
23:44:36   ├─ /vocabulary/5816/index.html (+1ms) 
23:44:36   ├─ /vocabulary/5817/index.html (+1ms) 
23:44:36   ├─ /vocabulary/5818/index.html (+1ms) 
23:44:36   ├─ /vocabulary/5819/index.html (+1ms) 
23:44:36   ├─ /vocabulary/5820/index.html (+1ms) 
23:44:36   ├─ /vocabulary/5821/index.html (+1ms) 
23:44:36   ├─ /vocabulary/5822/index.html (+2ms) 
23:44:36   ├─ /vocabulary/5823/index.html (+4ms) 
23:44:36   ├─ /vocabulary/5824/index.html (+1ms) 
23:44:36   ├─ /vocabulary/5825/index.html (+1ms) 
23:44:36   ├─ /vocabulary/5826/index.html (+1ms) 
23:44:36   ├─ /vocabulary/5827/index.html (+1ms) 
23:44:36   ├─ /vocabulary/5828/index.html (+1ms) 
23:44:36   ├─ /vocabulary/5829/index.html (+1ms) 
23:44:36   ├─ /vocabulary/5830/index.html (+1ms) 
23:44:36   ├─ /vocabulary/5831/index.html (+1ms) 
23:44:36   ├─ /vocabulary/5832/index.html (+1ms) 
23:44:36   ├─ /vocabulary/5833/index.html (+1ms) 
23:44:36   ├─ /vocabulary/5834/index.html (+1ms) 
23:44:36   ├─ /vocabulary/5835/index.html (+1ms) 
23:44:36   ├─ /vocabulary/5836/index.html (+1ms) 
23:44:36   ├─ /vocabulary/5837/index.html (+1ms) 
23:44:36   ├─ /vocabulary/5838/index.html (+1ms) 
23:44:36   ├─ /vocabulary/5839/index.html (+1ms) 
23:44:36   ├─ /vocabulary/5840/index.html (+1ms) 
23:44:36   ├─ /vocabulary/5841/index.html (+1ms) 
23:44:36   ├─ /vocabulary/5842/index.html (+1ms) 
23:44:36   ├─ /vocabulary/5843/index.html (+5ms) 
23:44:36   ├─ /vocabulary/5844/index.html (+1ms) 
23:44:36   ├─ /vocabulary/5845/index.html (+1ms) 
23:44:36   ├─ /vocabulary/5846/index.html (+1ms) 
23:44:36   ├─ /vocabulary/5847/index.html (+1ms) 
23:44:36   ├─ /vocabulary/5848/index.html (+1ms) 
23:44:36   ├─ /vocabulary/5849/index.html (+2ms) 
23:44:36   ├─ /vocabulary/5850/index.html (+1ms) 
23:44:36   ├─ /vocabulary/5851/index.html (+1ms) 
23:44:36   ├─ /vocabulary/5852/index.html (+1ms) 
23:44:36   ├─ /vocabulary/5853/index.html (+1ms) 
23:44:36   ├─ /vocabulary/5854/index.html (+4ms) 
23:44:36   ├─ /vocabulary/5855/index.html (+5ms) 
23:44:36   ├─ /vocabulary/5856/index.html (+1ms) 
23:44:36   ├─ /vocabulary/5857/index.html (+1ms) 
23:44:36   ├─ /vocabulary/5858/index.html (+1ms) 
23:44:36   ├─ /vocabulary/5859/index.html (+1ms) 
23:44:36   ├─ /vocabulary/5860/index.html (+1ms) 
23:44:36   ├─ /vocabulary/5861/index.html (+1ms) 
23:44:36   ├─ /vocabulary/5862/index.html (+1ms) 
23:44:36   ├─ /vocabulary/5863/index.html (+1ms) 
23:44:36   ├─ /vocabulary/5864/index.html (+1ms) 
23:44:36   ├─ /vocabulary/5865/index.html (+1ms) 
23:44:36   ├─ /vocabulary/5866/index.html (+1ms) 
23:44:36   ├─ /vocabulary/5867/index.html (+1ms) 
23:44:36   ├─ /vocabulary/5868/index.html (+1ms) 
23:44:36   ├─ /vocabulary/5869/index.html (+1ms) 
23:44:36   ├─ /vocabulary/5870/index.html (+1ms) 
23:44:36   ├─ /vocabulary/5871/index.html (+1ms) 
23:44:36   ├─ /vocabulary/5872/index.html (+1ms) 
23:44:36   ├─ /vocabulary/5873/index.html (+1ms) 
23:44:36   ├─ /vocabulary/5874/index.html (+1ms) 
23:44:36   ├─ /vocabulary/5875/index.html (+1ms) 
23:44:36   ├─ /vocabulary/5876/index.html (+1ms) 
23:44:36   ├─ /vocabulary/5877/index.html (+1ms) 
23:44:36   ├─ /vocabulary/5878/index.html (+1ms) 
23:44:36   ├─ /vocabulary/5879/index.html (+1ms) 
23:44:36   ├─ /vocabulary/5880/index.html (+1ms) 
23:44:36   ├─ /vocabulary/5881/index.html (+1ms) 
23:44:36   ├─ /vocabulary/5882/index.html (+3ms) 
23:44:36   ├─ /vocabulary/5883/index.html (+1ms) 
23:44:36   ├─ /vocabulary/5884/index.html (+1ms) 
23:44:36   ├─ /vocabulary/5885/index.html (+2ms) 
23:44:36   ├─ /vocabulary/5886/index.html (+1ms) 
23:44:36   ├─ /vocabulary/5887/index.html (+1ms) 
23:44:36   ├─ /vocabulary/5888/index.html (+1ms) 
23:44:36   ├─ /vocabulary/5889/index.html (+1ms) 
23:44:36   ├─ /vocabulary/5890/index.html (+1ms) 
23:44:36   ├─ /vocabulary/5891/index.html (+1ms) 
23:44:36   ├─ /vocabulary/5892/index.html (+1ms) 
23:44:36   ├─ /vocabulary/5893/index.html (+1ms) 
23:44:36   ├─ /vocabulary/5894/index.html (+1ms) 
23:44:36   ├─ /vocabulary/5895/index.html (+1ms) 
23:44:36   ├─ /vocabulary/5896/index.html (+2ms) 
23:44:36   ├─ /vocabulary/5897/index.html (+1ms) 
23:44:36   ├─ /vocabulary/5898/index.html (+1ms) 
23:44:36   ├─ /vocabulary/5899/index.html (+2ms) 
23:44:36   ├─ /vocabulary/5900/index.html (+1ms) 
23:44:36   ├─ /vocabulary/5901/index.html (+1ms) 
23:44:36   ├─ /vocabulary/5902/index.html (+1ms) 
23:44:36   ├─ /vocabulary/5903/index.html (+1ms) 
23:44:36   ├─ /vocabulary/5904/index.html (+1ms) 
23:44:37   ├─ /vocabulary/5905/index.html (+1ms) 
23:44:37   ├─ /vocabulary/5906/index.html (+1ms) 
23:44:37   ├─ /vocabulary/5907/index.html (+1ms) 
23:44:37   ├─ /vocabulary/5908/index.html (+1ms) 
23:44:37   ├─ /vocabulary/5909/index.html (+1ms) 
23:44:37   ├─ /vocabulary/5910/index.html (+1ms) 
23:44:37   ├─ /vocabulary/5911/index.html (+3ms) 
23:44:37   ├─ /vocabulary/5912/index.html (+2ms) 
23:44:37   ├─ /vocabulary/5913/index.html (+1ms) 
23:44:37   ├─ /vocabulary/5914/index.html (+1ms) 
23:44:37   ├─ /vocabulary/5915/index.html (+2ms) 
23:44:37   ├─ /vocabulary/5916/index.html (+1ms) 
23:44:37   ├─ /vocabulary/5917/index.html (+1ms) 
23:44:37   ├─ /vocabulary/5918/index.html (+1ms) 
23:44:37   ├─ /vocabulary/5919/index.html (+1ms) 
23:44:37   ├─ /vocabulary/5920/index.html (+1ms) 
23:44:37   ├─ /vocabulary/5921/index.html (+1ms) 
23:44:37   ├─ /vocabulary/5922/index.html (+1ms) 
23:44:37   ├─ /vocabulary/5923/index.html (+1ms) 
23:44:37   ├─ /vocabulary/5924/index.html (+1ms) 
23:44:37   ├─ /vocabulary/5925/index.html (+2ms) 
23:44:37   ├─ /vocabulary/5926/index.html (+1ms) 
23:44:37   ├─ /vocabulary/5927/index.html (+1ms) 
23:44:37   ├─ /vocabulary/5928/index.html (+1ms) 
23:44:37   ├─ /vocabulary/5929/index.html (+1ms) 
23:44:37   ├─ /vocabulary/5930/index.html (+1ms) 
23:44:37   ├─ /vocabulary/5931/index.html (+1ms) 
23:44:37   ├─ /vocabulary/5932/index.html (+1ms) 
23:44:37   ├─ /vocabulary/5933/index.html (+1ms) 
23:44:37   ├─ /vocabulary/5934/index.html (+1ms) 
23:44:37   ├─ /vocabulary/5935/index.html (+1ms) 
23:44:37   ├─ /vocabulary/5936/index.html (+2ms) 
23:44:37   ├─ /vocabulary/5937/index.html (+1ms) 
23:44:37   ├─ /vocabulary/5938/index.html (+1ms) 
23:44:37   ├─ /vocabulary/5939/index.html (+1ms) 
23:44:37   ├─ /vocabulary/5940/index.html (+1ms) 
23:44:37   ├─ /vocabulary/5941/index.html (+1ms) 
23:44:37   ├─ /vocabulary/5942/index.html (+1ms) 
23:44:37   ├─ /vocabulary/5943/index.html (+1ms) 
23:44:37   ├─ /vocabulary/5944/index.html (+1ms) 
23:44:37   ├─ /vocabulary/5945/index.html (+1ms) 
23:44:37   ├─ /vocabulary/5946/index.html (+1ms) 
23:44:37   ├─ /vocabulary/5947/index.html (+1ms) 
23:44:37   ├─ /vocabulary/5948/index.html (+1ms) 
23:44:37   ├─ /vocabulary/5949/index.html (+1ms) 
23:44:37   ├─ /vocabulary/5950/index.html (+1ms) 
23:44:37   ├─ /vocabulary/5951/index.html (+1ms) 
23:44:37   ├─ /vocabulary/5952/index.html (+1ms) 
23:44:37   ├─ /vocabulary/5953/index.html (+1ms) 
23:44:37   ├─ /vocabulary/5954/index.html (+1ms) 
23:44:37   ├─ /vocabulary/5955/index.html (+1ms) 
23:44:37   ├─ /vocabulary/5956/index.html (+1ms) 
23:44:37   ├─ /vocabulary/5957/index.html (+1ms) 
23:44:37   ├─ /vocabulary/5958/index.html (+1ms) 
23:44:37   ├─ /vocabulary/5959/index.html (+1ms) 
23:44:37   ├─ /vocabulary/5960/index.html (+1ms) 
23:44:37   ├─ /vocabulary/5961/index.html (+1ms) 
23:44:37   ├─ /vocabulary/5962/index.html (+1ms) 
23:44:37   ├─ /vocabulary/5963/index.html (+1ms) 
23:44:37   ├─ /vocabulary/5964/index.html (+1ms) 
23:44:37   ├─ /vocabulary/5965/index.html (+1ms) 
23:44:37   ├─ /vocabulary/5966/index.html (+1ms) 
23:44:37   ├─ /vocabulary/5967/index.html (+1ms) 
23:44:37   ├─ /vocabulary/5968/index.html (+1ms) 
23:44:37   ├─ /vocabulary/5969/index.html (+1ms) 
23:44:37   ├─ /vocabulary/5970/index.html (+1ms) 
23:44:37   ├─ /vocabulary/5971/index.html (+1ms) 
23:44:37   ├─ /vocabulary/5972/index.html (+1ms) 
23:44:37   ├─ /vocabulary/5973/index.html (+2ms) 
23:44:37   ├─ /vocabulary/5974/index.html (+6ms) 
23:44:37   ├─ /vocabulary/5975/index.html (+4ms) 
23:44:37   ├─ /vocabulary/5976/index.html (+1ms) 
23:44:37   ├─ /vocabulary/5977/index.html (+1ms) 
23:44:37   ├─ /vocabulary/5978/index.html (+1ms) 
23:44:37   ├─ /vocabulary/5979/index.html (+1ms) 
23:44:37   ├─ /vocabulary/5980/index.html (+1ms) 
23:44:37   ├─ /vocabulary/5981/index.html (+1ms) 
23:44:37   ├─ /vocabulary/5982/index.html (+1ms) 
23:44:37   ├─ /vocabulary/5983/index.html (+1ms) 
23:44:37   ├─ /vocabulary/5984/index.html (+1ms) 
23:44:37   ├─ /vocabulary/5985/index.html (+1ms) 
23:44:37   ├─ /vocabulary/5986/index.html (+1ms) 
23:44:37   ├─ /vocabulary/5987/index.html (+1ms) 
23:44:37   ├─ /vocabulary/5988/index.html (+1ms) 
23:44:37   ├─ /vocabulary/5989/index.html (+1ms) 
23:44:37   ├─ /vocabulary/5990/index.html (+16ms) 
23:44:37   ├─ /vocabulary/5991/index.html (+1ms) 
23:44:37   ├─ /vocabulary/5992/index.html (+2ms) 
23:44:37   ├─ /vocabulary/5993/index.html (+1ms) 
23:44:37   ├─ /vocabulary/5994/index.html (+3ms) 
23:44:37   ├─ /vocabulary/5995/index.html (+1ms) 
23:44:37   ├─ /vocabulary/5996/index.html (+1ms) 
23:44:37   ├─ /vocabulary/5997/index.html (+1ms) 
23:44:37   ├─ /vocabulary/5998/index.html (+1ms) 
23:44:37   ├─ /vocabulary/5999/index.html (+1ms) 
23:44:37   ├─ /vocabulary/6000/index.html (+1ms) 
23:44:37   ├─ /vocabulary/6001/index.html (+1ms) 
23:44:37   ├─ /vocabulary/6002/index.html (+1ms) 
23:44:37   ├─ /vocabulary/6003/index.html (+1ms) 
23:44:37   ├─ /vocabulary/6004/index.html (+1ms) 
23:44:37   ├─ /vocabulary/6005/index.html (+1ms) 
23:44:37   ├─ /vocabulary/6006/index.html (+1ms) 
23:44:37   ├─ /vocabulary/6007/index.html (+1ms) 
23:44:37   ├─ /vocabulary/6008/index.html (+1ms) 
23:44:37   ├─ /vocabulary/6009/index.html (+1ms) 
23:44:37   ├─ /vocabulary/6010/index.html (+1ms) 
23:44:37   ├─ /vocabulary/6011/index.html (+1ms) 
23:44:37   ├─ /vocabulary/6012/index.html (+1ms) 
23:44:37   ├─ /vocabulary/6013/index.html (+1ms) 
23:44:37   ├─ /vocabulary/6014/index.html (+1ms) 
23:44:37   ├─ /vocabulary/6015/index.html (+1ms) 
23:44:37   ├─ /vocabulary/6016/index.html (+1ms) 
23:44:37   ├─ /vocabulary/6017/index.html (+1ms) 
23:44:37   ├─ /vocabulary/6018/index.html (+1ms) 
23:44:37   ├─ /vocabulary/6019/index.html (+1ms) 
23:44:37   ├─ /vocabulary/6020/index.html (+2ms) 
23:44:37   ├─ /vocabulary/6021/index.html (+1ms) 
23:44:37   ├─ /vocabulary/6022/index.html (+2ms) 
23:44:37   ├─ /vocabulary/6023/index.html (+2ms) 
23:44:37   ├─ /vocabulary/6024/index.html (+3ms) 
23:44:37   ├─ /vocabulary/6025/index.html (+1ms) 
23:44:37   ├─ /vocabulary/6026/index.html (+1ms) 
23:44:37   ├─ /vocabulary/6027/index.html (+1ms) 
23:44:37   ├─ /vocabulary/6028/index.html (+1ms) 
23:44:37   ├─ /vocabulary/6029/index.html (+1ms) 
23:44:37   ├─ /vocabulary/6030/index.html (+1ms) 
23:44:37   ├─ /vocabulary/6031/index.html (+1ms) 
23:44:37   ├─ /vocabulary/6032/index.html (+1ms) 
23:44:37   ├─ /vocabulary/6033/index.html (+1ms) 
23:44:37   ├─ /vocabulary/6034/index.html (+1ms) 
23:44:37   ├─ /vocabulary/6035/index.html (+1ms) 
23:44:37   ├─ /vocabulary/6036/index.html (+1ms) 
23:44:37   ├─ /vocabulary/6037/index.html (+1ms) 
23:44:37   ├─ /vocabulary/6038/index.html (+1ms) 
23:44:37   ├─ /vocabulary/6039/index.html (+1ms) 
23:44:37   ├─ /vocabulary/6040/index.html (+1ms) 
23:44:37   ├─ /vocabulary/6041/index.html (+1ms) 
23:44:37   ├─ /vocabulary/6042/index.html (+1ms) 
23:44:37   ├─ /vocabulary/6043/index.html (+1ms) 
23:44:37   ├─ /vocabulary/6044/index.html (+4ms) 
23:44:37   ├─ /vocabulary/6045/index.html (+1ms) 
23:44:37   ├─ /vocabulary/6046/index.html (+1ms) 
23:44:37   ├─ /vocabulary/6047/index.html (+1ms) 
23:44:37   ├─ /vocabulary/6048/index.html (+1ms) 
23:44:37   ├─ /vocabulary/6049/index.html (+1ms) 
23:44:37   ├─ /vocabulary/6050/index.html (+1ms) 
23:44:37   ├─ /vocabulary/6051/index.html (+1ms) 
23:44:37   ├─ /vocabulary/6052/index.html (+1ms) 
23:44:37   ├─ /vocabulary/6053/index.html (+1ms) 
23:44:37   ├─ /vocabulary/6054/index.html (+1ms) 
23:44:37   ├─ /vocabulary/6055/index.html (+1ms) 
23:44:37   ├─ /vocabulary/6056/index.html (+1ms) 
23:44:37   ├─ /vocabulary/6057/index.html (+1ms) 
23:44:37   ├─ /vocabulary/6058/index.html (+1ms) 
23:44:37   ├─ /vocabulary/6059/index.html (+1ms) 
23:44:37   ├─ /vocabulary/6060/index.html (+1ms) 
23:44:37   ├─ /vocabulary/6061/index.html (+1ms) 
23:44:37   ├─ /vocabulary/6062/index.html (+1ms) 
23:44:37   ├─ /vocabulary/6063/index.html (+1ms) 
23:44:37   ├─ /vocabulary/6064/index.html (+1ms) 
23:44:37   ├─ /vocabulary/6065/index.html (+1ms) 
23:44:37   ├─ /vocabulary/6066/index.html (+1ms) 
23:44:37   ├─ /vocabulary/6067/index.html (+1ms) 
23:44:37   ├─ /vocabulary/6068/index.html (+1ms) 
23:44:37   ├─ /vocabulary/6069/index.html (+1ms) 
23:44:37   ├─ /vocabulary/6070/index.html (+1ms) 
23:44:37   ├─ /vocabulary/6071/index.html (+1ms) 
23:44:37   ├─ /vocabulary/6072/index.html (+1ms) 
23:44:37   ├─ /vocabulary/6073/index.html (+1ms) 
23:44:37   ├─ /vocabulary/6074/index.html (+1ms) 
23:44:37   ├─ /vocabulary/6075/index.html (+1ms) 
23:44:37   ├─ /vocabulary/6076/index.html (+1ms) 
23:44:37   ├─ /vocabulary/6077/index.html (+1ms) 
23:44:37   ├─ /vocabulary/6078/index.html (+1ms) 
23:44:37   ├─ /vocabulary/6079/index.html (+1ms) 
23:44:37   ├─ /vocabulary/6080/index.html (+1ms) 
23:44:37   ├─ /vocabulary/6081/index.html (+1ms) 
23:44:37   ├─ /vocabulary/6082/index.html (+1ms) 
23:44:37   ├─ /vocabulary/6083/index.html (+1ms) 
23:44:37   ├─ /vocabulary/6084/index.html (+1ms) 
23:44:37   ├─ /vocabulary/6085/index.html (+1ms) 
23:44:37   ├─ /vocabulary/6086/index.html (+1ms) 
23:44:37   ├─ /vocabulary/6087/index.html (+1ms) 
23:44:37   ├─ /vocabulary/6088/index.html (+1ms) 
23:44:37   ├─ /vocabulary/6089/index.html (+1ms) 
23:44:37   ├─ /vocabulary/6090/index.html (+1ms) 
23:44:37   ├─ /vocabulary/6091/index.html (+1ms) 
23:44:37   ├─ /vocabulary/6092/index.html (+1ms) 
23:44:37   ├─ /vocabulary/6093/index.html (+1ms) 
23:44:37   ├─ /vocabulary/6094/index.html (+2ms) 
23:44:37   ├─ /vocabulary/6095/index.html (+2ms) 
23:44:37   ├─ /vocabulary/6096/index.html (+1ms) 
23:44:37   ├─ /vocabulary/6097/index.html (+1ms) 
23:44:37   ├─ /vocabulary/6098/index.html (+1ms) 
23:44:37   ├─ /vocabulary/6099/index.html (+1ms) 
23:44:37   ├─ /vocabulary/6100/index.html (+2ms) 
23:44:37   ├─ /vocabulary/6101/index.html (+1ms) 
23:44:37   ├─ /vocabulary/6102/index.html (+1ms) 
23:44:37   ├─ /vocabulary/6103/index.html (+1ms) 
23:44:37   ├─ /vocabulary/6104/index.html (+1ms) 
23:44:37   ├─ /vocabulary/6105/index.html (+1ms) 
23:44:37   ├─ /vocabulary/6106/index.html (+1ms) 
23:44:37   ├─ /vocabulary/6107/index.html (+1ms) 
23:44:37   ├─ /vocabulary/6108/index.html (+1ms) 
23:44:37   ├─ /vocabulary/6109/index.html (+1ms) 
23:44:37   ├─ /vocabulary/6110/index.html (+1ms) 
23:44:37   ├─ /vocabulary/6111/index.html (+1ms) 
23:44:37   ├─ /vocabulary/6112/index.html (+1ms) 
23:44:37   ├─ /vocabulary/6113/index.html (+1ms) 
23:44:37   ├─ /vocabulary/6114/index.html (+1ms) 
23:44:37   ├─ /vocabulary/6115/index.html (+1ms) 
23:44:37   ├─ /vocabulary/6116/index.html (+1ms) 
23:44:37   ├─ /vocabulary/6117/index.html (+1ms) 
23:44:37   ├─ /vocabulary/6118/index.html (+1ms) 
23:44:37   ├─ /vocabulary/6119/index.html (+1ms) 
23:44:37   ├─ /vocabulary/6120/index.html (+1ms) 
23:44:37   ├─ /vocabulary/6121/index.html (+1ms) 
23:44:37   ├─ /vocabulary/6122/index.html (+1ms) 
23:44:37   ├─ /vocabulary/6123/index.html (+1ms) 
23:44:37   ├─ /vocabulary/6124/index.html (+1ms) 
23:44:37   ├─ /vocabulary/6125/index.html (+1ms) 
23:44:37   ├─ /vocabulary/6126/index.html (+1ms) 
23:44:37   ├─ /vocabulary/6127/index.html (+1ms) 
23:44:37   ├─ /vocabulary/6128/index.html (+1ms) 
23:44:37   ├─ /vocabulary/6129/index.html (+1ms) 
23:44:37   ├─ /vocabulary/6130/index.html (+1ms) 
23:44:37   ├─ /vocabulary/6131/index.html (+1ms) 
23:44:37   ├─ /vocabulary/6132/index.html (+1ms) 
23:44:37   ├─ /vocabulary/6133/index.html (+1ms) 
23:44:37   ├─ /vocabulary/6134/index.html (+4ms) 
23:44:37   ├─ /vocabulary/6135/index.html (+1ms) 
23:44:37   ├─ /vocabulary/6136/index.html (+1ms) 
23:44:37   ├─ /vocabulary/6137/index.html (+1ms) 
23:44:37   ├─ /vocabulary/6138/index.html (+1ms) 
23:44:37   ├─ /vocabulary/6139/index.html (+1ms) 
23:44:37   ├─ /vocabulary/6140/index.html (+1ms) 
23:44:37   ├─ /vocabulary/6141/index.html (+1ms) 
23:44:37   ├─ /vocabulary/6142/index.html (+1ms) 
23:44:37   ├─ /vocabulary/6143/index.html (+1ms) 
23:44:37   ├─ /vocabulary/6144/index.html (+1ms) 
23:44:37   ├─ /vocabulary/6145/index.html (+1ms) 
23:44:37   ├─ /vocabulary/6146/index.html (+1ms) 
23:44:37   ├─ /vocabulary/6147/index.html (+1ms) 
23:44:37   ├─ /vocabulary/6148/index.html (+1ms) 
23:44:37   ├─ /vocabulary/6149/index.html (+1ms) 
23:44:37   ├─ /vocabulary/6150/index.html (+1ms) 
23:44:37   ├─ /vocabulary/6151/index.html (+1ms) 
23:44:37   ├─ /vocabulary/6152/index.html (+1ms) 
23:44:37   ├─ /vocabulary/6153/index.html (+1ms) 
23:44:37   ├─ /vocabulary/6154/index.html (+1ms) 
23:44:37   ├─ /vocabulary/6155/index.html (+1ms) 
23:44:37   ├─ /vocabulary/6156/index.html (+1ms) 
23:44:37   ├─ /vocabulary/6157/index.html (+1ms) 
23:44:37   ├─ /vocabulary/6158/index.html (+1ms) 
23:44:37   ├─ /vocabulary/6159/index.html (+1ms) 
23:44:37   ├─ /vocabulary/6160/index.html (+1ms) 
23:44:37   ├─ /vocabulary/6161/index.html (+1ms) 
23:44:37   ├─ /vocabulary/6162/index.html (+1ms) 
23:44:37   ├─ /vocabulary/6163/index.html (+1ms) 
23:44:37   ├─ /vocabulary/6164/index.html (+1ms) 
23:44:37   ├─ /vocabulary/6165/index.html (+1ms) 
23:44:37   ├─ /vocabulary/6166/index.html (+1ms) 
23:44:37   ├─ /vocabulary/6167/index.html (+1ms) 
23:44:37   ├─ /vocabulary/6168/index.html (+1ms) 
23:44:37   ├─ /vocabulary/6169/index.html (+1ms) 
23:44:37   ├─ /vocabulary/6170/index.html (+1ms) 
23:44:37   ├─ /vocabulary/6171/index.html (+1ms) 
23:44:37   ├─ /vocabulary/6172/index.html (+1ms) 
23:44:37   ├─ /vocabulary/6173/index.html (+1ms) 
23:44:37   ├─ /vocabulary/6174/index.html (+1ms) 
23:44:37   ├─ /vocabulary/6175/index.html (+1ms) 
23:44:37   ├─ /vocabulary/6176/index.html (+1ms) 
23:44:37   ├─ /vocabulary/6177/index.html (+1ms) 
23:44:37   ├─ /vocabulary/6178/index.html (+1ms) 
23:44:37   ├─ /vocabulary/6179/index.html (+1ms) 
23:44:37   ├─ /vocabulary/6180/index.html (+1ms) 
23:44:37   ├─ /vocabulary/6181/index.html (+1ms) 
23:44:37   ├─ /vocabulary/6182/index.html (+1ms) 
23:44:37   ├─ /vocabulary/6183/index.html (+1ms) 
23:44:37   ├─ /vocabulary/6184/index.html (+1ms) 
23:44:37   ├─ /vocabulary/6185/index.html (+1ms) 
23:44:37   ├─ /vocabulary/6186/index.html (+1ms) 
23:44:37   ├─ /vocabulary/6187/index.html (+1ms) 
23:44:37   ├─ /vocabulary/6188/index.html (+1ms) 
23:44:37   ├─ /vocabulary/6189/index.html (+1ms) 
23:44:37   ├─ /vocabulary/6190/index.html (+1ms) 
23:44:37   ├─ /vocabulary/6191/index.html (+1ms) 
23:44:37   ├─ /vocabulary/6192/index.html (+1ms) 
23:44:37   ├─ /vocabulary/6193/index.html (+1ms) 
23:44:37   ├─ /vocabulary/6194/index.html (+1ms) 
23:44:37   ├─ /vocabulary/6195/index.html (+1ms) 
23:44:37   ├─ /vocabulary/6196/index.html (+1ms) 
23:44:37   ├─ /vocabulary/6197/index.html (+1ms) 
23:44:37   ├─ /vocabulary/6198/index.html (+1ms) 
23:44:37   ├─ /vocabulary/6199/index.html (+1ms) 
23:44:37   ├─ /vocabulary/6200/index.html (+1ms) 
23:44:37   ├─ /vocabulary/6201/index.html (+1ms) 
23:44:37   ├─ /vocabulary/6202/index.html (+1ms) 
23:44:37   ├─ /vocabulary/6203/index.html (+1ms) 
23:44:37   ├─ /vocabulary/6204/index.html (+1ms) 
23:44:37   ├─ /vocabulary/6205/index.html (+1ms) 
23:44:37   ├─ /vocabulary/6206/index.html (+2ms) 
23:44:37   ├─ /vocabulary/6207/index.html (+1ms) 
23:44:37   ├─ /vocabulary/6208/index.html (+1ms) 
23:44:37   ├─ /vocabulary/6209/index.html (+1ms) 
23:44:37   ├─ /vocabulary/6210/index.html (+1ms) 
23:44:37   ├─ /vocabulary/6211/index.html (+1ms) 
23:44:37   ├─ /vocabulary/6212/index.html (+1ms) 
23:44:37   ├─ /vocabulary/6213/index.html (+1ms) 
23:44:37   ├─ /vocabulary/6214/index.html (+1ms) 
23:44:37   ├─ /vocabulary/6215/index.html (+1ms) 
23:44:37   ├─ /vocabulary/6216/index.html (+1ms) 
23:44:37   ├─ /vocabulary/6217/index.html (+1ms) 
23:44:37   ├─ /vocabulary/6218/index.html (+1ms) 
23:44:37   ├─ /vocabulary/6219/index.html (+1ms) 
23:44:37   ├─ /vocabulary/6220/index.html (+1ms) 
23:44:37   ├─ /vocabulary/6221/index.html (+1ms) 
23:44:37   ├─ /vocabulary/6222/index.html (+1ms) 
23:44:37   ├─ /vocabulary/6223/index.html (+1ms) 
23:44:37   ├─ /vocabulary/6224/index.html (+1ms) 
23:44:37   ├─ /vocabulary/6225/index.html (+1ms) 
23:44:37   ├─ /vocabulary/6226/index.html (+1ms) 
23:44:37   ├─ /vocabulary/6227/index.html (+1ms) 
23:44:37   ├─ /vocabulary/6228/index.html (+1ms) 
23:44:37   ├─ /vocabulary/6229/index.html (+1ms) 
23:44:37   ├─ /vocabulary/6230/index.html (+1ms) 
23:44:37   ├─ /vocabulary/6231/index.html (+1ms) 
23:44:37   ├─ /vocabulary/6232/index.html (+1ms) 
23:44:37   ├─ /vocabulary/6233/index.html (+1ms) 
23:44:37   ├─ /vocabulary/6234/index.html (+1ms) 
23:44:37   ├─ /vocabulary/6235/index.html (+1ms) 
23:44:37   ├─ /vocabulary/6236/index.html (+1ms) 
23:44:37   ├─ /vocabulary/6237/index.html (+1ms) 
23:44:37   ├─ /vocabulary/6238/index.html (+1ms) 
23:44:37   ├─ /vocabulary/6239/index.html (+1ms) 
23:44:37   ├─ /vocabulary/6240/index.html (+1ms) 
23:44:37   ├─ /vocabulary/6241/index.html (+1ms) 
23:44:37   ├─ /vocabulary/6242/index.html (+1ms) 
23:44:37   ├─ /vocabulary/6243/index.html (+1ms) 
23:44:37   ├─ /vocabulary/6244/index.html (+1ms) 
23:44:37   ├─ /vocabulary/6245/index.html (+1ms) 
23:44:37   ├─ /vocabulary/6246/index.html (+1ms) 
23:44:37   ├─ /vocabulary/6247/index.html (+1ms) 
23:44:37   ├─ /vocabulary/6248/index.html (+1ms) 
23:44:37   ├─ /vocabulary/6249/index.html (+1ms) 
23:44:37   ├─ /vocabulary/6250/index.html (+1ms) 
23:44:37   ├─ /vocabulary/6251/index.html (+1ms) 
23:44:37   ├─ /vocabulary/6252/index.html (+1ms) 
23:44:37   ├─ /vocabulary/6253/index.html (+1ms) 
23:44:37   ├─ /vocabulary/6254/index.html (+1ms) 
23:44:37   ├─ /vocabulary/6255/index.html (+1ms) 
23:44:37   ├─ /vocabulary/6256/index.html (+1ms) 
23:44:37   ├─ /vocabulary/6257/index.html (+1ms) 
23:44:37   ├─ /vocabulary/6258/index.html (+1ms) 
23:44:37   ├─ /vocabulary/6259/index.html (+1ms) 
23:44:37   ├─ /vocabulary/6260/index.html (+1ms) 
23:44:37   ├─ /vocabulary/6261/index.html (+1ms) 
23:44:37   ├─ /vocabulary/6262/index.html (+1ms) 
23:44:37   ├─ /vocabulary/6263/index.html (+1ms) 
23:44:37   ├─ /vocabulary/6264/index.html (+1ms) 
23:44:37   ├─ /vocabulary/6265/index.html (+1ms) 
23:44:37   ├─ /vocabulary/6266/index.html (+1ms) 
23:44:37   ├─ /vocabulary/6267/index.html (+1ms) 
23:44:37   ├─ /vocabulary/6268/index.html (+1ms) 
23:44:37   ├─ /vocabulary/6269/index.html (+3ms) 
23:44:37   ├─ /vocabulary/6270/index.html (+1ms) 
23:44:37   ├─ /vocabulary/6271/index.html (+1ms) 
23:44:37   ├─ /vocabulary/6272/index.html (+1ms) 
23:44:37   ├─ /vocabulary/6273/index.html (+1ms) 
23:44:37   ├─ /vocabulary/6274/index.html (+1ms) 
23:44:37   ├─ /vocabulary/6275/index.html (+1ms) 
23:44:37   ├─ /vocabulary/6276/index.html (+1ms) 
23:44:37   ├─ /vocabulary/6277/index.html (+1ms) 
23:44:37   ├─ /vocabulary/6278/index.html (+1ms) 
23:44:37   ├─ /vocabulary/6279/index.html (+1ms) 
23:44:37   ├─ /vocabulary/6280/index.html (+1ms) 
23:44:37   ├─ /vocabulary/6281/index.html (+1ms) 
23:44:37   ├─ /vocabulary/6282/index.html (+1ms) 
23:44:37   ├─ /vocabulary/6283/index.html (+1ms) 
23:44:37   ├─ /vocabulary/6284/index.html (+1ms) 
23:44:37   ├─ /vocabulary/6285/index.html (+1ms) 
23:44:37   ├─ /vocabulary/6286/index.html (+1ms) 
23:44:37   ├─ /vocabulary/6287/index.html (+1ms) 
23:44:37   ├─ /vocabulary/6288/index.html (+1ms) 
23:44:37   ├─ /vocabulary/6289/index.html (+1ms) 
23:44:37   ├─ /vocabulary/6290/index.html (+1ms) 
23:44:37   ├─ /vocabulary/6291/index.html (+1ms) 
23:44:37   ├─ /vocabulary/6292/index.html (+1ms) 
23:44:37   ├─ /vocabulary/6293/index.html (+1ms) 
23:44:37   ├─ /vocabulary/6294/index.html (+1ms) 
23:44:37   ├─ /vocabulary/6295/index.html (+1ms) 
23:44:37   ├─ /vocabulary/6296/index.html (+1ms) 
23:44:37   ├─ /vocabulary/6297/index.html (+1ms) 
23:44:37   ├─ /vocabulary/6298/index.html (+1ms) 
23:44:37   ├─ /vocabulary/6299/index.html (+1ms) 
23:44:37   ├─ /vocabulary/6300/index.html (+1ms) 
23:44:37   ├─ /vocabulary/6301/index.html (+1ms) 
23:44:37   ├─ /vocabulary/6302/index.html (+1ms) 
23:44:37   ├─ /vocabulary/6303/index.html (+1ms) 
23:44:37   ├─ /vocabulary/6304/index.html (+1ms) 
23:44:37   ├─ /vocabulary/6305/index.html (+1ms) 
23:44:37   ├─ /vocabulary/6306/index.html (+1ms) 
23:44:37   ├─ /vocabulary/6307/index.html (+1ms) 
23:44:37   ├─ /vocabulary/6308/index.html (+1ms) 
23:44:37   ├─ /vocabulary/6309/index.html (+1ms) 
23:44:37   ├─ /vocabulary/6310/index.html (+1ms) 
23:44:37   ├─ /vocabulary/6311/index.html (+1ms) 
23:44:37   ├─ /vocabulary/6312/index.html (+1ms) 
23:44:37   ├─ /vocabulary/6313/index.html (+1ms) 
23:44:37   ├─ /vocabulary/6314/index.html (+1ms) 
23:44:37   ├─ /vocabulary/6315/index.html (+1ms) 
23:44:37   ├─ /vocabulary/6316/index.html (+3ms) 
23:44:37   ├─ /vocabulary/6317/index.html (+1ms) 
23:44:37   ├─ /vocabulary/6318/index.html (+1ms) 
23:44:37   ├─ /vocabulary/6319/index.html (+1ms) 
23:44:37   ├─ /vocabulary/6320/index.html (+2ms) 
23:44:37   ├─ /vocabulary/6321/index.html (+4ms) 
23:44:37   ├─ /vocabulary/6322/index.html (+5ms) 
23:44:37   ├─ /vocabulary/6323/index.html (+1ms) 
23:44:37   ├─ /vocabulary/6324/index.html (+1ms) 
23:44:37   ├─ /vocabulary/6325/index.html (+1ms) 
23:44:37   ├─ /vocabulary/6326/index.html (+1ms) 
23:44:37   ├─ /vocabulary/6327/index.html (+1ms) 
23:44:37   ├─ /vocabulary/6328/index.html (+1ms) 
23:44:37   ├─ /vocabulary/6329/index.html (+1ms) 
23:44:37   ├─ /vocabulary/6330/index.html (+1ms) 
23:44:37   ├─ /vocabulary/6331/index.html (+1ms) 
23:44:37   ├─ /vocabulary/6332/index.html (+1ms) 
23:44:37   ├─ /vocabulary/6333/index.html (+1ms) 
23:44:37   ├─ /vocabulary/6334/index.html (+1ms) 
23:44:37   ├─ /vocabulary/6335/index.html (+1ms) 
23:44:37   ├─ /vocabulary/6336/index.html (+1ms) 
23:44:37   ├─ /vocabulary/6337/index.html (+1ms) 
23:44:37   ├─ /vocabulary/6338/index.html (+1ms) 
23:44:37   ├─ /vocabulary/6339/index.html (+1ms) 
23:44:37   ├─ /vocabulary/6340/index.html (+1ms) 
23:44:37   ├─ /vocabulary/6341/index.html (+1ms) 
23:44:37   ├─ /vocabulary/6342/index.html (+1ms) 
23:44:37   ├─ /vocabulary/6343/index.html (+3ms) 
23:44:37   ├─ /vocabulary/6344/index.html (+1ms) 
23:44:37   ├─ /vocabulary/6345/index.html (+1ms) 
23:44:37   ├─ /vocabulary/6346/index.html (+1ms) 
23:44:37   ├─ /vocabulary/6347/index.html (+1ms) 
23:44:37   ├─ /vocabulary/6348/index.html (+1ms) 
23:44:37   ├─ /vocabulary/6349/index.html (+1ms) 
23:44:37   ├─ /vocabulary/6350/index.html (+1ms) 
23:44:37   ├─ /vocabulary/6351/index.html (+1ms) 
23:44:37   ├─ /vocabulary/6352/index.html (+1ms) 
23:44:37   ├─ /vocabulary/6353/index.html (+1ms) 
23:44:37   ├─ /vocabulary/6354/index.html (+1ms) 
23:44:37   ├─ /vocabulary/6355/index.html (+1ms) 
23:44:37   ├─ /vocabulary/6356/index.html (+1ms) 
23:44:37   ├─ /vocabulary/6357/index.html (+1ms) 
23:44:37   ├─ /vocabulary/6358/index.html (+1ms) 
23:44:37   ├─ /vocabulary/6359/index.html (+1ms) 
23:44:37   ├─ /vocabulary/6360/index.html (+1ms) 
23:44:37   ├─ /vocabulary/6361/index.html (+1ms) 
23:44:37   ├─ /vocabulary/6362/index.html (+1ms) 
23:44:37   ├─ /vocabulary/6363/index.html (+1ms) 
23:44:37   ├─ /vocabulary/6364/index.html (+1ms) 
23:44:37   ├─ /vocabulary/6365/index.html (+1ms) 
23:44:37   ├─ /vocabulary/6366/index.html (+1ms) 
23:44:37   ├─ /vocabulary/6367/index.html (+1ms) 
23:44:37   ├─ /vocabulary/6368/index.html (+1ms) 
23:44:37   ├─ /vocabulary/6369/index.html (+1ms) 
23:44:37   ├─ /vocabulary/6370/index.html (+1ms) 
23:44:37   ├─ /vocabulary/6371/index.html (+1ms) 
23:44:37   ├─ /vocabulary/6372/index.html (+1ms) 
23:44:37   ├─ /vocabulary/6373/index.html (+1ms) 
23:44:37   ├─ /vocabulary/6374/index.html (+1ms) 
23:44:37   ├─ /vocabulary/6375/index.html (+1ms) 
23:44:37   ├─ /vocabulary/6376/index.html (+1ms) 
23:44:37   ├─ /vocabulary/6377/index.html (+1ms) 
23:44:37   ├─ /vocabulary/6378/index.html (+1ms) 
23:44:37   ├─ /vocabulary/6379/index.html (+1ms) 
23:44:37   ├─ /vocabulary/6380/index.html (+1ms) 
23:44:37   ├─ /vocabulary/6381/index.html (+1ms) 
23:44:37   ├─ /vocabulary/6382/index.html (+1ms) 
23:44:37   ├─ /vocabulary/6383/index.html (+1ms) 
23:44:37   ├─ /vocabulary/6384/index.html (+1ms) 
23:44:37   ├─ /vocabulary/6385/index.html (+1ms) 
23:44:37   ├─ /vocabulary/6386/index.html (+1ms) 
23:44:37   ├─ /vocabulary/6387/index.html (+1ms) 
23:44:37   ├─ /vocabulary/6388/index.html (+1ms) 
23:44:37   ├─ /vocabulary/6389/index.html (+1ms) 
23:44:37   ├─ /vocabulary/6390/index.html (+1ms) 
23:44:37   ├─ /vocabulary/6391/index.html (+1ms) 
23:44:37   ├─ /vocabulary/6392/index.html (+1ms) 
23:44:37   ├─ /vocabulary/6393/index.html (+1ms) 
23:44:37   ├─ /vocabulary/6394/index.html (+1ms) 
23:44:37   ├─ /vocabulary/6395/index.html (+1ms) 
23:44:37   ├─ /vocabulary/6396/index.html (+1ms) 
23:44:37   ├─ /vocabulary/6397/index.html (+1ms) 
23:44:37   ├─ /vocabulary/6398/index.html (+1ms) 
23:44:37   ├─ /vocabulary/6399/index.html (+1ms) 
23:44:37   ├─ /vocabulary/6400/index.html (+1ms) 
23:44:37   ├─ /vocabulary/6401/index.html (+1ms) 
23:44:37   ├─ /vocabulary/6402/index.html (+1ms) 
23:44:37   ├─ /vocabulary/6403/index.html (+1ms) 
23:44:37   ├─ /vocabulary/6404/index.html (+1ms) 
23:44:37   ├─ /vocabulary/6405/index.html (+1ms) 
23:44:37   ├─ /vocabulary/6406/index.html (+1ms) 
23:44:37   ├─ /vocabulary/6407/index.html (+1ms) 
23:44:37   ├─ /vocabulary/6408/index.html (+1ms) 
23:44:37   ├─ /vocabulary/6409/index.html (+1ms) 
23:44:37   ├─ /vocabulary/6410/index.html (+1ms) 
23:44:37   ├─ /vocabulary/6411/index.html (+3ms) 
23:44:37   ├─ /vocabulary/6412/index.html (+1ms) 
23:44:37   ├─ /vocabulary/6413/index.html (+1ms) 
23:44:37   ├─ /vocabulary/6414/index.html (+1ms) 
23:44:37   ├─ /vocabulary/6415/index.html (+1ms) 
23:44:37   ├─ /vocabulary/6416/index.html (+1ms) 
23:44:37   ├─ /vocabulary/6417/index.html (+1ms) 
23:44:37   ├─ /vocabulary/6418/index.html (+1ms) 
23:44:37   ├─ /vocabulary/6419/index.html (+1ms) 
23:44:37   ├─ /vocabulary/6420/index.html (+1ms) 
23:44:37   ├─ /vocabulary/6421/index.html (+1ms) 
23:44:37   ├─ /vocabulary/6422/index.html (+1ms) 
23:44:37   ├─ /vocabulary/6423/index.html (+1ms) 
23:44:37   ├─ /vocabulary/6424/index.html (+1ms) 
23:44:37   ├─ /vocabulary/6425/index.html (+1ms) 
23:44:37   ├─ /vocabulary/6426/index.html (+1ms) 
23:44:37   ├─ /vocabulary/6427/index.html (+1ms) 
23:44:37   ├─ /vocabulary/6428/index.html (+1ms) 
23:44:37   ├─ /vocabulary/6429/index.html (+1ms) 
23:44:37   ├─ /vocabulary/6430/index.html (+1ms) 
23:44:37   ├─ /vocabulary/6431/index.html (+1ms) 
23:44:37   ├─ /vocabulary/6432/index.html (+1ms) 
23:44:37   ├─ /vocabulary/6433/index.html (+1ms) 
23:44:37   ├─ /vocabulary/6434/index.html (+1ms) 
23:44:37   ├─ /vocabulary/6435/index.html (+1ms) 
23:44:37   ├─ /vocabulary/6436/index.html (+1ms) 
23:44:37   ├─ /vocabulary/6437/index.html (+1ms) 
23:44:37   ├─ /vocabulary/6438/index.html (+1ms) 
23:44:37   ├─ /vocabulary/6439/index.html (+1ms) 
23:44:37   ├─ /vocabulary/6440/index.html (+1ms) 
23:44:37   ├─ /vocabulary/6441/index.html (+1ms) 
23:44:37   ├─ /vocabulary/6442/index.html (+1ms) 
23:44:37   ├─ /vocabulary/6443/index.html (+1ms) 
23:44:37   ├─ /vocabulary/6444/index.html (+1ms) 
23:44:37   ├─ /vocabulary/6445/index.html (+1ms) 
23:44:37   ├─ /vocabulary/6446/index.html (+1ms) 
23:44:37   ├─ /vocabulary/6447/index.html (+1ms) 
23:44:37   ├─ /vocabulary/6448/index.html (+1ms) 
23:44:37   ├─ /vocabulary/6449/index.html (+1ms) 
23:44:37   ├─ /vocabulary/6450/index.html (+1ms) 
23:44:37   ├─ /vocabulary/6451/index.html (+1ms) 
23:44:37   ├─ /vocabulary/6452/index.html (+3ms) 
23:44:37   ├─ /vocabulary/6453/index.html (+1ms) 
23:44:37   ├─ /vocabulary/6454/index.html (+1ms) 
23:44:37   ├─ /vocabulary/6455/index.html (+1ms) 
23:44:37   ├─ /vocabulary/6456/index.html (+1ms) 
23:44:37   ├─ /vocabulary/6457/index.html (+1ms) 
23:44:37   ├─ /vocabulary/6458/index.html (+1ms) 
23:44:37   ├─ /vocabulary/6459/index.html (+1ms) 
23:44:37   ├─ /vocabulary/6460/index.html (+1ms) 
23:44:37   ├─ /vocabulary/6461/index.html (+1ms) 
23:44:37   ├─ /vocabulary/6462/index.html (+1ms) 
23:44:37   ├─ /vocabulary/6463/index.html (+1ms) 
23:44:37   ├─ /vocabulary/6464/index.html (+1ms) 
23:44:37   ├─ /vocabulary/6465/index.html (+1ms) 
23:44:37   ├─ /vocabulary/6466/index.html (+1ms) 
23:44:37   ├─ /vocabulary/6467/index.html (+1ms) 
23:44:37   ├─ /vocabulary/6468/index.html (+1ms) 
23:44:37   ├─ /vocabulary/6469/index.html (+1ms) 
23:44:37   ├─ /vocabulary/6470/index.html (+1ms) 
23:44:37   ├─ /vocabulary/6471/index.html (+1ms) 
23:44:37   ├─ /vocabulary/6472/index.html (+1ms) 
23:44:37   ├─ /vocabulary/6473/index.html (+1ms) 
23:44:37   ├─ /vocabulary/6474/index.html (+1ms) 
23:44:37   ├─ /vocabulary/6475/index.html (+1ms) 
23:44:37   ├─ /vocabulary/6476/index.html (+1ms) 
23:44:37   ├─ /vocabulary/6477/index.html (+1ms) 
23:44:37   ├─ /vocabulary/6478/index.html (+1ms) 
23:44:37   ├─ /vocabulary/6479/index.html (+1ms) 
23:44:37   ├─ /vocabulary/6480/index.html (+1ms) 
23:44:37   ├─ /vocabulary/6481/index.html (+1ms) 
23:44:37   ├─ /vocabulary/6482/index.html (+1ms) 
23:44:37   ├─ /vocabulary/6483/index.html (+1ms) 
23:44:37   ├─ /vocabulary/6484/index.html (+1ms) 
23:44:37   ├─ /vocabulary/6485/index.html (+1ms) 
23:44:37   ├─ /vocabulary/6486/index.html (+1ms) 
23:44:37   ├─ /vocabulary/6487/index.html (+1ms) 
23:44:37   ├─ /vocabulary/6488/index.html (+1ms) 
23:44:37   ├─ /vocabulary/6489/index.html (+1ms) 
23:44:37   ├─ /vocabulary/6490/index.html (+1ms) 
23:44:37   ├─ /vocabulary/6491/index.html (+1ms) 
23:44:37   ├─ /vocabulary/6492/index.html (+1ms) 
23:44:37   ├─ /vocabulary/6493/index.html (+1ms) 
23:44:37   ├─ /vocabulary/6494/index.html (+1ms) 
23:44:37   ├─ /vocabulary/6495/index.html (+1ms) 
23:44:37   ├─ /vocabulary/6496/index.html (+1ms) 
23:44:37   ├─ /vocabulary/6497/index.html (+1ms) 
23:44:37   ├─ /vocabulary/6498/index.html (+1ms) 
23:44:37   ├─ /vocabulary/6499/index.html (+1ms) 
23:44:37   ├─ /vocabulary/6500/index.html (+1ms) 
23:44:37   ├─ /vocabulary/6501/index.html (+1ms) 
23:44:37   ├─ /vocabulary/6502/index.html (+1ms) 
23:44:37   ├─ /vocabulary/6503/index.html (+1ms) 
23:44:37   ├─ /vocabulary/6504/index.html (+1ms) 
23:44:37   ├─ /vocabulary/6505/index.html (+1ms) 
23:44:37   ├─ /vocabulary/6506/index.html (+1ms) 
23:44:37   ├─ /vocabulary/6507/index.html (+1ms) 
23:44:37   ├─ /vocabulary/6508/index.html (+1ms) 
23:44:37   ├─ /vocabulary/6509/index.html (+1ms) 
23:44:37   ├─ /vocabulary/6510/index.html (+1ms) 
23:44:37   ├─ /vocabulary/6511/index.html (+1ms) 
23:44:37   ├─ /vocabulary/6512/index.html (+1ms) 
23:44:37   ├─ /vocabulary/6513/index.html (+1ms) 
23:44:37   ├─ /vocabulary/6514/index.html (+1ms) 
23:44:37   ├─ /vocabulary/6515/index.html (+1ms) 
23:44:37   ├─ /vocabulary/6516/index.html (+1ms) 
23:44:37   ├─ /vocabulary/6517/index.html (+1ms) 
23:44:37   ├─ /vocabulary/6518/index.html (+1ms) 
23:44:37   ├─ /vocabulary/6519/index.html (+1ms) 
23:44:37   ├─ /vocabulary/6520/index.html (+1ms) 
23:44:37   ├─ /vocabulary/6521/index.html (+1ms) 
23:44:37   ├─ /vocabulary/6522/index.html (+1ms) 
23:44:37   ├─ /vocabulary/6523/index.html (+1ms) 
23:44:37   ├─ /vocabulary/6524/index.html (+1ms) 
23:44:37   ├─ /vocabulary/6525/index.html (+1ms) 
23:44:37   ├─ /vocabulary/6526/index.html (+1ms) 
23:44:37   ├─ /vocabulary/6527/index.html (+1ms) 
23:44:37   ├─ /vocabulary/6528/index.html (+1ms) 
23:44:37   ├─ /vocabulary/6529/index.html (+2ms) 
23:44:37   ├─ /vocabulary/6530/index.html (+1ms) 
23:44:37   ├─ /vocabulary/6531/index.html (+1ms) 
23:44:37   ├─ /vocabulary/6532/index.html (+1ms) 
23:44:37   ├─ /vocabulary/6533/index.html (+1ms) 
23:44:37   ├─ /vocabulary/6534/index.html (+1ms) 
23:44:37   ├─ /vocabulary/6535/index.html (+1ms) 
23:44:37   ├─ /vocabulary/6536/index.html (+1ms) 
23:44:37   ├─ /vocabulary/6537/index.html (+1ms) 
23:44:37   ├─ /vocabulary/6538/index.html (+1ms) 
23:44:37   ├─ /vocabulary/6539/index.html (+1ms) 
23:44:37   ├─ /vocabulary/6540/index.html (+1ms) 
23:44:37   ├─ /vocabulary/6541/index.html (+1ms) 
23:44:37   ├─ /vocabulary/6542/index.html (+1ms) 
23:44:37   ├─ /vocabulary/6543/index.html (+1ms) 
23:44:37   ├─ /vocabulary/6544/index.html (+1ms) 
23:44:37   ├─ /vocabulary/6545/index.html (+1ms) 
23:44:37   ├─ /vocabulary/6546/index.html (+1ms) 
23:44:37   ├─ /vocabulary/6547/index.html (+1ms) 
23:44:37   ├─ /vocabulary/6548/index.html (+1ms) 
23:44:37   ├─ /vocabulary/6549/index.html (+1ms) 
23:44:37   ├─ /vocabulary/6550/index.html (+2ms) 
23:44:37   ├─ /vocabulary/6551/index.html (+1ms) 
23:44:37   ├─ /vocabulary/6552/index.html (+1ms) 
23:44:37   ├─ /vocabulary/6553/index.html (+1ms) 
23:44:37   ├─ /vocabulary/6554/index.html (+1ms) 
23:44:37   ├─ /vocabulary/6555/index.html (+1ms) 
23:44:37   ├─ /vocabulary/6556/index.html (+1ms) 
23:44:37   ├─ /vocabulary/6557/index.html (+1ms) 
23:44:37   ├─ /vocabulary/6558/index.html (+1ms) 
23:44:37   ├─ /vocabulary/6559/index.html (+1ms) 
23:44:37   ├─ /vocabulary/6560/index.html (+1ms) 
23:44:37   ├─ /vocabulary/6561/index.html (+1ms) 
23:44:37   ├─ /vocabulary/6562/index.html (+1ms) 
23:44:37   ├─ /vocabulary/6563/index.html (+1ms) 
23:44:37   ├─ /vocabulary/6564/index.html (+1ms) 
23:44:37   ├─ /vocabulary/6565/index.html (+1ms) 
23:44:37   ├─ /vocabulary/6566/index.html (+1ms) 
23:44:37   ├─ /vocabulary/6567/index.html (+1ms) 
23:44:37   ├─ /vocabulary/6568/index.html (+1ms) 
23:44:37   ├─ /vocabulary/6569/index.html (+1ms) 
23:44:37   ├─ /vocabulary/6570/index.html (+2ms) 
23:44:37   ├─ /vocabulary/6571/index.html (+1ms) 
23:44:37   ├─ /vocabulary/6572/index.html (+1ms) 
23:44:37   ├─ /vocabulary/6573/index.html (+1ms) 
23:44:37   ├─ /vocabulary/6574/index.html (+1ms) 
23:44:37   ├─ /vocabulary/6575/index.html (+1ms) 
23:44:37   ├─ /vocabulary/6576/index.html (+1ms) 
23:44:37   ├─ /vocabulary/6577/index.html (+1ms) 
23:44:37   ├─ /vocabulary/6578/index.html (+1ms) 
23:44:37   ├─ /vocabulary/6579/index.html (+1ms) 
23:44:37   ├─ /vocabulary/6580/index.html (+1ms) 
23:44:37   ├─ /vocabulary/6581/index.html (+1ms) 
23:44:37   ├─ /vocabulary/6582/index.html (+1ms) 
23:44:37   ├─ /vocabulary/6583/index.html (+1ms) 
23:44:37   ├─ /vocabulary/6584/index.html (+1ms) 
23:44:37   ├─ /vocabulary/6585/index.html (+1ms) 
23:44:37   ├─ /vocabulary/6586/index.html (+1ms) 
23:44:37   ├─ /vocabulary/6587/index.html (+1ms) 
23:44:37   ├─ /vocabulary/6588/index.html (+1ms) 
23:44:37   ├─ /vocabulary/6589/index.html (+1ms) 
23:44:37   ├─ /vocabulary/6590/index.html (+1ms) 
23:44:37   ├─ /vocabulary/6591/index.html (+1ms) 
23:44:37   ├─ /vocabulary/6592/index.html (+1ms) 
23:44:37   ├─ /vocabulary/6593/index.html (+2ms) 
23:44:37   ├─ /vocabulary/6594/index.html (+1ms) 
23:44:37   ├─ /vocabulary/6595/index.html (+1ms) 
23:44:37   ├─ /vocabulary/6596/index.html (+1ms) 
23:44:37   ├─ /vocabulary/6597/index.html (+1ms) 
23:44:37   ├─ /vocabulary/6598/index.html (+1ms) 
23:44:37   ├─ /vocabulary/6599/index.html (+1ms) 
23:44:37   ├─ /vocabulary/6600/index.html (+1ms) 
23:44:37   ├─ /vocabulary/6601/index.html (+1ms) 
23:44:37   ├─ /vocabulary/6602/index.html (+1ms) 
23:44:37   ├─ /vocabulary/6603/index.html (+1ms) 
23:44:37   ├─ /vocabulary/6604/index.html (+1ms) 
23:44:37   ├─ /vocabulary/6605/index.html (+1ms) 
23:44:37   ├─ /vocabulary/6606/index.html (+1ms) 
23:44:37   ├─ /vocabulary/6607/index.html (+1ms) 
23:44:37   ├─ /vocabulary/6608/index.html (+1ms) 
23:44:37   ├─ /vocabulary/6609/index.html (+1ms) 
23:44:37   ├─ /vocabulary/6610/index.html (+1ms) 
23:44:37   ├─ /vocabulary/6611/index.html (+1ms) 
23:44:37   ├─ /vocabulary/6612/index.html (+1ms) 
23:44:37   ├─ /vocabulary/6613/index.html (+1ms) 
23:44:37   ├─ /vocabulary/6614/index.html (+1ms) 
23:44:37   ├─ /vocabulary/6615/index.html (+1ms) 
23:44:37   ├─ /vocabulary/6616/index.html (+1ms) 
23:44:37   ├─ /vocabulary/6617/index.html (+1ms) 
23:44:37   ├─ /vocabulary/6618/index.html (+1ms) 
23:44:37   ├─ /vocabulary/6619/index.html (+1ms) 
23:44:37   ├─ /vocabulary/6620/index.html (+1ms) 
23:44:37   ├─ /vocabulary/6621/index.html (+1ms) 
23:44:37   ├─ /vocabulary/6622/index.html (+1ms) 
23:44:37   ├─ /vocabulary/6623/index.html (+1ms) 
23:44:37   ├─ /vocabulary/6624/index.html (+1ms) 
23:44:37   ├─ /vocabulary/6625/index.html (+1ms) 
23:44:37   ├─ /vocabulary/6626/index.html (+1ms) 
23:44:37   ├─ /vocabulary/6627/index.html (+1ms) 
23:44:37   ├─ /vocabulary/6628/index.html (+1ms) 
23:44:37   ├─ /vocabulary/6629/index.html (+1ms) 
23:44:37   ├─ /vocabulary/6630/index.html (+1ms) 
23:44:37   ├─ /vocabulary/6631/index.html (+1ms) 
23:44:37   ├─ /vocabulary/6632/index.html (+1ms) 
23:44:37   ├─ /vocabulary/6633/index.html (+1ms) 
23:44:37   ├─ /vocabulary/6634/index.html (+1ms) 
23:44:37   ├─ /vocabulary/6635/index.html (+1ms) 
23:44:37   ├─ /vocabulary/6636/index.html (+1ms) 
23:44:37   ├─ /vocabulary/6637/index.html (+1ms) 
23:44:37   ├─ /vocabulary/6638/index.html (+1ms) 
23:44:37   ├─ /vocabulary/6639/index.html (+1ms) 
23:44:37   ├─ /vocabulary/6640/index.html (+4ms) 
23:44:37   ├─ /vocabulary/6641/index.html (+1ms) 
23:44:37   ├─ /vocabulary/6642/index.html (+1ms) 
23:44:37   ├─ /vocabulary/6643/index.html (+1ms) 
23:44:37   ├─ /vocabulary/6644/index.html (+1ms) 
23:44:37   ├─ /vocabulary/6645/index.html (+1ms) 
23:44:37   ├─ /vocabulary/6646/index.html (+1ms) 
23:44:37   ├─ /vocabulary/6647/index.html (+1ms) 
23:44:37   ├─ /vocabulary/6648/index.html (+1ms) 
23:44:37   ├─ /vocabulary/6649/index.html (+1ms) 
23:44:37   ├─ /vocabulary/6650/index.html (+1ms) 
23:44:37   ├─ /vocabulary/6651/index.html (+1ms) 
23:44:37   ├─ /vocabulary/6652/index.html (+1ms) 
23:44:37   ├─ /vocabulary/6653/index.html (+1ms) 
23:44:37   ├─ /vocabulary/6654/index.html (+1ms) 
23:44:37   ├─ /vocabulary/6655/index.html (+1ms) 
23:44:37   ├─ /vocabulary/6656/index.html (+1ms) 
23:44:37   ├─ /vocabulary/6657/index.html (+1ms) 
23:44:37   ├─ /vocabulary/6658/index.html (+1ms) 
23:44:37   ├─ /vocabulary/6659/index.html (+1ms) 
23:44:37   ├─ /vocabulary/6660/index.html (+1ms) 
23:44:37   ├─ /vocabulary/6661/index.html (+1ms) 
23:44:37   ├─ /vocabulary/6662/index.html (+1ms) 
23:44:37   ├─ /vocabulary/6663/index.html (+1ms) 
23:44:37   ├─ /vocabulary/6664/index.html (+1ms) 
23:44:37   ├─ /vocabulary/6665/index.html (+1ms) 
23:44:37   ├─ /vocabulary/6666/index.html (+1ms) 
23:44:37   ├─ /vocabulary/6667/index.html (+1ms) 
23:44:37   ├─ /vocabulary/6668/index.html (+1ms) 
23:44:37   ├─ /vocabulary/6669/index.html (+1ms) 
23:44:37   ├─ /vocabulary/6670/index.html (+1ms) 
23:44:37   ├─ /vocabulary/6671/index.html (+1ms) 
23:44:37   ├─ /vocabulary/6672/index.html (+1ms) 
23:44:37   ├─ /vocabulary/6673/index.html (+1ms) 
23:44:37   ├─ /vocabulary/6674/index.html (+1ms) 
23:44:37   ├─ /vocabulary/6675/index.html (+1ms) 
23:44:37   ├─ /vocabulary/6676/index.html (+1ms) 
23:44:37   ├─ /vocabulary/6677/index.html (+1ms) 
23:44:37   ├─ /vocabulary/6678/index.html (+1ms) 
23:44:37   ├─ /vocabulary/6679/index.html (+1ms) 
23:44:37   ├─ /vocabulary/6680/index.html (+1ms) 
23:44:37   ├─ /vocabulary/6681/index.html (+1ms) 
23:44:37   ├─ /vocabulary/6682/index.html (+1ms) 
23:44:37   ├─ /vocabulary/6683/index.html (+1ms) 
23:44:37   ├─ /vocabulary/6684/index.html (+1ms) 
23:44:37   ├─ /vocabulary/6685/index.html (+1ms) 
23:44:37   ├─ /vocabulary/6686/index.html (+1ms) 
23:44:37   ├─ /vocabulary/6687/index.html (+1ms) 
23:44:37   ├─ /vocabulary/6688/index.html (+1ms) 
23:44:37   ├─ /vocabulary/6689/index.html (+1ms) 
23:44:37   ├─ /vocabulary/6690/index.html (+1ms) 
23:44:37   ├─ /vocabulary/6691/index.html (+1ms) 
23:44:37   ├─ /vocabulary/6692/index.html (+1ms) 
23:44:37   ├─ /vocabulary/6693/index.html (+1ms) 
23:44:37   ├─ /vocabulary/6694/index.html (+1ms) 
23:44:37   ├─ /vocabulary/6695/index.html (+1ms) 
23:44:37   ├─ /vocabulary/6696/index.html (+1ms) 
23:44:37   ├─ /vocabulary/6697/index.html (+1ms) 
23:44:37   ├─ /vocabulary/6698/index.html (+1ms) 
23:44:37   ├─ /vocabulary/6699/index.html (+1ms) 
23:44:37   ├─ /vocabulary/6700/index.html (+1ms) 
23:44:37   ├─ /vocabulary/6701/index.html (+1ms) 
23:44:37   ├─ /vocabulary/6702/index.html (+1ms) 
23:44:37   ├─ /vocabulary/6703/index.html (+1ms) 
23:44:37   ├─ /vocabulary/6704/index.html (+1ms) 
23:44:37   ├─ /vocabulary/6705/index.html (+1ms) 
23:44:37   ├─ /vocabulary/6706/index.html (+1ms) 
23:44:37   ├─ /vocabulary/6707/index.html (+1ms) 
23:44:37   ├─ /vocabulary/6708/index.html (+1ms) 
23:44:37   ├─ /vocabulary/6709/index.html (+1ms) 
23:44:37   ├─ /vocabulary/6710/index.html (+1ms) 
23:44:37   ├─ /vocabulary/6711/index.html (+1ms) 
23:44:37   ├─ /vocabulary/6712/index.html (+1ms) 
23:44:37   ├─ /vocabulary/6713/index.html (+1ms) 
23:44:37   ├─ /vocabulary/6714/index.html (+1ms) 
23:44:37   ├─ /vocabulary/6715/index.html (+1ms) 
23:44:37   ├─ /vocabulary/6716/index.html (+1ms) 
23:44:37   ├─ /vocabulary/6717/index.html (+1ms) 
23:44:37   ├─ /vocabulary/6718/index.html (+1ms) 
23:44:37   ├─ /vocabulary/6719/index.html (+1ms) 
23:44:37   ├─ /vocabulary/6720/index.html (+1ms) 
23:44:37   ├─ /vocabulary/6721/index.html (+1ms) 
23:44:37   ├─ /vocabulary/6722/index.html (+1ms) 
23:44:37   ├─ /vocabulary/6723/index.html (+1ms) 
23:44:37   ├─ /vocabulary/6724/index.html (+1ms) 
23:44:37   ├─ /vocabulary/6725/index.html (+1ms) 
23:44:37   ├─ /vocabulary/6726/index.html (+1ms) 
23:44:37   ├─ /vocabulary/6727/index.html (+1ms) 
23:44:37   ├─ /vocabulary/6728/index.html (+1ms) 
23:44:37   ├─ /vocabulary/6729/index.html (+1ms) 
23:44:37   ├─ /vocabulary/6730/index.html (+1ms) 
23:44:37   ├─ /vocabulary/6731/index.html (+1ms) 
23:44:37   ├─ /vocabulary/6732/index.html (+1ms) 
23:44:37   ├─ /vocabulary/6733/index.html (+1ms) 
23:44:37   ├─ /vocabulary/6734/index.html (+1ms) 
23:44:37   ├─ /vocabulary/6735/index.html (+1ms) 
23:44:37   ├─ /vocabulary/6736/index.html (+1ms) 
23:44:37   ├─ /vocabulary/6737/index.html (+1ms) 
23:44:37   ├─ /vocabulary/6738/index.html (+1ms) 
23:44:37   ├─ /vocabulary/6739/index.html (+1ms) 
23:44:37   ├─ /vocabulary/6740/index.html (+1ms) 
23:44:37   ├─ /vocabulary/6741/index.html (+1ms) 
23:44:37   ├─ /vocabulary/6742/index.html (+1ms) 
23:44:37   ├─ /vocabulary/6743/index.html (+1ms) 
23:44:37   ├─ /vocabulary/6744/index.html (+1ms) 
23:44:37   ├─ /vocabulary/6745/index.html (+1ms) 
23:44:37   ├─ /vocabulary/6746/index.html (+1ms) 
23:44:37   ├─ /vocabulary/6747/index.html (+1ms) 
23:44:37   ├─ /vocabulary/6748/index.html (+1ms) 
23:44:37   ├─ /vocabulary/6749/index.html (+1ms) 
23:44:37   ├─ /vocabulary/6750/index.html (+1ms) 
23:44:37   ├─ /vocabulary/6751/index.html (+1ms) 
23:44:37   ├─ /vocabulary/6752/index.html (+1ms) 
23:44:37   ├─ /vocabulary/6753/index.html (+1ms) 
23:44:37   ├─ /vocabulary/6754/index.html (+3ms) 
23:44:37   ├─ /vocabulary/6755/index.html (+1ms) 
23:44:37   ├─ /vocabulary/6756/index.html (+1ms) 
23:44:37   ├─ /vocabulary/6757/index.html (+1ms) 
23:44:37   ├─ /vocabulary/6758/index.html (+1ms) 
23:44:37   ├─ /vocabulary/6759/index.html (+1ms) 
23:44:37   ├─ /vocabulary/6760/index.html (+1ms) 
23:44:37   ├─ /vocabulary/6761/index.html (+1ms) 
23:44:37   ├─ /vocabulary/6762/index.html (+1ms) 
23:44:37   ├─ /vocabulary/6763/index.html (+1ms) 
23:44:37   ├─ /vocabulary/6764/index.html (+1ms) 
23:44:37   ├─ /vocabulary/6765/index.html (+1ms) 
23:44:37   ├─ /vocabulary/6766/index.html (+1ms) 
23:44:37   ├─ /vocabulary/6767/index.html (+1ms) 
23:44:37   ├─ /vocabulary/6768/index.html (+1ms) 
23:44:37   ├─ /vocabulary/6769/index.html (+1ms) 
23:44:37   ├─ /vocabulary/6770/index.html (+1ms) 
23:44:37   ├─ /vocabulary/6771/index.html (+1ms) 
23:44:37   ├─ /vocabulary/6772/index.html (+1ms) 
23:44:37   ├─ /vocabulary/6773/index.html (+1ms) 
23:44:37   ├─ /vocabulary/6774/index.html (+1ms) 
23:44:37   ├─ /vocabulary/6775/index.html (+1ms) 
23:44:37   ├─ /vocabulary/6776/index.html (+1ms) 
23:44:37   ├─ /vocabulary/6777/index.html (+1ms) 
23:44:37   ├─ /vocabulary/6778/index.html (+1ms) 
23:44:37   ├─ /vocabulary/6779/index.html (+1ms) 
23:44:37   ├─ /vocabulary/6780/index.html (+1ms) 
23:44:37   ├─ /vocabulary/6781/index.html (+1ms) 
23:44:37   ├─ /vocabulary/6782/index.html (+1ms) 
23:44:37   ├─ /vocabulary/6783/index.html (+1ms) 
23:44:37   ├─ /vocabulary/6784/index.html (+1ms) 
23:44:37   ├─ /vocabulary/6785/index.html (+1ms) 
23:44:37   ├─ /vocabulary/6786/index.html (+1ms) 
23:44:37   ├─ /vocabulary/6787/index.html (+1ms) 
23:44:37   ├─ /vocabulary/6788/index.html (+1ms) 
23:44:37   ├─ /vocabulary/6789/index.html (+1ms) 
23:44:37   ├─ /vocabulary/6790/index.html (+1ms) 
23:44:37   ├─ /vocabulary/6791/index.html (+1ms) 
23:44:37   ├─ /vocabulary/6792/index.html (+1ms) 
23:44:37   ├─ /vocabulary/6793/index.html (+1ms) 
23:44:37   ├─ /vocabulary/6794/index.html (+1ms) 
23:44:37   ├─ /vocabulary/6795/index.html (+1ms) 
23:44:37   ├─ /vocabulary/6796/index.html (+1ms) 
23:44:37   ├─ /vocabulary/6797/index.html (+1ms) 
23:44:37   ├─ /vocabulary/6798/index.html (+1ms) 
23:44:37   ├─ /vocabulary/6799/index.html (+1ms) 
23:44:37   ├─ /vocabulary/6800/index.html (+1ms) 
23:44:37   ├─ /vocabulary/6801/index.html (+1ms) 
23:44:37   ├─ /vocabulary/6802/index.html (+1ms) 
23:44:37   ├─ /vocabulary/6803/index.html (+1ms) 
23:44:37   ├─ /vocabulary/6804/index.html (+1ms) 
23:44:37   ├─ /vocabulary/6805/index.html (+1ms) 
23:44:37   ├─ /vocabulary/6806/index.html (+1ms) 
23:44:37   ├─ /vocabulary/6807/index.html (+1ms) 
23:44:37   ├─ /vocabulary/6808/index.html (+1ms) 
23:44:37   ├─ /vocabulary/6809/index.html (+1ms) 
23:44:37   ├─ /vocabulary/6810/index.html (+1ms) 
23:44:37   ├─ /vocabulary/6811/index.html (+1ms) 
23:44:37   ├─ /vocabulary/6812/index.html (+1ms) 
23:44:37   ├─ /vocabulary/6813/index.html (+1ms) 
23:44:37   ├─ /vocabulary/6814/index.html (+1ms) 
23:44:37   ├─ /vocabulary/6815/index.html (+1ms) 
23:44:37   ├─ /vocabulary/6816/index.html (+1ms) 
23:44:37   ├─ /vocabulary/6817/index.html (+1ms) 
23:44:37   ├─ /vocabulary/6818/index.html (+1ms) 
23:44:37   ├─ /vocabulary/6819/index.html (+1ms) 
23:44:37   ├─ /vocabulary/6820/index.html (+1ms) 
23:44:37   ├─ /vocabulary/6821/index.html (+1ms) 
23:44:37   ├─ /vocabulary/6822/index.html (+1ms) 
23:44:37   ├─ /vocabulary/6823/index.html (+1ms) 
23:44:37   ├─ /vocabulary/6824/index.html (+1ms) 
23:44:37   ├─ /vocabulary/6825/index.html (+1ms) 
23:44:37   ├─ /vocabulary/6826/index.html (+1ms) 
23:44:37   ├─ /vocabulary/6827/index.html (+1ms) 
23:44:37   ├─ /vocabulary/6828/index.html (+1ms) 
23:44:37   ├─ /vocabulary/6829/index.html (+1ms) 
23:44:37   ├─ /vocabulary/6830/index.html (+11ms) 
23:44:37   ├─ /vocabulary/6831/index.html (+26ms) 
23:44:37   ├─ /vocabulary/6832/index.html (+17ms) 
23:44:37   ├─ /vocabulary/6833/index.html (+10ms) 
23:44:37   ├─ /vocabulary/6834/index.html (+15ms) 
23:44:37   ├─ /vocabulary/6835/index.html (+1ms) 
23:44:37   ├─ /vocabulary/6836/index.html (+1ms) 
23:44:37   ├─ /vocabulary/6837/index.html (+1ms) 
23:44:37   ├─ /vocabulary/6838/index.html (+1ms) 
23:44:37   ├─ /vocabulary/6839/index.html (+1ms) 
23:44:37   ├─ /vocabulary/6840/index.html (+1ms) 
23:44:37   ├─ /vocabulary/6841/index.html (+1ms) 
23:44:37   ├─ /vocabulary/6842/index.html (+1ms) 
23:44:37   ├─ /vocabulary/6843/index.html (+1ms) 
23:44:37   ├─ /vocabulary/6844/index.html (+1ms) 
23:44:37   ├─ /vocabulary/6845/index.html (+1ms) 
23:44:37   ├─ /vocabulary/6846/index.html (+1ms) 
23:44:37   ├─ /vocabulary/6847/index.html (+1ms) 
23:44:37   ├─ /vocabulary/6848/index.html (+1ms) 
23:44:37   ├─ /vocabulary/6849/index.html (+1ms) 
23:44:37   ├─ /vocabulary/6850/index.html (+1ms) 
23:44:37   ├─ /vocabulary/6851/index.html (+1ms) 
23:44:37   ├─ /vocabulary/6852/index.html (+1ms) 
23:44:37   ├─ /vocabulary/6853/index.html (+1ms) 
23:44:37   ├─ /vocabulary/6854/index.html (+1ms) 
23:44:37   ├─ /vocabulary/6855/index.html (+1ms) 
23:44:37   ├─ /vocabulary/6856/index.html (+1ms) 
23:44:37   ├─ /vocabulary/6857/index.html (+1ms) 
23:44:37   ├─ /vocabulary/6858/index.html (+1ms) 
23:44:37   ├─ /vocabulary/6859/index.html (+1ms) 
23:44:37   ├─ /vocabulary/6860/index.html (+2ms) 
23:44:37   ├─ /vocabulary/6861/index.html (+1ms) 
23:44:37   ├─ /vocabulary/6862/index.html (+1ms) 
23:44:37   ├─ /vocabulary/6863/index.html (+1ms) 
23:44:37   ├─ /vocabulary/6864/index.html (+1ms) 
23:44:37   ├─ /vocabulary/6865/index.html (+1ms) 
23:44:37   ├─ /vocabulary/6866/index.html (+1ms) 
23:44:37   ├─ /vocabulary/6867/index.html (+1ms) 
23:44:37   ├─ /vocabulary/6868/index.html (+1ms) 
23:44:37   ├─ /vocabulary/6869/index.html (+1ms) 
23:44:37   ├─ /vocabulary/6870/index.html (+1ms) 
23:44:37   ├─ /vocabulary/6871/index.html (+1ms) 
23:44:37   ├─ /vocabulary/6872/index.html (+1ms) 
23:44:37   ├─ /vocabulary/6873/index.html (+1ms) 
23:44:37   ├─ /vocabulary/6874/index.html (+1ms) 
23:44:37   ├─ /vocabulary/6875/index.html (+1ms) 
23:44:37   ├─ /vocabulary/6876/index.html (+1ms) 
23:44:37   ├─ /vocabulary/6877/index.html (+1ms) 
23:44:37   ├─ /vocabulary/6878/index.html (+1ms) 
23:44:37   ├─ /vocabulary/6879/index.html (+1ms) 
23:44:37   ├─ /vocabulary/6880/index.html (+1ms) 
23:44:37   ├─ /vocabulary/6881/index.html (+1ms) 
23:44:37   ├─ /vocabulary/6882/index.html (+1ms) 
23:44:37   ├─ /vocabulary/6883/index.html (+1ms) 
23:44:37   ├─ /vocabulary/6884/index.html (+1ms) 
23:44:37   ├─ /vocabulary/6885/index.html (+1ms) 
23:44:37   ├─ /vocabulary/6886/index.html (+1ms) 
23:44:37   ├─ /vocabulary/6887/index.html (+1ms) 
23:44:37   ├─ /vocabulary/6888/index.html (+1ms) 
23:44:37   ├─ /vocabulary/6889/index.html (+1ms) 
23:44:37   ├─ /vocabulary/6890/index.html (+1ms) 
23:44:37   ├─ /vocabulary/6891/index.html (+1ms) 
23:44:37   ├─ /vocabulary/6892/index.html (+1ms) 
23:44:37   ├─ /vocabulary/6893/index.html (+1ms) 
23:44:37   ├─ /vocabulary/6894/index.html (+1ms) 
23:44:37   ├─ /vocabulary/6895/index.html (+1ms) 
23:44:37   ├─ /vocabulary/6896/index.html (+1ms) 
23:44:37   ├─ /vocabulary/6897/index.html (+1ms) 
23:44:37   ├─ /vocabulary/6898/index.html (+1ms) 
23:44:37   ├─ /vocabulary/6899/index.html (+1ms) 
23:44:37   ├─ /vocabulary/6900/index.html (+1ms) 
23:44:37   ├─ /vocabulary/6901/index.html (+1ms) 
23:44:37   ├─ /vocabulary/6902/index.html (+1ms) 
23:44:37   ├─ /vocabulary/6903/index.html (+1ms) 
23:44:37   ├─ /vocabulary/6904/index.html (+1ms) 
23:44:37   ├─ /vocabulary/6905/index.html (+1ms) 
23:44:37   ├─ /vocabulary/6906/index.html (+1ms) 
23:44:37   ├─ /vocabulary/6907/index.html (+1ms) 
23:44:37   ├─ /vocabulary/6908/index.html (+1ms) 
23:44:37   ├─ /vocabulary/6909/index.html (+1ms) 
23:44:37   ├─ /vocabulary/6910/index.html (+1ms) 
23:44:37   ├─ /vocabulary/6911/index.html (+1ms) 
23:44:37   ├─ /vocabulary/6912/index.html (+1ms) 
23:44:37   ├─ /vocabulary/6913/index.html (+1ms) 
23:44:37   ├─ /vocabulary/6914/index.html (+1ms) 
23:44:37   ├─ /vocabulary/6915/index.html (+1ms) 
23:44:37   ├─ /vocabulary/6916/index.html (+1ms) 
23:44:37   ├─ /vocabulary/6917/index.html (+1ms) 
23:44:37   ├─ /vocabulary/6918/index.html (+1ms) 
23:44:37   ├─ /vocabulary/6919/index.html (+1ms) 
23:44:37   ├─ /vocabulary/6920/index.html (+1ms) 
23:44:37   ├─ /vocabulary/6921/index.html (+1ms) 
23:44:37   ├─ /vocabulary/6922/index.html (+1ms) 
23:44:37   ├─ /vocabulary/6923/index.html (+1ms) 
23:44:37   ├─ /vocabulary/6924/index.html (+1ms) 
23:44:37   ├─ /vocabulary/6925/index.html (+1ms) 
23:44:37   ├─ /vocabulary/6926/index.html (+1ms) 
23:44:37   ├─ /vocabulary/6927/index.html (+1ms) 
23:44:37   ├─ /vocabulary/6928/index.html (+1ms) 
23:44:37   ├─ /vocabulary/6929/index.html (+1ms) 
23:44:37   ├─ /vocabulary/6930/index.html (+1ms) 
23:44:37   ├─ /vocabulary/6931/index.html (+1ms) 
23:44:37   ├─ /vocabulary/6932/index.html (+1ms) 
23:44:37   ├─ /vocabulary/6933/index.html (+1ms) 
23:44:37   ├─ /vocabulary/6934/index.html (+1ms) 
23:44:37   ├─ /vocabulary/6935/index.html (+1ms) 
23:44:37   ├─ /vocabulary/6936/index.html (+1ms) 
23:44:37   ├─ /vocabulary/6937/index.html (+1ms) 
23:44:37   ├─ /vocabulary/6938/index.html (+1ms) 
23:44:37   ├─ /vocabulary/6939/index.html (+1ms) 
23:44:37   ├─ /vocabulary/6940/index.html (+1ms) 
23:44:37   ├─ /vocabulary/6941/index.html (+1ms) 
23:44:37   ├─ /vocabulary/6942/index.html (+1ms) 
23:44:37   ├─ /vocabulary/6943/index.html (+1ms) 
23:44:37   ├─ /vocabulary/6944/index.html (+1ms) 
23:44:37   ├─ /vocabulary/6945/index.html (+1ms) 
23:44:37   ├─ /vocabulary/6946/index.html (+1ms) 
23:44:37   ├─ /vocabulary/6947/index.html (+1ms) 
23:44:37   ├─ /vocabulary/6948/index.html (+1ms) 
23:44:37   ├─ /vocabulary/6949/index.html (+1ms) 
23:44:37   ├─ /vocabulary/6950/index.html (+1ms) 
23:44:37   ├─ /vocabulary/6951/index.html (+1ms) 
23:44:37   ├─ /vocabulary/6952/index.html (+1ms) 
23:44:37   ├─ /vocabulary/6953/index.html (+1ms) 
23:44:37   ├─ /vocabulary/6954/index.html (+1ms) 
23:44:37   ├─ /vocabulary/6955/index.html (+1ms) 
23:44:37   ├─ /vocabulary/6956/index.html (+1ms) 
23:44:37   ├─ /vocabulary/6957/index.html (+1ms) 
23:44:37   ├─ /vocabulary/6958/index.html (+1ms) 
23:44:37   ├─ /vocabulary/6959/index.html (+1ms) 
23:44:37   ├─ /vocabulary/6960/index.html (+1ms) 
23:44:37   ├─ /vocabulary/6961/index.html (+1ms) 
23:44:37   ├─ /vocabulary/6962/index.html (+1ms) 
23:44:37   ├─ /vocabulary/6963/index.html (+1ms) 
23:44:37   ├─ /vocabulary/6964/index.html (+1ms) 
23:44:37   ├─ /vocabulary/6965/index.html (+1ms) 
23:44:37   ├─ /vocabulary/6966/index.html (+1ms) 
23:44:37   ├─ /vocabulary/6967/index.html (+1ms) 
23:44:37   ├─ /vocabulary/6968/index.html (+1ms) 
23:44:37   ├─ /vocabulary/6969/index.html (+1ms) 
23:44:37   ├─ /vocabulary/6970/index.html (+1ms) 
23:44:37   ├─ /vocabulary/6971/index.html (+1ms) 
23:44:37   ├─ /vocabulary/6972/index.html (+1ms) 
23:44:37   ├─ /vocabulary/6973/index.html (+1ms) 
23:44:37   ├─ /vocabulary/6974/index.html (+1ms) 
23:44:37   ├─ /vocabulary/6975/index.html (+1ms) 
23:44:37   ├─ /vocabulary/6976/index.html (+1ms) 
23:44:37   ├─ /vocabulary/6977/index.html (+1ms) 
23:44:37   ├─ /vocabulary/6978/index.html (+1ms) 
23:44:37   ├─ /vocabulary/6979/index.html (+1ms) 
23:44:37   ├─ /vocabulary/6980/index.html (+1ms) 
23:44:37   ├─ /vocabulary/6981/index.html (+1ms) 
23:44:37   ├─ /vocabulary/6982/index.html (+1ms) 
23:44:37   ├─ /vocabulary/6983/index.html (+1ms) 
23:44:37   ├─ /vocabulary/6984/index.html (+1ms) 
23:44:37   ├─ /vocabulary/6985/index.html (+1ms) 
23:44:37   ├─ /vocabulary/6986/index.html (+1ms) 
23:44:37   ├─ /vocabulary/6987/index.html (+1ms) 
23:44:37   ├─ /vocabulary/6988/index.html (+1ms) 
23:44:37   ├─ /vocabulary/6989/index.html (+1ms) 
23:44:37   ├─ /vocabulary/6990/index.html (+1ms) 
23:44:37   ├─ /vocabulary/6991/index.html (+1ms) 
23:44:37   ├─ /vocabulary/6992/index.html (+1ms) 
23:44:37   ├─ /vocabulary/6993/index.html (+1ms) 
23:44:37   ├─ /vocabulary/6994/index.html (+1ms) 
23:44:37   ├─ /vocabulary/6995/index.html (+1ms) 
23:44:37   ├─ /vocabulary/6996/index.html (+1ms) 
23:44:37   ├─ /vocabulary/6997/index.html (+1ms) 
23:44:37   ├─ /vocabulary/6998/index.html (+1ms) 
23:44:37   ├─ /vocabulary/6999/index.html (+1ms) 
23:44:37   ├─ /vocabulary/7000/index.html (+1ms) 
23:44:37   ├─ /vocabulary/7001/index.html (+1ms) 
23:44:37   ├─ /vocabulary/7002/index.html (+1ms) 
23:44:37   ├─ /vocabulary/7003/index.html (+1ms) 
23:44:37   ├─ /vocabulary/7004/index.html (+1ms) 
23:44:37   ├─ /vocabulary/7005/index.html (+1ms) 
23:44:37   ├─ /vocabulary/7006/index.html (+1ms) 
23:44:37   ├─ /vocabulary/7007/index.html (+1ms) 
23:44:37   ├─ /vocabulary/7008/index.html (+1ms) 
23:44:37   ├─ /vocabulary/7009/index.html (+1ms) 
23:44:37   ├─ /vocabulary/7010/index.html (+1ms) 
23:44:37   ├─ /vocabulary/7011/index.html (+1ms) 
23:44:37   ├─ /vocabulary/7012/index.html (+1ms) 
23:44:37   ├─ /vocabulary/7013/index.html (+1ms) 
23:44:37   ├─ /vocabulary/7014/index.html (+1ms) 
23:44:37   ├─ /vocabulary/7015/index.html (+1ms) 
23:44:37   ├─ /vocabulary/7016/index.html (+1ms) 
23:44:37   ├─ /vocabulary/7017/index.html (+1ms) 
23:44:37   ├─ /vocabulary/7018/index.html (+1ms) 
23:44:37   ├─ /vocabulary/7019/index.html (+1ms) 
23:44:37   ├─ /vocabulary/7020/index.html (+1ms) 
23:44:37   ├─ /vocabulary/7021/index.html (+1ms) 
23:44:37   ├─ /vocabulary/7022/index.html (+1ms) 
23:44:37   ├─ /vocabulary/7023/index.html (+1ms) 
23:44:37   ├─ /vocabulary/7024/index.html (+1ms) 
23:44:37   ├─ /vocabulary/7025/index.html (+1ms) 
23:44:37   ├─ /vocabulary/7026/index.html (+1ms) 
23:44:37   ├─ /vocabulary/7027/index.html (+1ms) 
23:44:37   ├─ /vocabulary/7028/index.html (+1ms) 
23:44:37   ├─ /vocabulary/7029/index.html (+1ms) 
23:44:37   ├─ /vocabulary/7030/index.html (+1ms) 
23:44:37   ├─ /vocabulary/7031/index.html (+1ms) 
23:44:37   ├─ /vocabulary/7032/index.html (+1ms) 
23:44:37   ├─ /vocabulary/7033/index.html (+5ms) 
23:44:37   ├─ /vocabulary/7034/index.html (+1ms) 
23:44:37   ├─ /vocabulary/7035/index.html (+1ms) 
23:44:37   ├─ /vocabulary/7036/index.html (+1ms) 
23:44:37   ├─ /vocabulary/7037/index.html (+1ms) 
23:44:37   ├─ /vocabulary/7038/index.html (+1ms) 
23:44:37   ├─ /vocabulary/7039/index.html (+1ms) 
23:44:37   ├─ /vocabulary/7040/index.html (+1ms) 
23:44:37   ├─ /vocabulary/7041/index.html (+1ms) 
23:44:38   ├─ /vocabulary/7042/index.html (+1ms) 
23:44:38   ├─ /vocabulary/7043/index.html (+1ms) 
23:44:38   ├─ /vocabulary/7044/index.html (+1ms) 
23:44:38   ├─ /vocabulary/7045/index.html (+1ms) 
23:44:38   ├─ /vocabulary/7046/index.html (+1ms) 
23:44:38   ├─ /vocabulary/7047/index.html (+1ms) 
23:44:38   ├─ /vocabulary/7048/index.html (+1ms) 
23:44:38   ├─ /vocabulary/7049/index.html (+1ms) 
23:44:38   ├─ /vocabulary/7050/index.html (+1ms) 
23:44:38   ├─ /vocabulary/7051/index.html (+1ms) 
23:44:38   ├─ /vocabulary/7052/index.html (+1ms) 
23:44:38   ├─ /vocabulary/7053/index.html (+1ms) 
23:44:38   ├─ /vocabulary/7054/index.html (+1ms) 
23:44:38   ├─ /vocabulary/7055/index.html (+1ms) 
23:44:38   ├─ /vocabulary/7056/index.html (+1ms) 
23:44:38   ├─ /vocabulary/7057/index.html (+1ms) 
23:44:38   ├─ /vocabulary/7058/index.html (+1ms) 
23:44:38   ├─ /vocabulary/7059/index.html (+1ms) 
23:44:38   ├─ /vocabulary/7060/index.html (+1ms) 
23:44:38   ├─ /vocabulary/7061/index.html (+1ms) 
23:44:38   ├─ /vocabulary/7062/index.html (+1ms) 
23:44:38   ├─ /vocabulary/7063/index.html (+1ms) 
23:44:38   ├─ /vocabulary/7064/index.html (+1ms) 
23:44:38   ├─ /vocabulary/7065/index.html (+1ms) 
23:44:38   ├─ /vocabulary/7066/index.html (+1ms) 
23:44:38   ├─ /vocabulary/7067/index.html (+1ms) 
23:44:38   ├─ /vocabulary/7068/index.html (+1ms) 
23:44:38   ├─ /vocabulary/7069/index.html (+1ms) 
23:44:38   ├─ /vocabulary/7070/index.html (+1ms) 
23:44:38   ├─ /vocabulary/7071/index.html (+1ms) 
23:44:38   ├─ /vocabulary/7072/index.html (+1ms) 
23:44:38   ├─ /vocabulary/7073/index.html (+1ms) 
23:44:38   ├─ /vocabulary/7074/index.html (+1ms) 
23:44:38   ├─ /vocabulary/7075/index.html (+1ms) 
23:44:38   ├─ /vocabulary/7076/index.html (+1ms) 
23:44:38   ├─ /vocabulary/7077/index.html (+1ms) 
23:44:38   ├─ /vocabulary/7078/index.html (+1ms) 
23:44:38   ├─ /vocabulary/7079/index.html (+1ms) 
23:44:38   ├─ /vocabulary/7080/index.html (+1ms) 
23:44:38   ├─ /vocabulary/7081/index.html (+1ms) 
23:44:38   ├─ /vocabulary/7082/index.html (+1ms) 
23:44:38   ├─ /vocabulary/7083/index.html (+1ms) 
23:44:38   ├─ /vocabulary/7084/index.html (+1ms) 
23:44:38   ├─ /vocabulary/7085/index.html (+1ms) 
23:44:38   ├─ /vocabulary/7086/index.html (+1ms) 
23:44:38   ├─ /vocabulary/7087/index.html (+1ms) 
23:44:38   ├─ /vocabulary/7088/index.html (+1ms) 
23:44:38   ├─ /vocabulary/7089/index.html (+1ms) 
23:44:38   ├─ /vocabulary/7090/index.html (+1ms) 
23:44:38   ├─ /vocabulary/7091/index.html (+1ms) 
23:44:38   ├─ /vocabulary/7092/index.html (+1ms) 
23:44:38   ├─ /vocabulary/7093/index.html (+1ms) 
23:44:38   ├─ /vocabulary/7094/index.html (+1ms) 
23:44:38   ├─ /vocabulary/7095/index.html (+1ms) 
23:44:38   ├─ /vocabulary/7096/index.html (+1ms) 
23:44:38   ├─ /vocabulary/7097/index.html (+1ms) 
23:44:38   ├─ /vocabulary/7098/index.html (+1ms) 
23:44:38   ├─ /vocabulary/7099/index.html (+1ms) 
23:44:38   ├─ /vocabulary/7100/index.html (+1ms) 
23:44:38   ├─ /vocabulary/7101/index.html (+1ms) 
23:44:38   ├─ /vocabulary/7102/index.html (+1ms) 
23:44:38   ├─ /vocabulary/7103/index.html (+1ms) 
23:44:38   ├─ /vocabulary/7104/index.html (+1ms) 
23:44:38   ├─ /vocabulary/7105/index.html (+1ms) 
23:44:38   ├─ /vocabulary/7106/index.html (+1ms) 
23:44:38   ├─ /vocabulary/7107/index.html (+1ms) 
23:44:38   ├─ /vocabulary/7108/index.html (+1ms) 
23:44:38   ├─ /vocabulary/7109/index.html (+1ms) 
23:44:38   ├─ /vocabulary/7110/index.html (+1ms) 
23:44:38   ├─ /vocabulary/7111/index.html (+1ms) 
23:44:38   ├─ /vocabulary/7112/index.html (+1ms) 
23:44:38   ├─ /vocabulary/7113/index.html (+1ms) 
23:44:38   ├─ /vocabulary/7114/index.html (+1ms) 
23:44:38   ├─ /vocabulary/7115/index.html (+1ms) 
23:44:38   ├─ /vocabulary/7116/index.html (+1ms) 
23:44:38   ├─ /vocabulary/7117/index.html (+1ms) 
23:44:38   ├─ /vocabulary/7118/index.html (+1ms) 
23:44:38   ├─ /vocabulary/7119/index.html (+1ms) 
23:44:38   ├─ /vocabulary/7120/index.html (+1ms) 
23:44:38   ├─ /vocabulary/7121/index.html (+1ms) 
23:44:38   ├─ /vocabulary/7122/index.html (+1ms) 
23:44:38   ├─ /vocabulary/7123/index.html (+1ms) 
23:44:38   ├─ /vocabulary/7124/index.html (+1ms) 
23:44:38   ├─ /vocabulary/7125/index.html (+1ms) 
23:44:38   ├─ /vocabulary/7126/index.html (+1ms) 
23:44:38   ├─ /vocabulary/7127/index.html (+1ms) 
23:44:38   ├─ /vocabulary/7128/index.html (+1ms) 
23:44:38   ├─ /vocabulary/7129/index.html (+1ms) 
23:44:38   ├─ /vocabulary/7130/index.html (+1ms) 
23:44:38   ├─ /vocabulary/7131/index.html (+1ms) 
23:44:38   ├─ /vocabulary/7132/index.html (+1ms) 
23:44:38   ├─ /vocabulary/7133/index.html (+1ms) 
23:44:38   ├─ /vocabulary/7134/index.html (+1ms) 
23:44:38   ├─ /vocabulary/7135/index.html (+1ms) 
23:44:38   ├─ /vocabulary/7136/index.html (+1ms) 
23:44:38   ├─ /vocabulary/7137/index.html (+1ms) 
23:44:38   ├─ /vocabulary/7138/index.html (+1ms) 
23:44:38   ├─ /vocabulary/7139/index.html (+1ms) 
23:44:38   ├─ /vocabulary/7140/index.html (+1ms) 
23:44:38   ├─ /vocabulary/7141/index.html (+1ms) 
23:44:38   ├─ /vocabulary/7142/index.html (+1ms) 
23:44:38   ├─ /vocabulary/7143/index.html (+1ms) 
23:44:38   ├─ /vocabulary/7144/index.html (+1ms) 
23:44:38   ├─ /vocabulary/7145/index.html (+1ms) 
23:44:38   ├─ /vocabulary/7146/index.html (+1ms) 
23:44:38   ├─ /vocabulary/7147/index.html (+1ms) 
23:44:38   ├─ /vocabulary/7148/index.html (+1ms) 
23:44:38   ├─ /vocabulary/7149/index.html (+1ms) 
23:44:38   ├─ /vocabulary/7150/index.html (+1ms) 
23:44:38   ├─ /vocabulary/7151/index.html (+1ms) 
23:44:38   ├─ /vocabulary/7152/index.html (+1ms) 
23:44:38   ├─ /vocabulary/7153/index.html (+1ms) 
23:44:38   ├─ /vocabulary/7154/index.html (+1ms) 
23:44:38   ├─ /vocabulary/7155/index.html (+1ms) 
23:44:38   ├─ /vocabulary/7156/index.html (+1ms) 
23:44:38   ├─ /vocabulary/7157/index.html (+1ms) 
23:44:38   ├─ /vocabulary/7158/index.html (+1ms) 
23:44:38   ├─ /vocabulary/7159/index.html (+1ms) 
23:44:38   ├─ /vocabulary/7160/index.html (+1ms) 
23:44:38   ├─ /vocabulary/7161/index.html (+1ms) 
23:44:38   ├─ /vocabulary/7162/index.html (+1ms) 
23:44:38   ├─ /vocabulary/7163/index.html (+1ms) 
23:44:38   ├─ /vocabulary/7164/index.html (+1ms) 
23:44:38   ├─ /vocabulary/7165/index.html (+1ms) 
23:44:38   ├─ /vocabulary/7166/index.html (+1ms) 
23:44:38   ├─ /vocabulary/7167/index.html (+1ms) 
23:44:38   ├─ /vocabulary/7168/index.html (+1ms) 
23:44:38   ├─ /vocabulary/7169/index.html (+1ms) 
23:44:38   ├─ /vocabulary/7170/index.html (+1ms) 
23:44:38   ├─ /vocabulary/7171/index.html (+1ms) 
23:44:38   ├─ /vocabulary/7172/index.html (+1ms) 
23:44:38   ├─ /vocabulary/7173/index.html (+2ms) 
23:44:38   ├─ /vocabulary/7174/index.html (+1ms) 
23:44:38   ├─ /vocabulary/7175/index.html (+1ms) 
23:44:38   ├─ /vocabulary/7176/index.html (+1ms) 
23:44:38   ├─ /vocabulary/7177/index.html (+1ms) 
23:44:38   ├─ /vocabulary/7178/index.html (+1ms) 
23:44:38   ├─ /vocabulary/7179/index.html (+1ms) 
23:44:38   ├─ /vocabulary/7180/index.html (+1ms) 
23:44:38   ├─ /vocabulary/7181/index.html (+1ms) 
23:44:38   ├─ /vocabulary/7182/index.html (+1ms) 
23:44:38   ├─ /vocabulary/7183/index.html (+1ms) 
23:44:38   ├─ /vocabulary/7184/index.html (+1ms) 
23:44:38   ├─ /vocabulary/7185/index.html (+1ms) 
23:44:38   ├─ /vocabulary/7186/index.html (+1ms) 
23:44:38   ├─ /vocabulary/7187/index.html (+1ms) 
23:44:38   ├─ /vocabulary/7188/index.html (+1ms) 
23:44:38   ├─ /vocabulary/7189/index.html (+1ms) 
23:44:38   ├─ /vocabulary/7190/index.html (+1ms) 
23:44:38   ├─ /vocabulary/7191/index.html (+1ms) 
23:44:38   ├─ /vocabulary/7192/index.html (+1ms) 
23:44:38   ├─ /vocabulary/7193/index.html (+1ms) 
23:44:38   ├─ /vocabulary/7194/index.html (+1ms) 
23:44:38   ├─ /vocabulary/7195/index.html (+1ms) 
23:44:38   ├─ /vocabulary/7196/index.html (+1ms) 
23:44:38   ├─ /vocabulary/7197/index.html (+1ms) 
23:44:38   ├─ /vocabulary/7198/index.html (+1ms) 
23:44:38   ├─ /vocabulary/7199/index.html (+1ms) 
23:44:38   ├─ /vocabulary/7200/index.html (+1ms) 
23:44:38   ├─ /vocabulary/7201/index.html (+1ms) 
23:44:38   ├─ /vocabulary/7202/index.html (+1ms) 
23:44:38   ├─ /vocabulary/7203/index.html (+1ms) 
23:44:38   ├─ /vocabulary/7204/index.html (+1ms) 
23:44:38   ├─ /vocabulary/7205/index.html (+1ms) 
23:44:38   ├─ /vocabulary/7206/index.html (+1ms) 
23:44:38   ├─ /vocabulary/7207/index.html (+1ms) 
23:44:38   ├─ /vocabulary/7208/index.html (+1ms) 
23:44:38   ├─ /vocabulary/7209/index.html (+1ms) 
23:44:38   ├─ /vocabulary/7210/index.html (+1ms) 
23:44:38   ├─ /vocabulary/7211/index.html (+1ms) 
23:44:38   ├─ /vocabulary/7212/index.html (+1ms) 
23:44:38   ├─ /vocabulary/7213/index.html (+1ms) 
23:44:38   ├─ /vocabulary/7214/index.html (+1ms) 
23:44:38   ├─ /vocabulary/7215/index.html (+1ms) 
23:44:38   ├─ /vocabulary/7216/index.html (+1ms) 
23:44:38   ├─ /vocabulary/7217/index.html (+1ms) 
23:44:38   ├─ /vocabulary/7218/index.html (+1ms) 
23:44:38   ├─ /vocabulary/7219/index.html (+1ms) 
23:44:38   ├─ /vocabulary/7220/index.html (+4ms) 
23:44:38   ├─ /vocabulary/7221/index.html (+1ms) 
23:44:38   ├─ /vocabulary/7222/index.html (+1ms) 
23:44:38   ├─ /vocabulary/7223/index.html (+1ms) 
23:44:38   ├─ /vocabulary/7224/index.html (+1ms) 
23:44:38   ├─ /vocabulary/7225/index.html (+1ms) 
23:44:38   ├─ /vocabulary/7226/index.html (+1ms) 
23:44:38   ├─ /vocabulary/7227/index.html (+1ms) 
23:44:38   ├─ /vocabulary/7228/index.html (+1ms) 
23:44:38   ├─ /vocabulary/7229/index.html (+1ms) 
23:44:38   ├─ /vocabulary/7230/index.html (+1ms) 
23:44:38   ├─ /vocabulary/7231/index.html (+1ms) 
23:44:38   ├─ /vocabulary/7232/index.html (+1ms) 
23:44:38   ├─ /vocabulary/7233/index.html (+1ms) 
23:44:38   ├─ /vocabulary/7234/index.html (+1ms) 
23:44:38   ├─ /vocabulary/7235/index.html (+1ms) 
23:44:38   ├─ /vocabulary/7236/index.html (+1ms) 
23:44:38   ├─ /vocabulary/7237/index.html (+1ms) 
23:44:38   ├─ /vocabulary/7238/index.html (+1ms) 
23:44:38   ├─ /vocabulary/7239/index.html (+1ms) 
23:44:38   ├─ /vocabulary/7240/index.html (+1ms) 
23:44:38   ├─ /vocabulary/7241/index.html (+1ms) 
23:44:38   ├─ /vocabulary/7242/index.html (+1ms) 
23:44:38   ├─ /vocabulary/7243/index.html (+1ms) 
23:44:38   ├─ /vocabulary/7244/index.html (+1ms) 
23:44:38   ├─ /vocabulary/7245/index.html (+1ms) 
23:44:38   ├─ /vocabulary/7246/index.html (+1ms) 
23:44:38   ├─ /vocabulary/7247/index.html (+1ms) 
23:44:38   ├─ /vocabulary/7248/index.html (+1ms) 
23:44:38   ├─ /vocabulary/7249/index.html (+1ms) 
23:44:38   ├─ /vocabulary/7250/index.html (+1ms) 
23:44:38   ├─ /vocabulary/7251/index.html (+1ms) 
23:44:38   ├─ /vocabulary/7252/index.html (+1ms) 
23:44:38   ├─ /vocabulary/7253/index.html (+1ms) 
23:44:38   ├─ /vocabulary/7254/index.html (+1ms) 
23:44:38   ├─ /vocabulary/7255/index.html (+1ms) 
23:44:38   ├─ /vocabulary/7256/index.html (+1ms) 
23:44:38   ├─ /vocabulary/7257/index.html (+1ms) 
23:44:38   ├─ /vocabulary/7258/index.html (+1ms) 
23:44:38   ├─ /vocabulary/7259/index.html (+1ms) 
23:44:38   ├─ /vocabulary/7260/index.html (+1ms) 
23:44:38   ├─ /vocabulary/7261/index.html (+1ms) 
23:44:38   ├─ /vocabulary/7262/index.html (+1ms) 
23:44:38   ├─ /vocabulary/7263/index.html (+1ms) 
23:44:38   ├─ /vocabulary/7264/index.html (+1ms) 
23:44:38   ├─ /vocabulary/7265/index.html (+1ms) 
23:44:38   ├─ /vocabulary/7266/index.html (+1ms) 
23:44:38   ├─ /vocabulary/7267/index.html (+1ms) 
23:44:38   ├─ /vocabulary/7268/index.html (+1ms) 
23:44:38   ├─ /vocabulary/7269/index.html (+1ms) 
23:44:38   ├─ /vocabulary/7270/index.html (+1ms) 
23:44:38   ├─ /vocabulary/7271/index.html (+1ms) 
23:44:38   ├─ /vocabulary/7272/index.html (+1ms) 
23:44:38   ├─ /vocabulary/7273/index.html (+1ms) 
23:44:38   ├─ /vocabulary/7274/index.html (+1ms) 
23:44:38   ├─ /vocabulary/7275/index.html (+1ms) 
23:44:38   ├─ /vocabulary/7276/index.html (+1ms) 
23:44:38   ├─ /vocabulary/7277/index.html (+1ms) 
23:44:38   ├─ /vocabulary/7278/index.html (+1ms) 
23:44:38   ├─ /vocabulary/7279/index.html (+1ms) 
23:44:38   ├─ /vocabulary/7280/index.html (+1ms) 
23:44:38   ├─ /vocabulary/7281/index.html (+1ms) 
23:44:38   ├─ /vocabulary/7282/index.html (+1ms) 
23:44:38   ├─ /vocabulary/7283/index.html (+1ms) 
23:44:38   ├─ /vocabulary/7284/index.html (+1ms) 
23:44:38   ├─ /vocabulary/7285/index.html (+1ms) 
23:44:38   ├─ /vocabulary/7286/index.html (+1ms) 
23:44:38   ├─ /vocabulary/7287/index.html (+1ms) 
23:44:38   ├─ /vocabulary/7288/index.html (+1ms) 
23:44:38   ├─ /vocabulary/7289/index.html (+1ms) 
23:44:38   ├─ /vocabulary/7290/index.html (+1ms) 
23:44:38   ├─ /vocabulary/7291/index.html (+1ms) 
23:44:38   ├─ /vocabulary/7292/index.html (+1ms) 
23:44:38   ├─ /vocabulary/7293/index.html (+1ms) 
23:44:38   ├─ /vocabulary/7294/index.html (+1ms) 
23:44:38   ├─ /vocabulary/7295/index.html (+1ms) 
23:44:38   ├─ /vocabulary/7296/index.html (+1ms) 
23:44:38   ├─ /vocabulary/7297/index.html (+1ms) 
23:44:38   ├─ /vocabulary/7298/index.html (+1ms) 
23:44:38   ├─ /vocabulary/7299/index.html (+1ms) 
23:44:38   ├─ /vocabulary/7300/index.html (+1ms) 
23:44:38   ├─ /vocabulary/7301/index.html (+1ms) 
23:44:38   ├─ /vocabulary/7302/index.html (+1ms) 
23:44:38   ├─ /vocabulary/7303/index.html (+1ms) 
23:44:38   ├─ /vocabulary/7304/index.html (+1ms) 
23:44:38   ├─ /vocabulary/7305/index.html (+1ms) 
23:44:38   ├─ /vocabulary/7306/index.html (+1ms) 
23:44:38   ├─ /vocabulary/7307/index.html (+1ms) 
23:44:38   ├─ /vocabulary/7308/index.html (+1ms) 
23:44:38   ├─ /vocabulary/7309/index.html (+1ms) 
23:44:38   ├─ /vocabulary/7310/index.html (+1ms) 
23:44:38   ├─ /vocabulary/7311/index.html (+1ms) 
23:44:38   ├─ /vocabulary/7312/index.html (+1ms) 
23:44:38   ├─ /vocabulary/7313/index.html (+1ms) 
23:44:38   ├─ /vocabulary/7314/index.html (+1ms) 
23:44:38   ├─ /vocabulary/7315/index.html (+1ms) 
23:44:38   ├─ /vocabulary/7316/index.html (+1ms) 
23:44:38   ├─ /vocabulary/7317/index.html (+1ms) 
23:44:38   ├─ /vocabulary/7318/index.html (+1ms) 
23:44:38   ├─ /vocabulary/7319/index.html (+1ms) 
23:44:38   ├─ /vocabulary/7320/index.html (+1ms) 
23:44:38   ├─ /vocabulary/7321/index.html (+1ms) 
23:44:38   ├─ /vocabulary/7322/index.html (+1ms) 
23:44:38   ├─ /vocabulary/7323/index.html (+1ms) 
23:44:38   ├─ /vocabulary/7324/index.html (+1ms) 
23:44:38   ├─ /vocabulary/7325/index.html (+3ms) 
23:44:38   ├─ /vocabulary/7326/index.html (+1ms) 
23:44:38   ├─ /vocabulary/7327/index.html (+1ms) 
23:44:38   ├─ /vocabulary/7328/index.html (+1ms) 
23:44:38   ├─ /vocabulary/7329/index.html (+1ms) 
23:44:38   ├─ /vocabulary/7330/index.html (+1ms) 
23:44:38   ├─ /vocabulary/7331/index.html (+1ms) 
23:44:38   ├─ /vocabulary/7332/index.html (+1ms) 
23:44:38   ├─ /vocabulary/7333/index.html (+1ms) 
23:44:38   ├─ /vocabulary/7334/index.html (+1ms) 
23:44:38   ├─ /vocabulary/7335/index.html (+1ms) 
23:44:38   ├─ /vocabulary/7336/index.html (+1ms) 
23:44:38   ├─ /vocabulary/7337/index.html (+1ms) 
23:44:38   ├─ /vocabulary/7338/index.html (+1ms) 
23:44:38   ├─ /vocabulary/7339/index.html (+1ms) 
23:44:38   ├─ /vocabulary/7340/index.html (+1ms) 
23:44:38   ├─ /vocabulary/7341/index.html (+1ms) 
23:44:38   ├─ /vocabulary/7342/index.html (+1ms) 
23:44:38   ├─ /vocabulary/7343/index.html (+1ms) 
23:44:38   ├─ /vocabulary/7344/index.html (+1ms) 
23:44:38   ├─ /vocabulary/7345/index.html (+1ms) 
23:44:38   ├─ /vocabulary/7346/index.html (+1ms) 
23:44:38   ├─ /vocabulary/7347/index.html (+1ms) 
23:44:38   ├─ /vocabulary/7348/index.html (+1ms) 
23:44:38   ├─ /vocabulary/7349/index.html (+1ms) 
23:44:38   ├─ /vocabulary/7350/index.html (+1ms) 
23:44:38   ├─ /vocabulary/7351/index.html (+1ms) 
23:44:38   ├─ /vocabulary/7352/index.html (+1ms) 
23:44:38   ├─ /vocabulary/7353/index.html (+1ms) 
23:44:38   ├─ /vocabulary/7354/index.html (+1ms) 
23:44:38   ├─ /vocabulary/7355/index.html (+1ms) 
23:44:38   ├─ /vocabulary/7356/index.html (+1ms) 
23:44:38   ├─ /vocabulary/7357/index.html (+2ms) 
23:44:38   ├─ /vocabulary/7358/index.html (+1ms) 
23:44:38   ├─ /vocabulary/7359/index.html (+1ms) 
23:44:38   ├─ /vocabulary/7360/index.html (+1ms) 
23:44:38   ├─ /vocabulary/7361/index.html (+1ms) 
23:44:38   ├─ /vocabulary/7362/index.html (+1ms) 
23:44:38   ├─ /vocabulary/7363/index.html (+1ms) 
23:44:38   ├─ /vocabulary/7364/index.html (+1ms) 
23:44:38   ├─ /vocabulary/7365/index.html (+1ms) 
23:44:38   ├─ /vocabulary/7366/index.html (+1ms) 
23:44:38   ├─ /vocabulary/7367/index.html (+1ms) 
23:44:38   ├─ /vocabulary/7368/index.html (+1ms) 
23:44:38   ├─ /vocabulary/7369/index.html (+1ms) 
23:44:38   ├─ /vocabulary/7370/index.html (+1ms) 
23:44:38   ├─ /vocabulary/7371/index.html (+1ms) 
23:44:38   ├─ /vocabulary/7372/index.html (+1ms) 
23:44:38   ├─ /vocabulary/7373/index.html (+1ms) 
23:44:38   ├─ /vocabulary/7374/index.html (+1ms) 
23:44:38   ├─ /vocabulary/7375/index.html (+1ms) 
23:44:38   ├─ /vocabulary/7376/index.html (+1ms) 
23:44:38   ├─ /vocabulary/7377/index.html (+1ms) 
23:44:38   ├─ /vocabulary/7378/index.html (+1ms) 
23:44:38   ├─ /vocabulary/7379/index.html (+1ms) 
23:44:38   ├─ /vocabulary/7380/index.html (+1ms) 
23:44:38   ├─ /vocabulary/7381/index.html (+1ms) 
23:44:38   ├─ /vocabulary/7382/index.html (+1ms) 
23:44:38   ├─ /vocabulary/7383/index.html (+1ms) 
23:44:38   ├─ /vocabulary/7384/index.html (+1ms) 
23:44:38   ├─ /vocabulary/7385/index.html (+1ms) 
23:44:38   ├─ /vocabulary/7386/index.html (+1ms) 
23:44:38   ├─ /vocabulary/7387/index.html (+1ms) 
23:44:38   ├─ /vocabulary/7388/index.html (+1ms) 
23:44:38   ├─ /vocabulary/7389/index.html (+1ms) 
23:44:38   ├─ /vocabulary/7390/index.html (+1ms) 
23:44:38   ├─ /vocabulary/7391/index.html (+1ms) 
23:44:38   ├─ /vocabulary/7392/index.html (+1ms) 
23:44:38   ├─ /vocabulary/7393/index.html (+1ms) 
23:44:38   ├─ /vocabulary/7394/index.html (+1ms) 
23:44:38   ├─ /vocabulary/7395/index.html (+1ms) 
23:44:38   ├─ /vocabulary/7396/index.html (+1ms) 
23:44:38   ├─ /vocabulary/7397/index.html (+1ms) 
23:44:38   ├─ /vocabulary/7398/index.html (+1ms) 
23:44:38   ├─ /vocabulary/7399/index.html (+1ms) 
23:44:38   ├─ /vocabulary/7400/index.html (+1ms) 
23:44:38   ├─ /vocabulary/7401/index.html (+1ms) 
23:44:38   ├─ /vocabulary/7402/index.html (+1ms) 
23:44:38   ├─ /vocabulary/7403/index.html (+1ms) 
23:44:38   ├─ /vocabulary/7404/index.html (+1ms) 
23:44:38   ├─ /vocabulary/7405/index.html (+1ms) 
23:44:38   ├─ /vocabulary/7406/index.html (+5ms) 
23:44:38   ├─ /vocabulary/7407/index.html (+1ms) 
23:44:38   ├─ /vocabulary/7408/index.html (+1ms) 
23:44:38   ├─ /vocabulary/7409/index.html (+1ms) 
23:44:38   ├─ /vocabulary/7410/index.html (+1ms) 
23:44:38   ├─ /vocabulary/7411/index.html (+1ms) 
23:44:38   ├─ /vocabulary/7412/index.html (+1ms) 
23:44:38   ├─ /vocabulary/7413/index.html (+1ms) 
23:44:38   ├─ /vocabulary/7414/index.html (+1ms) 
23:44:38   ├─ /vocabulary/7415/index.html (+1ms) 
23:44:38   ├─ /vocabulary/7416/index.html (+1ms) 
23:44:38   ├─ /vocabulary/7417/index.html (+1ms) 
23:44:38   ├─ /vocabulary/7418/index.html (+1ms) 
23:44:38   ├─ /vocabulary/7419/index.html (+1ms) 
23:44:38   ├─ /vocabulary/7420/index.html (+1ms) 
23:44:38   ├─ /vocabulary/7421/index.html (+1ms) 
23:44:38   ├─ /vocabulary/7422/index.html (+1ms) 
23:44:38   ├─ /vocabulary/7423/index.html (+4ms) 
23:44:38   ├─ /vocabulary/7424/index.html (+1ms) 
23:44:38   ├─ /vocabulary/7425/index.html (+1ms) 
23:44:38   ├─ /vocabulary/7426/index.html (+1ms) 
23:44:38   ├─ /vocabulary/7427/index.html (+1ms) 
23:44:38   ├─ /vocabulary/7428/index.html (+1ms) 
23:44:38   ├─ /vocabulary/7429/index.html (+1ms) 
23:44:38   ├─ /vocabulary/7430/index.html (+2ms) 
23:44:38   ├─ /vocabulary/7431/index.html (+1ms) 
23:44:38   ├─ /vocabulary/7432/index.html (+1ms) 
23:44:38   ├─ /vocabulary/7433/index.html (+1ms) 
23:44:38   ├─ /vocabulary/7434/index.html (+2ms) 
23:44:38   ├─ /vocabulary/7435/index.html (+2ms) 
23:44:38   ├─ /vocabulary/7436/index.html (+1ms) 
23:44:38   ├─ /vocabulary/7437/index.html (+1ms) 
23:44:38   ├─ /vocabulary/7438/index.html (+1ms) 
23:44:38   ├─ /vocabulary/7439/index.html (+1ms) 
23:44:38   ├─ /vocabulary/7440/index.html (+12ms) 
23:44:38   ├─ /vocabulary/7441/index.html (+1ms) 
23:44:38   ├─ /vocabulary/7442/index.html (+1ms) 
23:44:38   ├─ /vocabulary/7443/index.html (+2ms) 
23:44:38   ├─ /vocabulary/7444/index.html (+1ms) 
23:44:38   ├─ /vocabulary/7445/index.html (+1ms) 
23:44:38   ├─ /vocabulary/7446/index.html (+1ms) 
23:44:38   ├─ /vocabulary/7447/index.html (+1ms) 
23:44:38   ├─ /vocabulary/7448/index.html (+4ms) 
23:44:38   ├─ /vocabulary/7449/index.html (+1ms) 
23:44:38   ├─ /vocabulary/7450/index.html (+1ms) 
23:44:38   ├─ /vocabulary/7451/index.html (+1ms) 
23:44:38   ├─ /vocabulary/7452/index.html (+1ms) 
23:44:38   ├─ /vocabulary/7453/index.html (+1ms) 
23:44:38   ├─ /vocabulary/7454/index.html (+1ms) 
23:44:38   ├─ /vocabulary/7455/index.html (+1ms) 
23:44:38   ├─ /vocabulary/7456/index.html (+1ms) 
23:44:38   ├─ /vocabulary/7457/index.html (+1ms) 
23:44:38   ├─ /vocabulary/7458/index.html (+1ms) 
23:44:38   ├─ /vocabulary/7459/index.html (+1ms) 
23:44:38   ├─ /vocabulary/7460/index.html (+1ms) 
23:44:38   ├─ /vocabulary/7461/index.html (+1ms) 
23:44:38   ├─ /vocabulary/7462/index.html (+1ms) 
23:44:38   ├─ /vocabulary/7463/index.html (+1ms) 
23:44:38   ├─ /vocabulary/7464/index.html (+1ms) 
23:44:38   ├─ /vocabulary/7465/index.html (+1ms) 
23:44:38   ├─ /vocabulary/7466/index.html (+1ms) 
23:44:38   ├─ /vocabulary/7467/index.html (+1ms) 
23:44:38   ├─ /vocabulary/7468/index.html (+1ms) 
23:44:38   ├─ /vocabulary/7469/index.html (+1ms) 
23:44:38   ├─ /vocabulary/7470/index.html (+1ms) 
23:44:38   ├─ /vocabulary/7471/index.html (+1ms) 
23:44:38   ├─ /vocabulary/7472/index.html (+1ms) 
23:44:38   ├─ /vocabulary/7473/index.html (+1ms) 
23:44:38   ├─ /vocabulary/7474/index.html (+1ms) 
23:44:38   ├─ /vocabulary/7475/index.html (+1ms) 
23:44:38   ├─ /vocabulary/7476/index.html (+1ms) 
23:44:38   ├─ /vocabulary/7477/index.html (+1ms) 
23:44:38   ├─ /vocabulary/7478/index.html (+1ms) 
23:44:38   ├─ /vocabulary/7479/index.html (+1ms) 
23:44:38   ├─ /vocabulary/7480/index.html (+1ms) 
23:44:38   ├─ /vocabulary/7481/index.html (+1ms) 
23:44:38   ├─ /vocabulary/7482/index.html (+1ms) 
23:44:38   ├─ /vocabulary/7483/index.html (+1ms) 
23:44:38   ├─ /vocabulary/7484/index.html (+1ms) 
23:44:38   ├─ /vocabulary/7485/index.html (+1ms) 
23:44:38   ├─ /vocabulary/7486/index.html (+1ms) 
23:44:38   ├─ /vocabulary/7487/index.html (+1ms) 
23:44:38   ├─ /vocabulary/7488/index.html (+1ms) 
23:44:38   ├─ /vocabulary/7489/index.html (+1ms) 
23:44:38   ├─ /vocabulary/7490/index.html (+1ms) 
23:44:38   ├─ /vocabulary/7491/index.html (+1ms) 
23:44:38   ├─ /vocabulary/7492/index.html (+1ms) 
23:44:38   ├─ /vocabulary/7493/index.html (+1ms) 
23:44:38   ├─ /vocabulary/7494/index.html (+1ms) 
23:44:38   ├─ /vocabulary/7495/index.html (+1ms) 
23:44:38   ├─ /vocabulary/7496/index.html (+1ms) 
23:44:38   ├─ /vocabulary/7497/index.html (+1ms) 
23:44:38   ├─ /vocabulary/7498/index.html (+1ms) 
23:44:38   ├─ /vocabulary/7499/index.html (+1ms) 
23:44:38   ├─ /vocabulary/7500/index.html (+1ms) 
23:44:38   ├─ /vocabulary/7501/index.html (+1ms) 
23:44:38   ├─ /vocabulary/7502/index.html (+1ms) 
23:44:38   ├─ /vocabulary/7503/index.html (+1ms) 
23:44:38   ├─ /vocabulary/7504/index.html (+1ms) 
23:44:38   ├─ /vocabulary/7505/index.html (+1ms) 
23:44:38   ├─ /vocabulary/7506/index.html (+1ms) 
23:44:38   ├─ /vocabulary/7507/index.html (+1ms) 
23:44:38   ├─ /vocabulary/7508/index.html (+1ms) 
23:44:38   ├─ /vocabulary/7509/index.html (+1ms) 
23:44:38   ├─ /vocabulary/7510/index.html (+1ms) 
23:44:38   ├─ /vocabulary/7511/index.html (+1ms) 
23:44:38   ├─ /vocabulary/7512/index.html (+1ms) 
23:44:38   ├─ /vocabulary/7513/index.html (+1ms) 
23:44:38   ├─ /vocabulary/7514/index.html (+1ms) 
23:44:38   ├─ /vocabulary/7515/index.html (+1ms) 
23:44:38   ├─ /vocabulary/7516/index.html (+1ms) 
23:44:38   ├─ /vocabulary/7517/index.html (+1ms) 
23:44:38   ├─ /vocabulary/7518/index.html (+1ms) 
23:44:38   ├─ /vocabulary/7519/index.html (+1ms) 
23:44:38   ├─ /vocabulary/7520/index.html (+1ms) 
23:44:38   ├─ /vocabulary/7521/index.html (+1ms) 
23:44:38   ├─ /vocabulary/7522/index.html (+1ms) 
23:44:38   ├─ /vocabulary/7523/index.html (+1ms) 
23:44:38   ├─ /vocabulary/7524/index.html (+1ms) 
23:44:38   ├─ /vocabulary/7525/index.html (+1ms) 
23:44:38   ├─ /vocabulary/7526/index.html (+1ms) 
23:44:38   ├─ /vocabulary/7527/index.html (+1ms) 
23:44:38   ├─ /vocabulary/7528/index.html (+1ms) 
23:44:38   ├─ /vocabulary/7529/index.html (+1ms) 
23:44:38   ├─ /vocabulary/7530/index.html (+1ms) 
23:44:38   ├─ /vocabulary/7531/index.html (+1ms) 
23:44:38   ├─ /vocabulary/7532/index.html (+1ms) 
23:44:38   ├─ /vocabulary/7533/index.html (+1ms) 
23:44:38   ├─ /vocabulary/7534/index.html (+1ms) 
23:44:38   ├─ /vocabulary/7535/index.html (+1ms) 
23:44:38   ├─ /vocabulary/7536/index.html (+1ms) 
23:44:38   ├─ /vocabulary/7537/index.html (+1ms) 
23:44:38   ├─ /vocabulary/7538/index.html (+1ms) 
23:44:38   ├─ /vocabulary/7539/index.html (+1ms) 
23:44:38   ├─ /vocabulary/7540/index.html (+1ms) 
23:44:38   ├─ /vocabulary/7541/index.html (+1ms) 
23:44:38   ├─ /vocabulary/7542/index.html (+1ms) 
23:44:38   ├─ /vocabulary/7543/index.html (+1ms) 
23:44:38   ├─ /vocabulary/7544/index.html (+1ms) 
23:44:38   ├─ /vocabulary/7545/index.html (+1ms) 
23:44:38   ├─ /vocabulary/7546/index.html (+1ms) 
23:44:38   ├─ /vocabulary/7547/index.html (+1ms) 
23:44:38   ├─ /vocabulary/7548/index.html (+1ms) 
23:44:38   ├─ /vocabulary/7549/index.html (+1ms) 
23:44:38   ├─ /vocabulary/7550/index.html (+1ms) 
23:44:38   ├─ /vocabulary/7551/index.html (+1ms) 
23:44:38   ├─ /vocabulary/7552/index.html (+1ms) 
23:44:38   ├─ /vocabulary/7553/index.html (+1ms) 
23:44:38   ├─ /vocabulary/7554/index.html (+1ms) 
23:44:38   ├─ /vocabulary/7555/index.html (+1ms) 
23:44:38   ├─ /vocabulary/7556/index.html (+1ms) 
23:44:38   ├─ /vocabulary/7557/index.html (+1ms) 
23:44:38   ├─ /vocabulary/7558/index.html (+1ms) 
23:44:38   ├─ /vocabulary/7559/index.html (+1ms) 
23:44:38   ├─ /vocabulary/7560/index.html (+1ms) 
23:44:38   ├─ /vocabulary/7561/index.html (+1ms) 
23:44:38   ├─ /vocabulary/7562/index.html (+1ms) 
23:44:38   ├─ /vocabulary/7563/index.html (+1ms) 
23:44:38   ├─ /vocabulary/7564/index.html (+1ms) 
23:44:38   ├─ /vocabulary/7565/index.html (+1ms) 
23:44:38   ├─ /vocabulary/7566/index.html (+1ms) 
23:44:38   ├─ /vocabulary/7567/index.html (+1ms) 
23:44:38   ├─ /vocabulary/7568/index.html (+1ms) 
23:44:38   ├─ /vocabulary/7569/index.html (+1ms) 
23:44:38   ├─ /vocabulary/7570/index.html (+3ms) 
23:44:38   ├─ /vocabulary/7571/index.html (+2ms) 
23:44:38   ├─ /vocabulary/7572/index.html (+1ms) 
23:44:38   ├─ /vocabulary/7573/index.html (+3ms) 
23:44:38   ├─ /vocabulary/7574/index.html (+1ms) 
23:44:38   ├─ /vocabulary/7575/index.html (+1ms) 
23:44:38   ├─ /vocabulary/7576/index.html (+1ms) 
23:44:38   ├─ /vocabulary/7577/index.html (+1ms) 
23:44:38   ├─ /vocabulary/7578/index.html (+1ms) 
23:44:38   ├─ /vocabulary/7579/index.html (+1ms) 
23:44:38   ├─ /vocabulary/7580/index.html (+1ms) 
23:44:38   ├─ /vocabulary/7581/index.html (+1ms) 
23:44:38   ├─ /vocabulary/7582/index.html (+1ms) 
23:44:38   ├─ /vocabulary/7583/index.html (+1ms) 
23:44:38   ├─ /vocabulary/7584/index.html (+1ms) 
23:44:38   ├─ /vocabulary/7585/index.html (+1ms) 
23:44:38   ├─ /vocabulary/7586/index.html (+1ms) 
23:44:38   ├─ /vocabulary/7587/index.html (+1ms) 
23:44:38   ├─ /vocabulary/7588/index.html (+1ms) 
23:44:38   ├─ /vocabulary/7589/index.html (+1ms) 
23:44:38   ├─ /vocabulary/7590/index.html (+1ms) 
23:44:38   ├─ /vocabulary/7591/index.html (+1ms) 
23:44:38   ├─ /vocabulary/7592/index.html (+1ms) 
23:44:38   ├─ /vocabulary/7593/index.html (+6ms) 
23:44:38   ├─ /vocabulary/7594/index.html (+1ms) 
23:44:38   ├─ /vocabulary/7595/index.html (+1ms) 
23:44:38   ├─ /vocabulary/7596/index.html (+1ms) 
23:44:38   ├─ /vocabulary/7597/index.html (+1ms) 
23:44:38   ├─ /vocabulary/7598/index.html (+1ms) 
23:44:38   ├─ /vocabulary/7599/index.html (+1ms) 
23:44:38   ├─ /vocabulary/7600/index.html (+1ms) 
23:44:38   ├─ /vocabulary/7601/index.html (+1ms) 
23:44:38   ├─ /vocabulary/7602/index.html (+1ms) 
23:44:38   ├─ /vocabulary/7603/index.html (+1ms) 
23:44:38   ├─ /vocabulary/7604/index.html (+1ms) 
23:44:38   ├─ /vocabulary/7605/index.html (+1ms) 
23:44:38   ├─ /vocabulary/7606/index.html (+1ms) 
23:44:38   ├─ /vocabulary/7607/index.html (+1ms) 
23:44:38   ├─ /vocabulary/7608/index.html (+1ms) 
23:44:38   ├─ /vocabulary/7609/index.html (+1ms) 
23:44:38   ├─ /vocabulary/7610/index.html (+1ms) 
23:44:38   ├─ /vocabulary/7611/index.html (+1ms) 
23:44:38   ├─ /vocabulary/7612/index.html (+1ms) 
23:44:38   ├─ /vocabulary/7613/index.html (+1ms) 
23:44:38   ├─ /vocabulary/7614/index.html (+1ms) 
23:44:38   ├─ /vocabulary/7615/index.html (+1ms) 
23:44:38   ├─ /vocabulary/7616/index.html (+1ms) 
23:44:38   ├─ /vocabulary/7617/index.html (+1ms) 
23:44:38   ├─ /vocabulary/7618/index.html (+1ms) 
23:44:38   ├─ /vocabulary/7619/index.html (+1ms) 
23:44:38   ├─ /vocabulary/7620/index.html (+1ms) 
23:44:38   ├─ /vocabulary/7621/index.html (+1ms) 
23:44:38   ├─ /vocabulary/7622/index.html (+1ms) 
23:44:38   ├─ /vocabulary/7623/index.html (+1ms) 
23:44:38   ├─ /vocabulary/7624/index.html (+1ms) 
23:44:38   ├─ /vocabulary/7625/index.html (+1ms) 
23:44:38   ├─ /vocabulary/7626/index.html (+1ms) 
23:44:38   ├─ /vocabulary/7627/index.html (+1ms) 
23:44:38   ├─ /vocabulary/7628/index.html (+1ms) 
23:44:38   ├─ /vocabulary/7629/index.html (+1ms) 
23:44:38   ├─ /vocabulary/7630/index.html (+1ms) 
23:44:38   ├─ /vocabulary/7631/index.html (+1ms) 
23:44:38   ├─ /vocabulary/7632/index.html (+1ms) 
23:44:38   ├─ /vocabulary/7633/index.html (+1ms) 
23:44:38   ├─ /vocabulary/7634/index.html (+1ms) 
23:44:38   ├─ /vocabulary/7635/index.html (+1ms) 
23:44:38   ├─ /vocabulary/7636/index.html (+1ms) 
23:44:38   ├─ /vocabulary/7637/index.html (+1ms) 
23:44:38   ├─ /vocabulary/7638/index.html (+1ms) 
23:44:38   ├─ /vocabulary/7639/index.html (+1ms) 
23:44:38   ├─ /vocabulary/7640/index.html (+1ms) 
23:44:38   ├─ /vocabulary/7641/index.html (+1ms) 
23:44:38   ├─ /vocabulary/7642/index.html (+1ms) 
23:44:38   ├─ /vocabulary/7643/index.html (+1ms) 
23:44:38   ├─ /vocabulary/7644/index.html (+1ms) 
23:44:38   ├─ /vocabulary/7645/index.html (+1ms) 
23:44:38   ├─ /vocabulary/7646/index.html (+1ms) 
23:44:38   ├─ /vocabulary/7647/index.html (+1ms) 
23:44:38   ├─ /vocabulary/7648/index.html (+1ms) 
23:44:38   ├─ /vocabulary/7649/index.html (+1ms) 
23:44:38   ├─ /vocabulary/7650/index.html (+1ms) 
23:44:38   ├─ /vocabulary/7651/index.html (+1ms) 
23:44:38   ├─ /vocabulary/7652/index.html (+1ms) 
23:44:38   ├─ /vocabulary/7653/index.html (+1ms) 
23:44:38   ├─ /vocabulary/7654/index.html (+2ms) 
23:44:38   ├─ /vocabulary/7655/index.html (+1ms) 
23:44:38   ├─ /vocabulary/7656/index.html (+1ms) 
23:44:38   ├─ /vocabulary/7657/index.html (+1ms) 
23:44:38   ├─ /vocabulary/7658/index.html (+1ms) 
23:44:38   ├─ /vocabulary/7659/index.html (+1ms) 
23:44:38   ├─ /vocabulary/7660/index.html (+1ms) 
23:44:38   ├─ /vocabulary/7661/index.html (+1ms) 
23:44:38   ├─ /vocabulary/7662/index.html (+1ms) 
23:44:38   ├─ /vocabulary/7663/index.html (+1ms) 
23:44:38   ├─ /vocabulary/7664/index.html (+1ms) 
23:44:38   ├─ /vocabulary/7665/index.html (+1ms) 
23:44:38   ├─ /vocabulary/7666/index.html (+2ms) 
23:44:38   ├─ /vocabulary/7667/index.html (+2ms) 
23:44:38   ├─ /vocabulary/7668/index.html (+1ms) 
23:44:38   ├─ /vocabulary/7669/index.html (+1ms) 
23:44:38   ├─ /vocabulary/7670/index.html (+1ms) 
23:44:38   ├─ /vocabulary/7671/index.html (+1ms) 
23:44:38   ├─ /vocabulary/7672/index.html (+1ms) 
23:44:38   ├─ /vocabulary/7673/index.html (+1ms) 
23:44:38   ├─ /vocabulary/7674/index.html (+1ms) 
23:44:38   ├─ /vocabulary/7675/index.html (+1ms) 
23:44:38   ├─ /vocabulary/7676/index.html (+1ms) 
23:44:38   ├─ /vocabulary/7677/index.html (+1ms) 
23:44:38   ├─ /vocabulary/7678/index.html (+1ms) 
23:44:38   ├─ /vocabulary/7679/index.html (+1ms) 
23:44:38   ├─ /vocabulary/7680/index.html (+1ms) 
23:44:38   ├─ /vocabulary/7681/index.html (+1ms) 
23:44:38   ├─ /vocabulary/7682/index.html (+1ms) 
23:44:38   ├─ /vocabulary/7683/index.html (+1ms) 
23:44:38   ├─ /vocabulary/7684/index.html (+1ms) 
23:44:38   ├─ /vocabulary/7685/index.html (+1ms) 
23:44:38   ├─ /vocabulary/7686/index.html (+1ms) 
23:44:38   ├─ /vocabulary/7687/index.html (+1ms) 
23:44:38   ├─ /vocabulary/7688/index.html (+1ms) 
23:44:38   ├─ /vocabulary/7689/index.html (+1ms) 
23:44:38   ├─ /vocabulary/7690/index.html (+1ms) 
23:44:38   ├─ /vocabulary/7691/index.html (+1ms) 
23:44:38   ├─ /vocabulary/7692/index.html (+1ms) 
23:44:38   ├─ /vocabulary/7693/index.html (+1ms) 
23:44:38   ├─ /vocabulary/7694/index.html (+1ms) 
23:44:38   ├─ /vocabulary/7695/index.html (+1ms) 
23:44:38   ├─ /vocabulary/7696/index.html (+1ms) 
23:44:38   ├─ /vocabulary/7697/index.html (+1ms) 
23:44:38   ├─ /vocabulary/7698/index.html (+1ms) 
23:44:38   ├─ /vocabulary/7699/index.html (+1ms) 
23:44:38   ├─ /vocabulary/7700/index.html (+1ms) 
23:44:38   ├─ /vocabulary/7701/index.html (+1ms) 
23:44:38   ├─ /vocabulary/7702/index.html (+1ms) 
23:44:38   ├─ /vocabulary/7703/index.html (+1ms) 
23:44:38   ├─ /vocabulary/7704/index.html (+1ms) 
23:44:38   ├─ /vocabulary/7705/index.html (+1ms) 
23:44:38   ├─ /vocabulary/7706/index.html (+1ms) 
23:44:38   ├─ /vocabulary/7707/index.html (+1ms) 
23:44:38   ├─ /vocabulary/7708/index.html (+4ms) 
23:44:38   ├─ /vocabulary/7709/index.html (+1ms) 
23:44:38   ├─ /vocabulary/7710/index.html (+1ms) 
23:44:38   ├─ /vocabulary/7711/index.html (+1ms) 
23:44:38   ├─ /vocabulary/7712/index.html (+1ms) 
23:44:38   ├─ /vocabulary/7713/index.html (+1ms) 
23:44:38   ├─ /vocabulary/7714/index.html (+1ms) 
23:44:38   ├─ /vocabulary/7715/index.html (+1ms) 
23:44:38   ├─ /vocabulary/7716/index.html (+1ms) 
23:44:38   ├─ /vocabulary/7717/index.html (+5ms) 
23:44:38   ├─ /vocabulary/7718/index.html (+1ms) 
23:44:38   ├─ /vocabulary/7719/index.html (+1ms) 
23:44:38   ├─ /vocabulary/7720/index.html (+1ms) 
23:44:38   ├─ /vocabulary/7721/index.html (+1ms) 
23:44:38   ├─ /vocabulary/7722/index.html (+1ms) 
23:44:38   ├─ /vocabulary/7723/index.html (+1ms) 
23:44:38   ├─ /vocabulary/7724/index.html (+1ms) 
23:44:38   ├─ /vocabulary/7725/index.html (+1ms) 
23:44:38   ├─ /vocabulary/7726/index.html (+1ms) 
23:44:38   ├─ /vocabulary/7727/index.html (+1ms) 
23:44:38   ├─ /vocabulary/7728/index.html (+1ms) 
23:44:38   ├─ /vocabulary/7729/index.html (+1ms) 
23:44:38   ├─ /vocabulary/7730/index.html (+1ms) 
23:44:38   ├─ /vocabulary/7731/index.html (+1ms) 
23:44:38   ├─ /vocabulary/7732/index.html (+1ms) 
23:44:38   ├─ /vocabulary/7733/index.html (+1ms) 
23:44:38   ├─ /vocabulary/7734/index.html (+1ms) 
23:44:38   ├─ /vocabulary/7735/index.html (+1ms) 
23:44:38   ├─ /vocabulary/7736/index.html (+1ms) 
23:44:38   ├─ /vocabulary/7737/index.html (+1ms) 
23:44:38   ├─ /vocabulary/7738/index.html (+1ms) 
23:44:38   ├─ /vocabulary/7739/index.html (+1ms) 
23:44:38   ├─ /vocabulary/7740/index.html (+1ms) 
23:44:38   ├─ /vocabulary/7741/index.html (+1ms) 
23:44:38   ├─ /vocabulary/7742/index.html (+1ms) 
23:44:38   ├─ /vocabulary/7743/index.html (+1ms) 
23:44:38   ├─ /vocabulary/7744/index.html (+1ms) 
23:44:38   ├─ /vocabulary/7745/index.html (+1ms) 
23:44:38   ├─ /vocabulary/7746/index.html (+1ms) 
23:44:38   ├─ /vocabulary/7747/index.html (+1ms) 
23:44:38   ├─ /vocabulary/7748/index.html (+1ms) 
23:44:38   ├─ /vocabulary/7749/index.html (+1ms) 
23:44:38   ├─ /vocabulary/7750/index.html (+1ms) 
23:44:38   ├─ /vocabulary/7751/index.html (+1ms) 
23:44:38   ├─ /vocabulary/7752/index.html (+1ms) 
23:44:38   ├─ /vocabulary/7753/index.html (+1ms) 
23:44:38   ├─ /vocabulary/7754/index.html (+1ms) 
23:44:38   ├─ /vocabulary/7755/index.html (+1ms) 
23:44:38   ├─ /vocabulary/7756/index.html (+1ms) 
23:44:38   ├─ /vocabulary/7757/index.html (+1ms) 
23:44:38   ├─ /vocabulary/7758/index.html (+1ms) 
23:44:38   ├─ /vocabulary/7759/index.html (+1ms) 
23:44:38   ├─ /vocabulary/7760/index.html (+1ms) 
23:44:38   ├─ /vocabulary/7761/index.html (+1ms) 
23:44:38   ├─ /vocabulary/7762/index.html (+1ms) 
23:44:38   ├─ /vocabulary/7763/index.html (+1ms) 
23:44:38   ├─ /vocabulary/7764/index.html (+1ms) 
23:44:38   ├─ /vocabulary/7765/index.html (+1ms) 
23:44:38   ├─ /vocabulary/7766/index.html (+1ms) 
23:44:38   ├─ /vocabulary/7767/index.html (+1ms) 
23:44:38   ├─ /vocabulary/7768/index.html (+1ms) 
23:44:38   ├─ /vocabulary/7769/index.html (+1ms) 
23:44:38   ├─ /vocabulary/7770/index.html (+1ms) 
23:44:38   ├─ /vocabulary/7771/index.html (+1ms) 
23:44:38   ├─ /vocabulary/7772/index.html (+1ms) 
23:44:38   ├─ /vocabulary/7773/index.html (+1ms) 
23:44:38   ├─ /vocabulary/7774/index.html (+1ms) 
23:44:38   ├─ /vocabulary/7775/index.html (+1ms) 
23:44:38   ├─ /vocabulary/7776/index.html (+1ms) 
23:44:38   ├─ /vocabulary/7777/index.html (+1ms) 
23:44:38   ├─ /vocabulary/7778/index.html (+1ms) 
23:44:38   ├─ /vocabulary/7779/index.html (+1ms) 
23:44:38   ├─ /vocabulary/7780/index.html (+1ms) 
23:44:38   ├─ /vocabulary/7781/index.html (+1ms) 
23:44:38   ├─ /vocabulary/7782/index.html (+1ms) 
23:44:38   ├─ /vocabulary/7783/index.html (+1ms) 
23:44:38   ├─ /vocabulary/7784/index.html (+1ms) 
23:44:38   ├─ /vocabulary/7785/index.html (+1ms) 
23:44:38   ├─ /vocabulary/7786/index.html (+3ms) 
23:44:38   ├─ /vocabulary/7787/index.html (+1ms) 
23:44:38   ├─ /vocabulary/7788/index.html (+1ms) 
23:44:38   ├─ /vocabulary/7789/index.html (+1ms) 
23:44:38   ├─ /vocabulary/7790/index.html (+1ms) 
23:44:38   ├─ /vocabulary/7791/index.html (+1ms) 
23:44:38   ├─ /vocabulary/7792/index.html (+1ms) 
23:44:38   ├─ /vocabulary/7793/index.html (+1ms) 
23:44:38   ├─ /vocabulary/7794/index.html (+1ms) 
23:44:38   ├─ /vocabulary/7795/index.html (+1ms) 
23:44:38   ├─ /vocabulary/7796/index.html (+1ms) 
23:44:38   ├─ /vocabulary/7797/index.html (+1ms) 
23:44:38   ├─ /vocabulary/7798/index.html (+1ms) 
23:44:38   ├─ /vocabulary/7799/index.html (+1ms) 
23:44:38   ├─ /vocabulary/7800/index.html (+1ms) 
23:44:38   ├─ /vocabulary/7801/index.html (+1ms) 
23:44:38   ├─ /vocabulary/7802/index.html (+1ms) 
23:44:38   ├─ /vocabulary/7803/index.html (+1ms) 
23:44:38   ├─ /vocabulary/7804/index.html (+1ms) 
23:44:38   ├─ /vocabulary/7805/index.html (+1ms) 
23:44:38   ├─ /vocabulary/7806/index.html (+1ms) 
23:44:38   ├─ /vocabulary/7807/index.html (+1ms) 
23:44:38   ├─ /vocabulary/7808/index.html (+1ms) 
23:44:38   ├─ /vocabulary/7809/index.html (+1ms) 
23:44:38   ├─ /vocabulary/7810/index.html (+1ms) 
23:44:38   ├─ /vocabulary/7811/index.html (+1ms) 
23:44:38   ├─ /vocabulary/7812/index.html (+1ms) 
23:44:38   ├─ /vocabulary/7813/index.html (+1ms) 
23:44:38   ├─ /vocabulary/7814/index.html (+1ms) 
23:44:38   ├─ /vocabulary/7815/index.html (+1ms) 
23:44:38   ├─ /vocabulary/7816/index.html (+1ms) 
23:44:38   ├─ /vocabulary/7817/index.html (+1ms) 
23:44:38   ├─ /vocabulary/7818/index.html (+1ms) 
23:44:38   ├─ /vocabulary/7819/index.html (+1ms) 
23:44:38   ├─ /vocabulary/7820/index.html (+1ms) 
23:44:38   ├─ /vocabulary/7821/index.html (+1ms) 
23:44:38   ├─ /vocabulary/7822/index.html (+1ms) 
23:44:38   ├─ /vocabulary/7823/index.html (+1ms) 
23:44:38   ├─ /vocabulary/7824/index.html (+1ms) 
23:44:38   ├─ /vocabulary/7825/index.html (+1ms) 
23:44:38   ├─ /vocabulary/7826/index.html (+1ms) 
23:44:38   ├─ /vocabulary/7827/index.html (+1ms) 
23:44:38   ├─ /vocabulary/7828/index.html (+1ms) 
23:44:38   ├─ /vocabulary/7829/index.html (+1ms) 
23:44:38   ├─ /vocabulary/7830/index.html (+1ms) 
23:44:38   ├─ /vocabulary/7831/index.html (+2ms) 
23:44:38   ├─ /vocabulary/7832/index.html (+1ms) 
23:44:38   ├─ /vocabulary/7833/index.html (+1ms) 
23:44:38   ├─ /vocabulary/7834/index.html (+1ms) 
23:44:38   ├─ /vocabulary/7835/index.html (+1ms) 
23:44:38   ├─ /vocabulary/7836/index.html (+1ms) 
23:44:38   ├─ /vocabulary/7837/index.html (+1ms) 
23:44:38   ├─ /vocabulary/7838/index.html (+2ms) 
23:44:38   ├─ /vocabulary/7839/index.html (+2ms) 
23:44:38   ├─ /vocabulary/7840/index.html (+2ms) 
23:44:38   ├─ /vocabulary/7841/index.html (+1ms) 
23:44:38   ├─ /vocabulary/7842/index.html (+1ms) 
23:44:38   ├─ /vocabulary/7843/index.html (+3ms) 
23:44:38   ├─ /vocabulary/7844/index.html (+4ms) 
23:44:38   ├─ /vocabulary/7845/index.html (+1ms) 
23:44:38   ├─ /vocabulary/7846/index.html (+2ms) 
23:44:38   ├─ /vocabulary/7847/index.html (+5ms) 
23:44:38   ├─ /vocabulary/7848/index.html (+3ms) 
23:44:38   ├─ /vocabulary/7849/index.html (+2ms) 
23:44:38   ├─ /vocabulary/7850/index.html (+1ms) 
23:44:38   ├─ /vocabulary/7851/index.html (+1ms) 
23:44:38   ├─ /vocabulary/7852/index.html (+1ms) 
23:44:38   ├─ /vocabulary/7853/index.html (+1ms) 
23:44:38   ├─ /vocabulary/7854/index.html (+1ms) 
23:44:38   ├─ /vocabulary/7855/index.html (+1ms) 
23:44:38   ├─ /vocabulary/7856/index.html (+1ms) 
23:44:38   ├─ /vocabulary/7857/index.html (+1ms) 
23:44:38   ├─ /vocabulary/7858/index.html (+1ms) 
23:44:38   ├─ /vocabulary/7859/index.html (+1ms) 
23:44:38   ├─ /vocabulary/7860/index.html (+1ms) 
23:44:38   ├─ /vocabulary/7861/index.html (+1ms) 
23:44:38   ├─ /vocabulary/7862/index.html (+1ms) 
23:44:38   ├─ /vocabulary/7863/index.html (+1ms) 
23:44:38   ├─ /vocabulary/7864/index.html (+1ms) 
23:44:38   ├─ /vocabulary/7865/index.html (+1ms) 
23:44:38   ├─ /vocabulary/7866/index.html (+1ms) 
23:44:38   ├─ /vocabulary/7867/index.html (+1ms) 
23:44:38   ├─ /vocabulary/7868/index.html (+1ms) 
23:44:38   ├─ /vocabulary/7869/index.html (+1ms) 
23:44:38   ├─ /vocabulary/7870/index.html (+1ms) 
23:44:38   ├─ /vocabulary/7871/index.html (+1ms) 
23:44:38   ├─ /vocabulary/7872/index.html (+1ms) 
23:44:38   ├─ /vocabulary/7873/index.html (+1ms) 
23:44:38   ├─ /vocabulary/7874/index.html (+1ms) 
23:44:38   ├─ /vocabulary/7875/index.html (+1ms) 
23:44:38   ├─ /vocabulary/7876/index.html (+1ms) 
23:44:38   ├─ /vocabulary/7877/index.html (+1ms) 
23:44:38   ├─ /vocabulary/7878/index.html (+3ms) 
23:44:38   ├─ /vocabulary/7879/index.html (+7ms) 
23:44:38   ├─ /vocabulary/7880/index.html (+1ms) 
23:44:38   ├─ /vocabulary/7881/index.html (+1ms) 
23:44:38   ├─ /vocabulary/7882/index.html (+1ms) 
23:44:38   ├─ /vocabulary/7883/index.html (+5ms) 
23:44:38   ├─ /vocabulary/7884/index.html (+1ms) 
23:44:38   ├─ /vocabulary/7885/index.html (+2ms) 
23:44:38   ├─ /vocabulary/7886/index.html (+2ms) 
23:44:38   ├─ /vocabulary/7887/index.html (+14ms) 
23:44:38   ├─ /vocabulary/7888/index.html (+1ms) 
23:44:38   ├─ /vocabulary/7889/index.html (+1ms) 
23:44:38   ├─ /vocabulary/7890/index.html (+1ms) 
23:44:38   ├─ /vocabulary/7891/index.html (+1ms) 
23:44:38   ├─ /vocabulary/7892/index.html (+1ms) 
23:44:38   ├─ /vocabulary/7893/index.html (+1ms) 
23:44:38   ├─ /vocabulary/7894/index.html (+1ms) 
23:44:38   ├─ /vocabulary/7895/index.html (+1ms) 
23:44:38   ├─ /vocabulary/7896/index.html (+1ms) 
23:44:38   ├─ /vocabulary/7897/index.html (+1ms) 
23:44:38   ├─ /vocabulary/7898/index.html (+1ms) 
23:44:38   ├─ /vocabulary/7899/index.html (+1ms) 
23:44:38   ├─ /vocabulary/7900/index.html (+1ms) 
23:44:38   ├─ /vocabulary/7901/index.html (+1ms) 
23:44:38   ├─ /vocabulary/7902/index.html (+1ms) 
23:44:38   ├─ /vocabulary/7903/index.html (+3ms) 
23:44:38   ├─ /vocabulary/7904/index.html (+1ms) 
23:44:38   ├─ /vocabulary/7905/index.html (+2ms) 
23:44:38   ├─ /vocabulary/7906/index.html (+2ms) 
23:44:38   ├─ /vocabulary/7907/index.html (+2ms) 
23:44:38   ├─ /vocabulary/7908/index.html (+1ms) 
23:44:38   ├─ /vocabulary/7909/index.html (+1ms) 
23:44:38   ├─ /vocabulary/7910/index.html (+1ms) 
23:44:38   ├─ /vocabulary/7911/index.html (+1ms) 
23:44:38   ├─ /vocabulary/7912/index.html (+1ms) 
23:44:38   ├─ /vocabulary/7913/index.html (+1ms) 
23:44:38   ├─ /vocabulary/7914/index.html (+2ms) 
23:44:38   ├─ /vocabulary/7915/index.html (+1ms) 
23:44:38   ├─ /vocabulary/7916/index.html (+1ms) 
23:44:38   ├─ /vocabulary/7917/index.html (+1ms) 
23:44:38   ├─ /vocabulary/7918/index.html (+1ms) 
23:44:38   ├─ /vocabulary/7919/index.html (+1ms) 
23:44:38   ├─ /vocabulary/7920/index.html (+1ms) 
23:44:38   ├─ /vocabulary/7921/index.html (+1ms) 
23:44:38   ├─ /vocabulary/7922/index.html (+1ms) 
23:44:38   ├─ /vocabulary/7923/index.html (+1ms) 
23:44:38   ├─ /vocabulary/7924/index.html (+1ms) 
23:44:38   ├─ /vocabulary/7925/index.html (+1ms) 
23:44:38   ├─ /vocabulary/7926/index.html (+1ms) 
23:44:38   ├─ /vocabulary/7927/index.html (+1ms) 
23:44:38   ├─ /vocabulary/7928/index.html (+1ms) 
23:44:38   ├─ /vocabulary/7929/index.html (+1ms) 
23:44:38   ├─ /vocabulary/7930/index.html (+1ms) 
23:44:38   ├─ /vocabulary/7931/index.html (+1ms) 
23:44:38   ├─ /vocabulary/7932/index.html (+1ms) 
23:44:38   ├─ /vocabulary/7933/index.html (+1ms) 
23:44:38   ├─ /vocabulary/7934/index.html (+1ms) 
23:44:38   ├─ /vocabulary/7935/index.html (+1ms) 
23:44:38   ├─ /vocabulary/7936/index.html (+1ms) 
23:44:38   ├─ /vocabulary/7937/index.html (+1ms) 
23:44:38   ├─ /vocabulary/7938/index.html (+1ms) 
23:44:38   ├─ /vocabulary/7939/index.html (+1ms) 
23:44:38   ├─ /vocabulary/7940/index.html (+1ms) 
23:44:38   ├─ /vocabulary/7941/index.html (+1ms) 
23:44:38   ├─ /vocabulary/7942/index.html (+1ms) 
23:44:38   ├─ /vocabulary/7943/index.html (+1ms) 
23:44:38   ├─ /vocabulary/7944/index.html (+1ms) 
23:44:38   ├─ /vocabulary/7945/index.html (+1ms) 
23:44:38   └─ /vocabulary/7946/index.html (+1ms) 
23:44:38 ▶ src/pages/vocabulary/index.astro
23:44:38   └─ /vocabulary/index.html (+1.63s) 
23:44:40 ▶ src/pages/writing-learn.astro
23:44:40   └─ /writing-learn/index.html (+3ms) 
23:44:40 ▶ src/pages/writing/[id].astro
23:44:40   ├─ /writing/writing-synthetic-small-v1/index.html (+2ms) 
23:44:40   ├─ /writing/writing-synthetic-big-v1/index.html (+2ms) 
23:44:40   └─ /writing/english1-2026-writing-a-main/index.html (+12ms) 
23:44:40 ▶ src/pages/writing.astro
23:44:40   └─ /writing/index.html (+8ms) 
23:44:40 ▶ src/pages/xizong/[system]/[block].astro
23:44:40   ├─ /xizong/circulation/b01/index.html (+14ms) 
23:44:40   ├─ /xizong/circulation/b02/index.html (+17ms) 
23:44:40   ├─ /xizong/circulation/b03/index.html (+18ms) 
23:44:40   ├─ /xizong/circulation/b04/index.html (+8ms) 
23:44:40   ├─ /xizong/circulation/b05/index.html (+8ms) 
23:44:40   ├─ /xizong/circulation/b06/index.html (+8ms) 
23:44:40   ├─ /xizong/circulation/b07/index.html (+7ms) 
23:44:40   ├─ /xizong/circulation/b08/index.html (+12ms) 
23:44:40   ├─ /xizong/circulation/b09/index.html (+7ms) 
23:44:40   ├─ /xizong/circulation/b10/index.html (+9ms) 
23:44:40   ├─ /xizong/circulation/b11/index.html (+15ms) 
23:44:40   ├─ /xizong/circulation/b12/index.html (+8ms) 
23:44:40   ├─ /xizong/respiratory/r01/index.html (+7ms) 
23:44:40   ├─ /xizong/respiratory/r02/index.html (+7ms) 
23:44:40   ├─ /xizong/respiratory/r03/index.html (+6ms) 
23:44:40   ├─ /xizong/respiratory/r04/index.html (+6ms) 
23:44:40   ├─ /xizong/respiratory/r05/index.html (+7ms) 
23:44:40   ├─ /xizong/respiratory/r06/index.html (+12ms) 
23:44:40   ├─ /xizong/respiratory/r07/index.html (+6ms) 
23:44:40   ├─ /xizong/respiratory/r08/index.html (+5ms) 
23:44:40   ├─ /xizong/respiratory/r09/index.html (+8ms) 
23:44:40   ├─ /xizong/respiratory/r10/index.html (+6ms) 
23:44:40   ├─ /xizong/respiratory/r11/index.html (+11ms) 
23:44:40   ├─ /xizong/respiratory/r12/index.html (+6ms) 
23:44:40   ├─ /xizong/urinary/b01/index.html (+5ms) 
23:44:40   ├─ /xizong/urinary/b02/index.html (+5ms) 
23:44:40   ├─ /xizong/urinary/b03/index.html (+5ms) 
23:44:40   ├─ /xizong/urinary/b04/index.html (+4ms) 
23:44:40   ├─ /xizong/urinary/b05/index.html (+13ms) 
23:44:40   ├─ /xizong/urinary/b06/index.html (+12ms) 
23:44:40   ├─ /xizong/urinary/b07/index.html (+6ms) 
23:44:40   ├─ /xizong/urinary/b08/index.html (+5ms) 
23:44:40   ├─ /xizong/urinary/b09/index.html (+7ms) 
23:44:40   ├─ /xizong/urinary/b10/index.html (+6ms) 
23:44:40   ├─ /xizong/urinary/b11/index.html (+6ms) 
23:44:40   ├─ /xizong/urinary/b12/index.html (+5ms) 
23:44:40   ├─ /xizong/urinary/b13/index.html (+4ms) 
23:44:40   └─ /xizong/urinary/b14/index.html (+4ms) 
23:44:40 ▶ src/pages/xizong/[system]/index.astro
23:44:40   ├─ /xizong/circulation/index.html (+111ms) 
23:44:40   ├─ /xizong/respiratory/index.html (+54ms) 
23:44:41   └─ /xizong/urinary/index.html (+75ms) 
23:44:41 ▶ src/pages/xizong/index.astro
23:44:41   └─ /xizong/index.html (+3ms) 
23:44:41 ✓ Completed in 11.63s.

23:44:41 [build] 8250 page(s) built in 15.26s
23:44:41 [build] Complete!
